"X","order","family","binomial","adult_mass_g","brain_mass_g","adult_body_length_mm","adult_forearm_length_mm","max_longevity_d","maturity_d","female_maturity_d","female_relative_maturity","male_maturity_d","age_first_reproduction_d","gestation_length_d","teat_number_n","litter_size_n","litters_per_year_n","interbirth_interval_d","neonate_mass_g","weaning_age_d","weaning_mass_g","generation_length_d","relative_age_first_birth","mass_specific_production_rate","dispersal_km","density_n_km2","hibernation_torpor","fossoriality","home_range_km2","social_group_n","dphy_invertebrate","dphy_vertebrate","dphy_plant","det_inv","det_vend","det_vect","det_vfish","det_vunk","det_scav","det_fruit","det_nect","det_seed","det_plantother","det_diet_breadth_n","trophic_level","foraging_stratum","activity_cycle","freshwater","marine","terrestrial_non.volant","terrestrial_volant","upper_elevation_m","lower_elevation_m","altitude_breadth_m","island_dwelling","island_endemicity","disected_by_mountains","glaciation","biogeographical_realm","habitat_breadth_n","foraging_aerial","foraging_arboreal","foraging_ground","foraging_marine","foraging_scansorial","island_mainland","island_marine","island_landbridge","island_endemic","bio_palearctic","bio_afrotropical","bio_antarctic","bio_australasian","bio_indomalayan","bio_nearctic","bio_neotropical","bio_oceanian","iucn_forest","iucn_savanna","iucn_shrubland","iucn_grassland","iucn_wetlands","iucn_rocky","iucn_caves","iucn_desert","iucn_marineneritic","iucn_marineoceanic","iucn_marinedeep","iucn_marineintertidal","iucn_marinecoastal","iucn_artificialterr","iucn_artificialaquatic","iucn_introducedveg","tree_match","gbif_match","iucn_moistforest","iucn_moistsavanna","relative_wing_loading","aspect_ratio","forearm_mm","median_aggregation_size","migration","mixed_species_association_n","cave_roost","cavity_roost","foliage_roost","generalist_roost","min_aridity_index","mean_aridity_index","perc80_aridity_index","pco_1","pco_2","pco_3","pco_4","pco_5","pco_6","pco_7","pco_8","pco_9","pco_10","pco_11","pco_12","pco_13","pco_14","pco_15","pco_16","pco_17"
4467,"Chiroptera","Pteropodidae","Acerodon celebensis",384.84,5.319,201.25,133.5,4947.861,NA,657.867,0.132959879026513,NA,801.61,157.206,NA,0.98,1.32,314.015,NA,145.912,NA,2390.332,0.162011422713775,NA,NA,NA,0,2,NA,NA,0,0,100,0,0,0,0,0,0,100,0,0,0,1,1,"Ar",1,0,0,0,1,1500,0,1500,1,"Occurs only on isolated islands",1,0,"Australasian",2,0,1,0,0,0,0,0,0,1,0,0,0,1,0,0,0,0,1,0,0,1,0,0,0,0,0,0,0,0,0,1,0,0,"Acerodon celebensis","Acerodon celebensis",1,0,NA,NA,133.5000001,NA,NA,NA,0,0,1,0,1.791419476,1.838559274,1.85427254,-61.58378566,-4.753467061,-21.88014523,-40.32929974,2.128921635,-5.088081771,9.042921804,4.966569265,-2.033127405,4.781004413,2.379531603,5.569606162,-19.14283344,-3.170033731,-0.388456359,2.006729481,3.258721392
4468,"Chiroptera","Pteropodidae","Acerodon humilis",352.43,4.669,204.131,140,4464.094,NA,297.597,0.0666645908441892,NA,408.384,144.65,NA,1.019,1.89,251.133,NA,132.285,NA,1689.421,0.0914819446006289,NA,NA,NA,0,2,NA,NA,0,0,100,0,0,0,0,0,0,100,0,0,0,1,1,"Ar",1,0,0,0,1,NA,NA,NA,NA,"Occurs only on isolated islands",NA,NA,"Australasian",1,0,1,0,0,0,0,0,0,1,0,0,0,1,0,0,0,0,1,0,0,0,0,0,0,0,0,0,0,0,0,0,0,0,"Acerodon humilis","Acerodon humilis",1,0,NA,NA,NA,NA,NA,NA,NA,NA,NA,NA,NA,NA,NA,-61.55301854,-4.842823268,-21.94008084,-40.30160133,2.036930545,-5.301664462,9.218620506,4.854118771,-2.255935457,4.829724596,2.52766082,5.794058182,-18.92038819,-3.50498831,-0.438413261,2.032461723,3.086300494
4469,"Chiroptera","Pteropodidae","Acerodon jubatus",1087.04,9.649,288.202,188.04,7320.342,NA,699.123,0.0955041444784957,NA,866.685,166.645,NA,1,1,369.707,NA,146.257,NA,3650,0.118394058638244,NA,NA,NA,0,2,NA,NA,0,0,100,0,0,0,0,0,0,100,0,0,0,1,1,"Ar",1,0,0,0,1,1100,0,1100,1,"Occurs only on isolated islands",0,0,"Indomalayan",1,0,1,0,0,0,0,0,0,1,0,0,0,0,1,0,0,0,1,0,0,0,0,0,0,0,0,0,0,0,0,0,0,0,"Acerodon jubatus","Acerodon jubatus",1,0,NA,NA,188.0400002,NA,NA,NA,0,0,1,0,1.17096824,1.760434399,2.3092767,-61.52524067,-4.946842364,-21.99399696,-40.26373588,1.965527204,-5.437405224,9.348243472,4.759081191,-2.442442338,4.843678996,2.655169925,5.936519982,-18.67709648,-3.716537827,-0.440747904,2.004115385,2.966948273
4470,"Chiroptera","Pteropodidae","Acerodon leucotis",352.07,4.436,200.724,139.95,3576.227,NA,290.314,0.0811788513424903,NA,397.565,143.074,NA,1.035,1.912,247.309,NA,121.6,NA,1460,0.111168837996022,NA,NA,NA,0,2,NA,NA,0,0,100,NA,NA,NA,NA,NA,NA,NA,NA,NA,NA,1,1,"Ar",1,0,0,0,1,NA,0,NA,1,"Occurs only on isolated islands",1,0,"Indomalayan",1,0,1,0,0,0,0,0,0,1,0,0,0,0,1,0,0,0,1,0,0,1,0,0,0,0,0,0,0,0,0,1,0,0,"Acerodon leucotis","Acerodon leucotis",1,0,NA,NA,NA,NA,NA,NA,NA,NA,NA,NA,1.162162197,1.288297746,1.47750107,-61.15527661,-5.217654757,-22.19601547,-40.23889396,1.776210773,-6.200759215,10.21887913,4.693655013,-3.151782865,5.19086445,2.80874595,6.513361919,-18.25588008,-4.952397284,-0.578508681,2.179613877,2.432893564
6650,"Chiroptera","Pteropodidae","Acerodon mackloti",467.93,5.231,210.389,145.5,4716.723,NA,398.571,0.0845016762697322,NA,516.639,151.431,NA,0.98,1.754,257.6,NA,135.821,NA,1825,0.10953346210918,NA,NA,NA,0,2,NA,NA,0,0,100,0,0,0,0,0,0,100,0,0,0,1,1,"Ar",1,0,0,0,1,450,0,450,1,"Occurs only on isolated islands",0,0,"Australasian",2,0,1,0,0,0,0,0,0,1,0,0,0,1,0,0,0,0,1,0,0,1,0,0,0,0,0,0,0,0,0,1,0,0,"Acerodon mackloti","Acerodon mackloti",1,0,NA,NA,145.5,NA,NA,NA,NA,NA,NA,NA,NA,NA,NA,-61.37071638,-5.034761098,-22.0615389,-40.25839203,1.911104331,-5.738457732,9.72973256,4.779123383,-2.734687927,5.017056072,2.708497677,6.209250877,-18.50788931,-4.365894268,-0.518791322,2.11872702,2.695961002
4382,"Chiroptera","Pteropodidae","Aethalops aequalis",13.9,0.993,73,44,6022.714,NA,676.798,0.112374255194585,NA,802.593,152.2,NA,0.995,1.149,365,NA,91.739,NA,2379.162,0.133261018205414,NA,NA,NA,0,2,NA,NA,0,0,100,NA,NA,NA,NA,NA,NA,NA,NA,NA,NA,1,1,"Ar",1,0,0,0,1,NA,550,NA,1,"Occurs on large land bridge islands",0,0,"Indomalayan",2,0,1,0,0,0,0,0,1,0,0,0,0,0,1,0,0,0,1,0,0,0,0,0,1,0,0,0,0,0,0,0,0,0,"Aethalops aequalis","Aethalops aequalis",1,0,NA,NA,NA,NA,NA,NA,NA,NA,NA,NA,NA,NA,NA,-73.86475964,7.168003497,0.357700505,-7.916938207,3.679204277,13.7382377,-14.94826047,-3.277145643,3.844160963,-5.35093541,5.249521884,1.429997694,8.916703242,-18.23326736,-0.698274901,2.041058519,4.566548296
4383,"Chiroptera","Pteropodidae","Aethalops alecto",15,0.718,73,46.49,4041.974,NA,544.183,0.134632978836578,NA,676.813,132.91,NA,0.99,1.59,274.531,NA,72.03,NA,1940.425,0.167446153785254,NA,NA,NA,0,2,NA,NA,0,0,100,0,0,0,0,0,0,70,30,0,0,2,1,"Ar",1,0,0,0,1,2700,1000,1700,1,"Occurs on mainland",1,0,"Indomalayan",1,0,1,0,0,0,1,0,0,0,0,0,0,0,1,0,0,0,1,0,0,0,0,0,0,0,0,0,0,0,0,0,0,0,"Aethalops alecto","Aethalops alecto",1,0,NA,NA,47.25000002,NA,NA,NA,NA,NA,NA,NA,1.959899354,2.656260082,2.95802583,-73.91735352,7.254518457,0.782677983,-7.119589069,3.589507204,13.88324984,-15.22536837,-3.563275748,3.655818616,-5.286092971,5.49650395,1.639978483,8.306677584,-18.0855393,-0.674866915,2.072228052,4.918981686
4384,"Chiroptera","Pteropodidae","Alionycteris paucidentata",16.24,0.664,63.9,44.61,3377.352,NA,350.442,0.103762355833801,NA,479.909,129.062,NA,0.996,1.768,248.202,NA,65.086,NA,1570.286,0.142096233972651,NA,NA,NA,0,2,NA,NA,0,0,100,0,0,0,0,0,0,100,0,0,0,1,1,"Ar",1,0,0,0,1,2250,1500,750,1,"Occurs only on isolated islands",0,0,"Indomalayan",1,0,1,0,0,0,0,0,0,1,0,0,0,0,1,0,0,0,1,0,0,0,0,0,0,0,0,0,0,0,0,0,0,0,"Alionycteris paucidentata","Alionycteris paucidentata",1,0,NA,NA,44.60999998,NA,NA,NA,NA,NA,NA,NA,NA,NA,NA,-74.20135554,7.781530191,3.640730026,-1.60225109,2.840822791,14.19671799,-16.43218418,-5.544895918,2.093367422,-4.849387176,7.519590763,3.449665297,4.580129917,-15.81810641,-0.535567491,2.146790192,7.289816068
5020,"Chiroptera","Phyllostomidae","Ametrida centurio",11.305,0.29,55,29,6025.173,NA,343.884,0.0570745437516898,NA,475.773,111.907,NA,1,1.91,244.586,NA,38.145,NA,2037.805,0.0789642056750902,NA,NA,NA,0,2,NA,NA,0,0,100,0,0,0,0,0,0,100,0,0,0,1,1,"Ar",1,0,0,0,1,2100,NA,NA,0,"Occurs on mainland",1,0,"Neotropical",1,0,1,0,0,0,1,0,0,0,0,0,0,0,0,0,1,0,1,0,0,0,0,0,0,0,0,0,0,0,0,0,0,0,"Ametrida centurio","Ametrida centurio",1,0,NA,NA,29.00000001,NA,NA,NA,0,0,1,0,0.735529506,1.360932403,1.602042801,21.58063189,-50.25359517,-10.98034163,12.00242866,-10.58604601,12.40934431,-4.445361685,15.96995432,-1.272409563,10.7838605,-1.923872971,7.769740758,6.346221208,5.017954388,-4.110226269,5.204762772,4.823641729
4873,"Chiroptera","Furipteridae","Amorphochilus schnablii",4.15,0.215,50.968,35.99,5996.844,NA,505.731,0.0843328590838781,NA,617.192,119.667,NA,0.995,1,362.626,0.06,67.502,NA,2190,0.102919468974014,0.0143855421686747,NA,NA,0,2,NA,NA,100,0,0,100,0,0,0,0,0,0,0,0,0,1,3,"A",1,0,0,0,1,2000,50,1950,0,"Occurs on mainland",1,0,"Neotropical",1,1,0,0,0,0,1,0,0,0,0,0,0,0,0,0,1,0,1,0,0,1,0,0,0,0,0,0,0,0,0,1,0,0,"Amorphochilus schnablii","Amorphochilus schnablii",1,0,NA,NA,NA,NA,NA,NA,NA,NA,NA,NA,NA,NA,NA,-6.952724331,-33.90466676,-25.59616039,-13.33099953,-16.13686257,-27.06481131,11.66569158,-19.02531535,-13.02546115,-3.757911662,4.170818532,-0.06033939,20.56204902,17.64321739,0.855058662,-2.407715303,11.95791379
4914,"Chiroptera","Phyllostomidae","Anoura aequatoris",11.155,0.422,57.16,36.25,4819.391,NA,379.177,0.078677368157097,NA,493.636,107.97,NA,0.995,1.729,243.64,2.14,54.401,NA,2019.922,0.102427049392755,0.330036727924698,NA,NA,0,2,NA,NA,30,0,70,30,0,0,0,0,0,30,40,0,0,3,2,"Ar",1,0,0,0,1,2880,200,2680,NA,NA,NA,NA,NA,1,0,1,0,0,0,NA,NA,NA,NA,0,0,0,0,0,0,0,0,1,0,0,0,0,0,0,0,0,0,0,0,0,0,0,0,"Anoura caudifer","Anoura aequatoris",1,0,NA,NA,NA,NA,NA,NA,NA,NA,NA,NA,1.356056989,1.979771314,2.103939255,18.52482772,-47.4994014,-19.79902603,9.775865446,-23.81740687,-13.8551905,-7.794426091,-13.37120427,6.796104123,-9.032160748,0.658984469,-7.124867273,-5.198544276,-3.716011411,1.152204047,-0.99918544,-1.262727567
4915,"Chiroptera","Phyllostomidae","Anoura cadenai",11.155,0.422,57.16,36.25,4707.583,NA,427.843,0.090883793233173,NA,532.35,107.97,NA,0.995,1.666,249.319,2.14,56.531,NA,2040.048,0.11308350803374,0.318011098162259,NA,NA,0,2,NA,NA,30,0,70,30,0,0,0,0,0,30,40,0,0,3,2,"Ar",1,0,0,0,1,1600,800,800,NA,NA,NA,NA,"Neotropical",1,0,1,0,0,0,NA,NA,NA,NA,0,0,0,0,0,0,1,0,1,0,0,0,0,0,0,0,0,0,0,0,0,0,0,0,"Anoura caudifer","Anoura cadenai",1,0,NA,NA,NA,NA,NA,NA,NA,NA,NA,NA,1.416969311,3.033730715,3.703137151,18.52482772,-47.4994014,-19.79902603,9.775865446,-23.81740687,-13.8551905,-7.794426091,-13.37120427,6.796104123,-9.032160748,0.658984469,-7.124867273,-5.198544276,-3.716011411,1.152204047,-0.99918544,-1.262727567
6666,"Chiroptera","Phyllostomidae","Anoura carishina",15.2,0.583,73,42.66,3650,NA,500.387,0.137092328767123,NA,630.647,121.76,NA,1,1,365,5.1,62.5,8.24,1963.008,0.17278,0.335526315789474,NA,NA,0,2,NA,NA,30,0,70,30,0,0,0,0,0,30,40,0,0,3,3,"Ar",1,0,0,0,1,3600,400,3200,NA,NA,NA,NA,NA,3,0,1,0,0,0,NA,NA,NA,NA,0,0,0,0,0,0,0,0,0,0,0,0,0,0,0,0,0,0,0,0,0,0,0,0,"Anoura geoffroyi","Anoura latidens",0,0,NA,NA,NA,NA,NA,NA,NA,NA,NA,NA,0.557256252,1.322121302,1.718373768,18.58339024,-47.63761244,-19.74084772,9.950546576,-23.75920058,-13.3590196,-8.050215243,-12.89744709,7.073847067,-8.878198443,0.419201309,-7.232630361,-5.522708377,-3.795772177,1.16841102,-1.258732487,-1.607562479
4916,"Chiroptera","Phyllostomidae","Anoura caudifer",11.155,0.422,57.16,36.25,4707.583,NA,427.843,0.090883793233173,NA,532.35,107.97,NA,0.995,1.666,249.319,2.14,56.531,NA,2040.048,0.11308350803374,0.318011098162259,NA,NA,0,2,NA,NA,30,0,70,30,0,0,0,0,0,30,40,0,0,3,2,"Ar",1,0,0,0,1,2880,200,2680,0,"Occurs on mainland",1,0,"Neotropical",1,0,1,0,0,0,1,0,0,0,0,0,0,0,0,0,1,0,1,0,0,0,0,0,0,0,0,0,0,0,0,0,0,0,"Anoura caudifer","Anoura caudifer",1,0,NA,NA,37.10000003,10,NA,11,0,0,0,1,0.393868433,1.612598178,1.912825601,18.52482772,-47.4994014,-19.79902603,9.775865446,-23.81740687,-13.8551905,-7.794426091,-13.37120427,6.796104123,-9.032160748,0.658984469,-7.124867273,-5.198544276,-3.716011411,1.152204047,-0.99918544,-1.262727567
4917,"Chiroptera","Phyllostomidae","Anoura cultrata",17.39,0.556,78,42.8,4680.145,NA,346.051,0.0739402304843119,NA,457.491,116.695,NA,1.22,1.749,243.755,3.65,56.366,NA,1967.697,0.0977514585552371,0.447860667050029,NA,NA,0,2,NA,NA,30,0,70,30,0,0,0,0,0,30,40,0,0,3,1,"Ar",1,0,0,0,1,2600,50,2550,0,"Occurs on mainland",1,0,"Neotropical",2,0,1,0,0,0,1,0,0,0,0,0,0,0,0,0,1,0,1,0,0,0,0,0,1,0,0,0,0,0,0,0,0,0,"Anoura cultrata","Anoura cultrata",1,0,NA,6.500000005,42.8,10.5,NA,6.000000002,0,0,0,1,0.729176464,1.617396592,1.88822758,18.48713586,-47.385081,-19.82485603,9.674817218,-23.86913097,-14.13646189,-7.657087112,-13.62835293,6.608615108,-9.116575619,0.814082054,-7.070380972,-4.930708971,-3.550618354,1.191487333,-0.848869798,-0.912869593
4918,"Chiroptera","Phyllostomidae","Anoura fistulata",13,0.526,69.145,NA,4698.056,NA,457.926,0.0974713796514984,NA,576.903,118.657,NA,1.006,1.598,250.095,NA,63.064,NA,2099.405,0.122796109710059,NA,NA,NA,0,2,NA,NA,10,0,90,NA,NA,NA,NA,NA,NA,NA,NA,NA,NA,1,1,"Ar",1,0,0,0,1,2510,1175,1335,NA,"Occurs on mainland",NA,NA,"Neotropical",1,0,1,0,0,0,1,0,0,0,0,0,0,0,0,0,1,0,1,0,0,0,0,0,0,0,0,0,0,0,0,0,0,0,"Anoura fistulata","Anoura fistulata",1,0,NA,NA,NA,NA,NA,NA,NA,NA,NA,NA,1.74534421,2.105774565,2.15555398,18.55471311,-47.58084171,-19.77617752,9.85621822,-23.79265639,-13.61596157,-7.908803177,-13.11786512,6.901641521,-8.930417662,0.556876686,-7.146634283,-5.340953783,-3.773177665,1.165782482,-1.146401567,-1.442536421
4919,"Chiroptera","Phyllostomidae","Anoura geoffroyi",15.2,0.583,73,42.66,3650,NA,500.387,0.137092328767123,NA,630.647,121.76,NA,1,1,365,5.1,62.5,8.24,1963.008,0.17278,0.335526315789474,NA,NA,0,2,NA,NA,30,0,70,30,0,0,0,0,0,30,40,0,0,3,3,"Ar",1,0,0,0,1,3600,400,3200,0,"Occurs on mainland",1,0,"Neotropical",3,0,1,0,0,0,1,0,0,0,0,0,0,0,0,0,1,0,1,0,0,1,0,0,1,0,0,0,0,0,0,1,0,0,"Anoura geoffroyi","Anoura geoffroyi",1,0,51.74125703,7.199999993,42.65999999,11.49999999,0,22,0,0,0,1,0.241667209,1.309447821,1.73727223,18.58339024,-47.63761244,-19.74084772,9.950546576,-23.75920058,-13.3590196,-8.050215243,-12.89744709,7.073847067,-8.878198443,0.419201309,-7.232630361,-5.522708377,-3.795772177,1.16841102,-1.258732487,-1.607562479
4921,"Chiroptera","Phyllostomidae","Anoura latidens",15.06,0.53,73.213,43,4553.727,NA,330.689,0.0726194170181919,NA,436.309,113.882,NA,1.022,1.789,239.215,NA,53.098,NA,1873.835,0.0958136049877386,NA,NA,NA,0,2,NA,NA,30,0,70,30,0,0,0,0,0,30,40,0,0,3,2,"Ar",1,0,0,0,1,2100,50,2050,0,"Occurs on mainland",1,0,"Neotropical",3,0,1,0,0,0,1,0,0,0,0,0,0,0,0,0,1,0,1,0,0,1,0,0,1,0,0,0,0,0,0,1,0,0,"Anoura latidens","Anoura latidens",1,0,NA,6.500000005,43.00000004,NA,NA,NA,0,0,0,1,0.557256252,1.322121302,1.718373768,18.61842445,-47.66949089,-19.69318685,10.06947939,-23.74786383,-13.16385278,-8.145464183,-12.72262638,7.142206999,-8.804512776,0.375076378,-7.186067358,-5.51892135,-3.959463302,1.134668027,-1.362900372,-1.763977737
4922,"Chiroptera","Phyllostomidae","Anoura luismanueli",8.5,0.422,61.493,NA,4739.27,NA,396.162,0.0835913547867077,NA,503.669,113.934,NA,1.013,1.679,246.28,NA,56.812,NA,2025.655,0.10627565004737,NA,NA,NA,0,2,NA,NA,20,0,80,NA,NA,NA,NA,NA,NA,NA,NA,NA,NA,3,2,"Ar",1,0,0,0,1,2400,1100,1300,NA,"Occurs on mainland",NA,NA,"Neotropical",2,0,1,0,0,0,1,0,0,0,0,0,0,0,0,0,1,0,1,0,0,0,0,0,1,0,0,0,0,0,0,0,0,0,"Anoura luismanueli","Anoura luismanueli",1,0,NA,NA,NA,NA,NA,NA,NA,NA,NA,NA,1.382355596,1.725014485,1.853120602,18.47698758,-47.33439532,-19.81092648,9.644311259,-23.85177042,-14.21684388,-7.618099248,-13.72348552,6.565954514,-9.163517028,0.854828378,-7.081681091,-4.836251089,-3.458408248,1.206856136,-0.761415361,-0.764692274
4923,"Chiroptera","Phyllostomidae","Anoura peruana",15.2,0.583,73,42.66,3650,NA,534.063,0.146318630136986,NA,674.616,121.76,NA,1,1,365,5.1,62.5,8.24,2024.586,0.184826301369863,0.335526315789474,NA,NA,0,2,NA,NA,30,0,70,30,0,0,0,0,0,30,40,0,0,3,3,"Ar",1,0,0,0,1,3600,400,3200,NA,NA,NA,NA,NA,4,0,1,0,0,0,NA,NA,NA,NA,0,0,0,0,0,0,0,0,1,0,1,1,0,0,1,0,0,0,0,0,0,1,0,0,"Anoura geoffroyi","Anoura peruana",1,0,NA,NA,NA,NA,NA,NA,NA,NA,NA,NA,0.788692592,1.535266288,1.697971121,18.58339024,-47.63761244,-19.74084772,9.950546576,-23.75920058,-13.3590196,-8.050215243,-12.89744709,7.073847067,-8.878198443,0.419201309,-7.232630361,-5.522708377,-3.795772177,1.16841102,-1.258732487,-1.607562479
4580,"Chiroptera","Hipposideridae","Anthops ornatus",17.94,0.496,70.605,49.5,4983.004,NA,606.453,0.121704297247203,NA,737.419,108.466,NA,1.045,1.014,363.624,NA,73.655,NA,2265.105,0.14798683685584,NA,NA,NA,0,2,NA,NA,100,0,0,100,0,0,0,0,0,0,0,0,0,1,3,"A",1,0,0,0,1,200,0,200,1,"Occurs only on isolated islands",0,0,"Australasian",1,1,0,0,0,0,0,0,0,1,0,0,0,1,0,0,0,0,1,0,0,1,0,0,1,0,0,0,0,0,0,1,0,0,"Anthops ornatus","Anthops ornatus",1,0,NA,NA,NA,NA,NA,NA,NA,NA,NA,NA,NA,NA,NA,-74.50100926,8.873375636,10.71691531,12.66090651,0.453089477,11.93383053,-15.9648871,-9.412031767,-1.836328815,-3.917121349,12.27270809,7.764983957,-1.641465158,-1.483676955,-0.165474387,0.845236067,8.535983263
5518,"Chiroptera","Vespertilionidae","Antrozous pallidus",22,0.465,83.251,54.53,5402,365.083,365,0.0675675675675676,365,365,60.505,NA,2,1.661,278.852,3.1,50,13.16,1524.057,0.0675675675675676,0.4681,NA,NA,1,2,NA,NA,80,20,0,80,0,20,0,0,0,0,0,0,0,2,3,"G",1,0,0,0,1,NA,NA,NA,0,"Occurs on mainland",1,0,"Nearctic, Neotropical",3,0,0,1,0,0,1,0,0,0,0,0,0,0,0,1,1,0,1,0,0,0,0,1,1,0,0,0,0,0,0,0,0,0,"Antrozous pallidus","Antrozous pallidus",1,0,31.28252344,6.1,52.00000004,110,1,NA,0,0,0,1,0.027624565,0.269927183,0.346254072,32.09234192,35.74105142,-30.15005886,14.97117147,11.0273678,-3.181367239,-4.63318353,4.710852167,-6.026623954,-12.36191612,-9.382255662,8.253803196,-0.730980002,0.302516139,3.248227648,0.446732508,0.503560031
4415,"Chiroptera","Pteropodidae","Aproteles bulmerae",623.91,5.706,245.47,166.24,5059.042,NA,681.868,0.134782039761678,NA,829.028,154.724,NA,1,1,361.923,NA,142.427,NA,2379.607,0.16387055098574,NA,NA,NA,0,2,NA,NA,0,0,100,NA,NA,NA,NA,NA,NA,NA,NA,NA,NA,1,1,"Ar",1,0,0,0,1,2400,500,1900,NA,"Occurs on large land bridge islands",NA,NA,"Australasian",2,0,1,0,0,0,0,0,1,0,0,0,0,1,0,0,0,0,1,0,0,1,0,0,1,0,0,0,0,0,0,1,0,0,"Aproteles bulmerae","Aproteles bulmerae",1,0,NA,NA,NA,NA,NA,NA,NA,NA,NA,NA,NA,NA,NA,-73.95284942,7.376527361,1.410606991,-5.931160322,3.457976241,14.11929736,-15.6695961,-4.007746607,3.370132446,-5.181809691,5.763116535,1.85773797,7.519244741,-17.97457855,-0.63023405,2.1094919,5.434892048
5021,"Chiroptera","Phyllostomidae","Ardops nichollsi",19.23,0.61,68.744,48.56,6349.657,NA,301.337,0.0474572091059407,NA,417.834,113.7,NA,0.995,2,231.946,2.52,47.39,NA,1915.937,0.0658041843835029,0.260780031201248,NA,NA,0,2,NA,NA,0,0,100,0,0,0,0,0,0,100,0,0,0,1,1,"Ar",1,0,0,0,1,NA,NA,NA,1,"Occurs only on isolated islands",0,0,"Neotropical",2,0,1,0,0,0,0,0,0,1,0,0,0,0,0,0,1,0,1,0,0,1,0,0,0,0,0,0,0,0,0,1,0,0,"Ardops nichollsi","Ardops nichollsi",1,0,NA,NA,50.79999997,NA,NA,NA,0,0,1,0,0.762111451,1.131506392,1.375151304,21.38900747,-50.15220375,-11.60223077,12.21113133,-11.41488485,12.15339862,-4.869048604,15.87958512,-0.535554305,11.21305326,-2.434328366,8.366569742,6.306045092,4.964733896,-4.552306507,6.60805408,4.085709612
6672,"Chiroptera","Vespertilionidae","Arielulus aureocollaris",14.5,0.354,78.215,NA,6530.284,NA,431.745,0.0661142761938072,NA,500.069,80.729,NA,1.42,1.005,364.537,NA,44.293,NA,2056.42,0.0765769145721687,NA,NA,NA,1,2,NA,NA,100,0,0,100,0,0,0,0,0,0,0,0,0,1,3,"A",1,0,0,0,1,2000,NA,NA,NA,"Occurs on mainland",NA,NA,"Indomalayan",1,1,0,0,0,0,1,0,0,0,0,0,0,0,1,0,0,0,0,0,0,0,0,0,0,0,0,0,0,0,0,0,0,0,"Arielulus aureocollaris","Thainycteris aureocollaris",0,0,NA,NA,NA,NA,NA,NA,NA,NA,NA,NA,1.002819655,1.216978012,1.388304698,32.71020107,36.74470119,-30.28219225,14.93794741,11.08775558,-2.737875801,-3.99852623,3.974188084,-5.017258164,-8.583958891,-5.205601026,3.824780854,-0.461291278,-0.089275631,-1.155757805,0.906574032,-1.307436527
5534,"Chiroptera","Vespertilionidae","Arielulus circumdatus",10.4,0.23,66.05,40.5,4054.73,NA,350.196,0.0863672796955654,NA,412.016,77.035,NA,1.669,1.034,362.821,NA,39.603,NA,1654.901,0.101613670947264,NA,NA,NA,1,2,NA,NA,100,0,0,100,0,0,0,0,0,0,0,0,0,1,3,"A",1,0,0,0,1,2100,1300,800,0,"Occurs on mainland",0,0,"Indomalayan",1,1,0,0,0,0,1,0,0,0,0,0,0,0,1,0,0,0,1,0,0,0,0,0,0,0,0,0,0,0,0,0,0,0,"Arielulus circumdatus","Arielulus circumdatus",1,0,NA,NA,40.49999998,NA,NA,NA,NA,NA,NA,NA,0.815678597,1.368903489,1.488154919,32.59805079,36.60763349,-30.38902929,15.01518313,11.12880212,-2.848047048,-4.174578499,4.202373127,-5.339332264,-9.552614787,-6.155584162,4.77447644,-0.538155851,-0.003321667,-0.387772801,0.932469001,-1.008868902
5535,"Chiroptera","Vespertilionidae","Arielulus cuprosus",6.91,0.207,62.692,35.49,5919.695,NA,389.157,0.0657393666396664,NA,449.746,69.997,NA,1.482,1.008,364.585,NA,42.2,NA,1977.52,0.0759745223360325,NA,NA,NA,1,2,NA,NA,100,0,0,100,0,0,0,0,0,0,0,0,0,1,3,"A",1,0,0,0,1,1784,0,1784,NA,"Occurs on large land bridge islands",NA,NA,"Indomalayan",1,1,0,0,0,0,0,0,1,0,0,0,0,0,1,0,0,0,1,0,0,0,0,0,0,0,0,0,0,0,0,0,0,0,"Arielulus cuprosus","Arielulus cuprosus",1,0,NA,NA,NA,NA,NA,NA,NA,NA,NA,NA,2.590137527,2.785911395,2.883798328,32.65101078,36.6749337,-30.33223707,14.97330476,11.09048312,-2.795968531,-4.098311552,4.108571378,-5.204304493,-9.136042866,-5.748483702,4.370177002,-0.503190983,-0.041276167,-0.698020904,0.921523973,-1.140618136
5536,"Chiroptera","Vespertilionidae","Arielulus societatis",8.72,0.226,67.403,38.49,5798.23,NA,402.696,0.0694515395215436,NA,475.964,78.522,NA,1.497,1.015,364.36,NA,46.081,NA,1963.862,0.0820878095556748,NA,NA,NA,1,2,NA,NA,100,0,0,100,0,0,0,0,0,0,0,0,0,1,3,"A",1,0,0,0,1,NA,NA,NA,0,"Occurs on mainland",0,0,"Indomalayan",1,1,0,0,0,0,1,0,0,0,0,0,0,0,1,0,0,0,1,0,0,0,0,0,0,0,0,0,0,0,0,0,0,0,"Arielulus societatis","Arielulus societatis",1,0,NA,NA,NA,NA,NA,NA,NA,NA,NA,NA,NA,NA,NA,32.96623783,36.87525142,-30.08303657,14.70830146,11.0411225,-2.439533011,-3.313762838,3.219366881,-3.849222948,-4.632590293,-1.406009028,0.224105164,-0.335553884,-0.333947149,-4.275091514,0.280465207,-1.652651126
6673,"Chiroptera","Vespertilionidae","Arielulus torquatus",6.3,0.176,59.209,NA,3989.026,NA,337.6,0.0846321884088998,NA,406.016,73.56,NA,1.676,1.035,361.901,NA,43.299,NA,1702.635,0.10178324232532,NA,NA,NA,1,2,NA,NA,100,0,0,100,0,0,0,0,0,0,0,0,0,1,3,"A",1,0,0,0,1,NA,NA,NA,NA,"Occurs on large land bridge islands",NA,NA,"Indomalayan",2,1,0,0,0,0,0,0,1,0,0,0,0,0,1,0,0,0,1,0,0,0,1,0,0,0,0,0,0,0,0,0,0,0,"Arielulus torquatus","Thainycteris torquatus",1,0,NA,NA,NA,NA,NA,NA,NA,NA,NA,NA,NA,NA,NA,35.79644908,24.80896906,5.521067654,-5.507484732,-14.0977691,13.15169155,13.90252901,-14.17972656,14.08809842,7.941319574,-4.629518877,8.233101479,1.708866947,0.280550504,12.06433018,2.408957815,-0.135293057
5022,"Chiroptera","Phyllostomidae","Ariteus flavescens",10.09,0.461,63.028,40.5,5765.709,NA,359.493,0.0623501810445168,NA,480.796,113.74,NA,0.993,1.861,243.716,NA,46.616,NA,2027.831,0.0833888772395554,NA,NA,NA,0,2,NA,NA,40,0,60,40,0,0,0,0,0,60,0,0,0,2,2,"Ar",1,0,0,0,1,1500,0,1500,1,"Occurs only on isolated islands",0,0,"Neotropical",2,0,1,0,0,0,0,0,0,1,0,0,0,0,0,0,1,0,1,0,0,1,0,0,0,0,0,0,0,0,0,1,0,0,"Ariteus flavescens","Ariteus flavescens",1,0,NA,NA,40.49999998,NA,NA,NA,0,0,1,0,0.677859749,1.032814404,1.039377504,21.36755896,-50.14350577,-11.69427282,12.24434861,-11.5602434,12.10249828,-4.953565458,15.85614156,-0.40372922,11.27222812,-2.513771243,8.436494455,6.288980778,4.938327434,-4.636136393,6.800201032,3.947415372
5023,"Chiroptera","Phyllostomidae","Artibeus aequatorialis",46.1,0.93,93,60.34,7014.083,333.22,288.37,0.0411130008013877,365.28,440.57,106.54,NA,1,2,219.849,8.9,15,33.79,1920.478,0.0628122022508145,0.386117136659436,NA,NA,0,2,NA,NA,10,0,90,10,0,0,0,0,0,80,10,0,0,1,2,"Ar",1,0,0,0,1,1106,22,1084,NA,NA,NA,NA,"Neotropical",1,0,1,0,0,0,NA,NA,NA,NA,0,0,0,0,0,0,1,0,1,0,0,0,0,0,0,0,0,0,0,0,0,0,0,0,"Artibeus jamaicensis","Artibeus aequatorialis",1,0,NA,NA,NA,NA,NA,NA,NA,NA,NA,NA,0.25527192,0.895793781,1.702067236,21.01507064,-50.19136021,-13.35713265,12.7144585,-14.52042535,10.36566954,-6.651553185,14.40939896,2.039329487,10.782044,-3.620691912,8.281882072,4.266215995,2.912518412,-5.219375944,7.819350478,0.235050271
5024,"Chiroptera","Phyllostomidae","Artibeus amplus",61.04,1.141,92.325,70.5,6011.063,NA,383.434,0.0637880521298812,NA,511.639,117.123,NA,1,1.826,238.248,NA,46.324,NA,2074.716,0.0851162265309813,NA,NA,NA,0,2,NA,NA,10,0,90,10,0,0,0,0,0,80,10,0,0,1,2,"Ar",1,0,0,0,1,2630,25,2605,0,"Occurs on mainland",1,0,"Neotropical",1,0,1,0,0,0,1,0,0,0,0,0,0,0,0,0,1,0,1,0,0,0,0,0,0,0,0,0,0,0,0,0,0,0,"Artibeus amplus","Artibeus amplus",1,0,NA,NA,70.5,NA,NA,NA,NA,NA,NA,NA,0.44957582,1.805584668,2.545315488,21.10831875,-50.15772535,-12.87763461,12.58350701,-13.67905784,10.93442195,-6.175442516,14.97793146,1.308953912,11.08210284,-3.350605268,8.509987585,4.993322389,3.603832364,-5.175764806,7.790120533,1.346762238
5029,"Chiroptera","Phyllostomidae","Artibeus concolor",19.675,0.633,71.683,47.34,5840.654,NA,352.735,0.0603930655710816,NA,481.318,114.131,NA,0.989,1.89,238.343,NA,45.85,NA,2064.512,0.0824082371597427,NA,NA,NA,0,2,NA,NA,10,0,90,10,0,0,0,0,0,80,10,0,0,1,1,"Ar",1,0,0,0,1,1000,NA,NA,0,"Occurs on mainland",0,0,"Neotropical",1,0,1,0,0,0,1,0,0,0,0,0,0,0,0,0,1,0,1,0,0,0,0,0,0,0,0,0,0,0,0,0,0,0,"Artibeus concolor","Artibeus concolor",1,0,35.7805,6.46,48.69999998,NA,NA,NA,NA,NA,NA,NA,0.918242582,1.700029478,2.019956039,20.90763705,-50.23872185,-13.87085603,12.85678535,-15.31147469,9.676853701,-7.078253182,13.55823751,2.825509427,10.2437932,-3.868052519,7.870513302,3.458377616,2.192585075,-5.145526486,7.708066682,-0.832720417
5030,"Chiroptera","Phyllostomidae","Artibeus fimbriatus",63.895,1.149,91.141,NA,5950.901,NA,392.648,0.0659812690548877,NA,518.744,117.544,NA,0.992,1.801,237.943,NA,47.592,NA,2094.158,0.0871706654168839,NA,NA,NA,0,2,NA,NA,10,0,90,10,0,0,0,0,0,80,10,0,0,1,2,"Ar",1,0,0,0,1,NA,NA,NA,0,"Occurs on mainland",1,0,"Neotropical",1,0,1,0,0,0,1,0,0,0,0,0,0,0,0,0,1,0,1,0,0,0,0,0,0,0,0,0,0,0,0,0,0,0,"Artibeus fimbriatus","Artibeus fimbriatus",0,0,33.67631904,NA,NA,NA,NA,NA,NA,NA,NA,NA,0.70841719,1.302624933,1.643448559,21.03574631,-50.19814346,-13.24507827,12.6769873,-14.29561469,10.4813579,-6.523986049,14.52400855,1.860910146,10.84562525,-3.558902244,8.351873953,4.432593863,3.084166891,-5.230939591,7.887137905,0.508955687
5031,"Chiroptera","Phyllostomidae","Artibeus fraterculus",45.65,0.947,93,56,7014.083,326.825,288.37,0.0411130008013877,365.28,394.91,106.54,NA,1,2,219.849,8.9,15,33.79,1876.919,0.0563024418159865,0.389923329682366,NA,NA,0,2,NA,NA,10,0,90,10,0,0,0,0,0,80,10,0,0,1,2,"Ar",1,0,0,0,1,NA,NA,NA,0,"Occurs on mainland",1,0,"Neotropical",2,0,1,0,0,0,1,0,0,0,0,0,0,0,0,0,1,0,1,0,0,1,0,0,0,0,0,0,0,0,0,1,0,0,"Artibeus fraterculus","Artibeus fraterculus",0,0,NA,NA,56,NA,NA,NA,NA,NA,NA,NA,0.003910559,0.64464382,0.866194894,20.98139582,-50.2112033,-13.53138849,12.78010458,-14.74858942,10.18016649,-6.768074438,14.11888665,2.32016494,10.62918266,-3.704396078,8.155933751,4.043740343,2.699215012,-5.193709786,7.861380297,-0.083226364
5034,"Chiroptera","Phyllostomidae","Artibeus hirsutus",40.42,0.804,70,55.88,6227.931,NA,316.646,0.0508428882722047,NA,445.714,112.195,NA,0.98,1.963,229.487,NA,36.594,NA,1948.277,0.0715669457481144,NA,NA,NA,0,2,NA,NA,10,0,90,10,0,0,0,0,0,80,10,0,0,1,2,"Ar",1,0,0,0,1,NA,NA,NA,0,"Occurs on mainland",1,0,"Neotropical",3,0,1,0,0,0,1,0,0,0,0,0,0,0,0,0,1,0,1,0,0,1,0,0,1,0,0,0,0,0,0,1,0,0,"Artibeus hirsutus","Artibeus hirsutus",1,0,NA,NA,55.87999994,NA,NA,NA,0,0,0,1,0.119810971,0.57943705,0.762728718,20.97410643,-50.20497854,-13.58466155,12.78922348,-14.89459041,10.03856466,-6.868573191,13.97585398,2.451797601,10.52539808,-3.737854011,8.05630138,3.907157578,2.572299863,-5.186308008,7.806087351,-0.285397493
5035,"Chiroptera","Phyllostomidae","Artibeus inopinatus",18.99,0.582,72,50.49,6292.211,NA,299.353,0.0475751687284486,NA,423.803,113.103,NA,0.993,1.988,225.879,NA,36.205,NA,1912.468,0.0673535900178808,NA,NA,NA,0,2,NA,NA,10,0,90,10,0,0,0,0,0,80,10,0,0,1,2,"Ar",1,0,0,0,1,1000,NA,NA,0,"Occurs on mainland",1,0,"Neotropical",3,0,1,0,0,0,1,0,0,0,0,0,0,0,0,0,1,0,1,1,0,1,0,0,0,0,0,0,0,0,0,1,0,0,"Artibeus inopinatus","Artibeus inopinatus",0,0,NA,NA,50.49000004,NA,NA,NA,0,0,0,1,0.589784002,0.839758467,0.804194358,20.9516239,-50.21200769,-13.72830619,12.8352245,-15.17700893,9.812418279,-7.041539543,13.70865649,2.719343961,10.34798533,-3.807307482,7.88705682,3.651174752,2.329729176,-5.15413319,7.674288194,-0.61865126
5036,"Chiroptera","Phyllostomidae","Artibeus jamaicensis",46.1,0.93,93,60.34,7014.083,333.22,288.37,0.0411130008013877,365.28,440.57,106.54,NA,1,2,219.849,8.9,15,33.79,1920.478,0.0628122022508145,0.386117136659436,NA,NA,0,2,NA,NA,10,0,90,10,0,0,0,0,0,80,10,0,0,1,2,"Ar",1,0,0,0,1,NA,NA,NA,0,"Occurs on mainland",1,0,"Neotropical",4,0,1,0,0,0,1,0,0,0,0,0,0,0,0,0,1,0,1,0,0,1,0,1,1,0,0,0,0,0,0,1,0,0,"Artibeus jamaicensis","Artibeus jamaicensis",1,0,45.9983375,6.4,60.34000002,1,0,NA,0,0,0,1,0.171016303,1.184676792,1.519199884,21.01507064,-50.19136021,-13.35713265,12.7144585,-14.52042535,10.36566954,-6.651553185,14.40939896,2.039329487,10.782044,-3.620691912,8.281882072,4.266215995,2.912518412,-5.219375944,7.819350478,0.235050271
5037,"Chiroptera","Phyllostomidae","Artibeus lituratus",46.1,1.05,93,70.33,7014.083,326.825,288.37,0.0411130008013877,365.28,394.91,106.54,NA,1,2,219.849,8.9,15,33.79,1878.836,0.0563024418159865,0.386117136659436,NA,NA,0,2,NA,NA,10,0,90,10,0,0,0,0,0,80,10,0,0,1,2,"Ar",1,0,0,0,1,NA,NA,NA,0,"Occurs on mainland",1,0,"Neotropical",2,0,1,0,0,0,1,0,0,0,0,0,0,0,0,0,1,0,1,0,0,1,0,0,0,0,0,0,0,0,0,1,0,0,"Artibeus lituratus","Artibeus lituratus",1,0,45.31317706,6.1,70.32999993,10.5,0,NA,0,0,0,1,0.23621292,1.306910639,1.670885842,21.06242055,-50.15910647,-13.1328493,12.66691208,-14.1558529,10.63023099,-6.463358068,14.66130765,1.750039705,10.92992552,-3.509183766,8.370784522,4.617135331,3.221760067,-5.211847365,7.817688491,0.707875896
5038,"Chiroptera","Phyllostomidae","Artibeus obscurus",45.65,0.994,93,NA,7014.083,326.825,288.37,0.0411130008013877,365.28,394.91,106.54,NA,1,2,219.849,8.9,15,33.79,1879.597,0.0563024418159865,0.389923329682366,NA,NA,0,2,NA,NA,10,0,90,10,0,0,0,0,0,80,10,0,0,1,2,"Ar",1,0,0,0,1,500,NA,NA,0,"Occurs on mainland",1,0,"Neotropical",2,0,1,0,0,0,1,0,0,0,0,0,0,0,0,0,1,0,1,1,0,0,0,0,0,0,0,0,0,0,0,0,0,0,"Artibeus obscurus","Artibeus obscurus",1,1,42.692345,6.449399996,NA,1,NA,0,0,0,0,1,0.596294516,1.771172695,2.357541338,21.06601517,-50.1503152,-13.09301399,12.65477149,-14.06830733,10.71638381,-6.398678852,14.76075107,1.647321978,10.99605021,-3.476305143,8.429756122,4.714629897,3.310034141,-5.196568423,7.778401379,0.861248149
5040,"Chiroptera","Phyllostomidae","Artibeus planirostris",47,0.93,93,60.34,7014.083,333.22,288.37,0.0411130008013877,365.28,440.57,106.54,NA,1,2,219.849,8.9,15,33.79,1920.478,0.0628122022508145,0.378723404255319,NA,NA,0,2,NA,NA,20,0,80,10,0,0,0,0,0,80,10,0,0,1,2,"Ar",1,0,0,0,1,NA,NA,NA,NA,"Occurs on mainland",NA,NA,"Neotropical",2,0,1,0,0,0,1,0,0,0,0,0,0,0,0,0,1,0,1,0,0,1,0,0,0,0,0,0,0,0,0,1,0,0,"Artibeus planirostris","Artibeus planirostris",1,0,40.1758,6.361849999,65.97500002,NA,NA,2,0,0,1,0,0.260558303,1.412708278,1.728442754,21.09152465,-50.1675712,-12.97104001,12.61588521,-13.82663427,10.8420626,-6.261297717,14.87722045,1.455957491,11.04854212,-3.406844736,8.485367658,4.878797028,3.482287316,-5.196314668,7.840090596,1.137981652
5043,"Chiroptera","Phyllostomidae","Artibeus schwartzi",46.1,0.93,93,60.34,7014.083,333.22,288.37,0.0411130008013877,365.28,440.57,106.54,NA,1,2,219.849,8.9,15,33.79,1920.478,0.0628122022508145,0.386117136659436,NA,NA,0,2,NA,NA,10,0,90,10,0,0,0,0,0,80,10,0,0,1,2,"Ar",1,0,0,0,1,120,NA,NA,NA,"Occurs on large land bridge islands",NA,NA,"Neotropical",1,0,1,0,0,0,0,0,1,0,0,0,0,0,0,0,1,0,1,0,0,0,0,0,0,0,0,0,0,0,0,0,0,0,NA,"Artibeus schwartzi",1,0,NA,NA,NA,NA,NA,NA,NA,NA,NA,NA,0.885775888,1.364093994,1.509339569,NA,NA,NA,NA,NA,NA,NA,NA,NA,NA,NA,NA,NA,NA,NA,NA,NA
4581,"Chiroptera","Hipposideridae","Asellia arabica",10,0.24,56,51.33,6218.808,730.5,730.5,0.117466241118877,730.5,796.6,66.1,NA,1,1,365,NA,80.88,NA,2725.936,0.128095287714302,NA,NA,NA,1,2,NA,NA,100,0,0,100,0,0,0,0,0,0,0,0,0,1,3,"A",1,0,0,0,1,NA,0,NA,NA,NA,NA,NA,"Afrotropical",1,1,0,0,0,0,NA,NA,NA,NA,0,1,0,0,0,0,0,0,0,1,0,0,0,0,0,0,0,0,0,0,0,0,0,0,"Asellia arabica","Asellia arabica",0,0,NA,NA,NA,NA,NA,NA,NA,NA,NA,NA,NA,NA,NA,-74.51376512,8.553450638,8.403866676,7.895512397,1.313152348,13.16552033,-16.69554444,-8.280107143,-0.421105191,-4.243569427,10.4224133,5.955598,0.022186017,-7.293692835,-0.177196938,1.392761977,9.735343466
4582,"Chiroptera","Hipposideridae","Asellia italosomalica",10,0.24,56,51.33,6098.019,730.5,730.5,0.11979300162889,730.5,796.6,66.1,NA,1,1,365,NA,80.88,NA,2685.032,0.130632587402565,NA,NA,NA,1,2,NA,NA,100,0,0,100,0,0,0,0,0,0,0,0,0,1,3,"A",1,0,0,0,1,NA,0,NA,NA,NA,NA,NA,"Afrotropical",5,1,0,0,0,0,NA,NA,NA,NA,0,1,0,0,0,0,0,0,0,1,1,1,0,0,1,1,0,0,0,0,0,0,0,0,"Asellia tridens","Asellia italosomalica",0,0,NA,NA,NA,NA,NA,NA,NA,NA,NA,NA,NA,NA,NA,-74.54177574,8.649812438,9.056255525,9.224904895,1.07738513,12.85562667,-16.53058017,-8.588973473,-0.769910965,-4.183145407,10.93146557,6.414552867,-0.471028795,-5.65746993,-0.152392734,1.232977904,9.696899644
4583,"Chiroptera","Hipposideridae","Asellia patrizii",8.72,0.284,65.106,38.49,5143.201,NA,611.59,0.118912327167459,NA,704.932,103.39,NA,1.026,1.016,362.934,NA,65.521,NA,2204.977,0.1370609470639,NA,NA,NA,1,2,NA,NA,100,0,0,100,0,0,0,0,0,0,0,0,0,1,3,"A",1,0,0,0,1,NA,0,NA,0,"Occurs on mainland",1,0,"Afrotropical",3,1,0,0,0,0,1,0,0,0,0,1,0,0,0,0,0,0,0,0,1,1,0,0,1,0,0,0,0,0,0,0,0,0,"Asellia patrizii","Asellia patrizii",0,0,NA,NA,NA,NA,NA,NA,NA,NA,NA,NA,NA,NA,NA,-74.52898799,8.58741418,8.631493815,8.359166718,1.229298121,13.05399214,-16.6377419,-8.407055715,-0.573047904,-4.20940969,10.66429864,6.189233529,-0.258055878,-6.648007478,-0.173567469,1.344486222,9.722683033
4584,"Chiroptera","Hipposideridae","Asellia tridens",10,0.24,56,51.33,6218.808,730.5,730.5,0.117466241118877,730.5,796.6,66.1,NA,1,1,365,NA,80.88,NA,2725.936,0.128095287714302,NA,NA,NA,1,2,NA,NA,100,0,0,100,0,0,0,0,0,0,0,0,0,1,3,"A",1,0,0,0,1,NA,0,NA,0,"Occurs on mainland",1,0,"Afrotropical, Indomalayan, Palearctic",5,1,0,0,0,0,1,0,0,0,1,1,0,0,1,0,0,0,0,1,1,1,0,0,1,1,0,0,0,0,0,0,0,0,"Asellia tridens","Asellia tridens",0,0,38.7149295,6.961702128,51.32999997,300.0000002,NA,NA,0,0,0,1,0.000824606,0.098411502,0.120563384,-74.54177574,8.649812438,9.056255525,9.224904895,1.07738513,12.85562667,-16.53058017,-8.588973473,-0.769910965,-4.183145407,10.93146557,6.414552867,-0.471028795,-5.65746993,-0.152392734,1.232977904,9.696899644
4586,"Chiroptera","Hipposideridae","Aselliscus stoliczkanus",6.09,0.15,58.433,41.49,5616.185,NA,618.885,0.110196690458024,NA,712.987,97.961,NA,1.013,1.012,364.619,NA,61.867,NA,2296.201,0.126952192636104,NA,NA,NA,1,2,NA,NA,100,0,0,100,0,0,0,0,0,0,0,0,0,1,3,"A",1,0,0,0,1,NA,NA,NA,0,"Occurs on mainland",1,0,"Indomalayan, Palearctic",1,1,0,0,0,0,1,0,0,0,1,0,0,0,1,0,0,0,1,0,0,1,0,0,1,0,0,0,0,0,0,1,0,0,"Aselliscus stoliczkanus","Aselliscus stoliczkanus",0,0,27.27219429,5.650000002,41.49000002,NA,NA,NA,NA,NA,NA,NA,0.916146557,1.61965647,2.10751021,-74.55415142,8.692120195,9.344796018,9.813826998,0.972189479,12.71911782,-16.46297079,-8.743085755,-0.943367422,-4.155456288,11.20232666,6.665497349,-0.708214087,-4.85031243,-0.147819134,1.155571545,9.55521388
4587,"Chiroptera","Hipposideridae","Aselliscus tricuspidatus",4.08,0.134,57.882,40.5,5324.71,NA,589.038,0.11062348935435,NA,704.16,106.218,NA,0.99,1.058,363.171,NA,68.042,NA,2186.98,0.132243821729258,NA,NA,NA,0,2,NA,NA,100,0,0,100,0,0,0,0,0,0,0,0,0,1,3,"A",1,0,0,0,1,600,0,600,1,"Occurs on large land bridge islands",0,0,"Australasian",2,1,0,0,0,0,0,0,1,0,0,0,0,1,0,0,0,0,1,0,0,0,0,0,1,0,0,0,0,0,0,0,0,0,"Aselliscus tricuspidatus","Aselliscus tricuspidatus",1,0,NA,NA,40.49999998,NA,NA,NA,0,0,0,1,0.923210372,1.982365521,2.294381872,-74.55065873,8.728660779,9.614672214,10.37164192,0.870305376,12.58462275,-16.39927564,-8.929273239,-1.185241289,-4.07478159,11.47753626,6.970042357,-1.037108915,-4.187231544,-0.160173677,1.118627861,9.406826867
5166,"Chiroptera","Molossidae","Austronomus australis",36.4,0.989,102.775,45.11,5119.044,426.16,273.96,0.0535178052777042,578.36,365,152.2,NA,1,1,349.984,4.53,136.98,NA,1825,0.071302375990517,0.124450549450549,NA,NA,0,2,NA,NA,100,0,0,100,0,0,0,0,0,0,0,0,0,1,3,"A",1,0,0,0,1,NA,NA,NA,0,"Occurs on mainland",0,0,"Australasian",6,1,0,0,0,0,1,0,0,0,0,0,0,1,0,0,0,0,1,1,1,1,0,0,0,1,0,0,0,0,0,1,0,0,"Tadarida australis","Austronomus australis",0,0,48.11000894,8.172941176,45.11,NA,NA,NA,NA,NA,NA,NA,0.019311754,0.6511257,0.910972943,31.35682136,-17.14611596,26.74656425,-7.290900873,33.15513385,-9.702631162,-1.720698106,-8.820923016,7.727085736,-1.05226134,-3.804276253,1.8138185,-0.022896303,1.584365436,-6.632595797,11.44747647,0.166264809
5167,"Chiroptera","Molossidae","Austronomus kuboriensis",31.6,0.931,101.19,NA,4623.551,426.16,273.96,0.059253158448993,578.36,426.16,152.2,NA,1,1,350.103,4.53,136.98,NA,1775.17,0.0921715798095447,0.143354430379747,NA,NA,0,2,NA,NA,100,0,0,NA,NA,NA,NA,NA,NA,NA,NA,NA,NA,1,3,"A",1,0,0,0,1,2800,1900,900,1,"Occurs on large land bridge islands",0,0,"Australasian",2,1,0,0,0,0,0,0,1,0,0,0,0,1,0,0,0,0,1,0,0,1,0,0,0,0,0,0,0,0,0,0,0,0,"Tadarida kuboriensis","Austronomus kuboriensis",1,0,NA,NA,NA,NA,NA,NA,NA,NA,NA,NA,2.578651685,2.578651685,2.578651685,30.63716064,-20.37808527,23.89391961,-5.083948444,33.91062935,-5.231588322,1.476314532,-8.730853112,5.670508532,-3.690632142,-2.519188353,-1.535275529,-0.914191333,1.257765614,-4.211724494,16.08458162,-1.10319387
6533,"Chiroptera","Vespertilionidae","Baeodon alleni",5.37,0.223,57.79,32.49,6309.922,NA,383.202,0.0607300692464978,NA,454.13,73.331,NA,1.602,1.005,363.757,NA,46.217,NA,1990.726,0.0719707787196102,NA,NA,NA,1,2,NA,NA,100,0,0,100,0,0,0,0,0,0,0,0,0,1,3,"A",1,0,0,0,1,1990,125,1865,0,"Occurs on mainland",1,0,"Neotropical",1,1,0,0,0,0,1,0,0,0,0,0,0,0,0,0,1,0,1,0,0,0,0,0,0,0,0,0,0,0,0,0,0,0,"Rhogeessa alleni","Rhogeessa alleni",1,0,NA,NA,32.48999997,NA,NA,NA,NA,NA,NA,NA,0.448510728,0.543881696,0.593428191,31.94540613,35.40243735,-29.82310328,14.82066392,10.901598,-3.246756338,-4.704048479,4.769184361,-6.142832336,-13.13034639,-10.34356917,9.314553005,-0.779977799,0.381786962,4.438019162,0.318465829,0.917391597
6541,"Chiroptera","Vespertilionidae","Baeodon gracilis",5.14,0.217,57.003,32,5934.774,NA,376.991,0.063522385182654,NA,444.785,75.317,NA,1.615,1.009,363.802,NA,46.804,NA,1908.017,0.0749455665877083,NA,NA,NA,1,2,NA,NA,100,0,0,100,0,0,0,0,0,0,0,0,0,1,3,"A",1,0,0,0,1,2000,600,1400,0,"Occurs on mainland",1,0,"Neotropical",1,1,0,0,0,0,1,0,0,0,0,0,0,0,0,0,1,0,1,0,0,0,0,0,0,0,0,0,0,0,0,0,0,0,"Rhogeessa gracilis","Rhogeessa gracilis",0,0,NA,NA,33.16666666,NA,NA,NA,NA,NA,NA,NA,NA,NA,NA,31.87679199,35.29085998,-29.81830109,14.82998998,10.90654759,-3.279870112,-4.741863132,4.797784568,-6.163841484,-13.29059207,-10.5676329,9.57322194,-0.786579706,0.396792396,4.681626107,0.216648828,1.012615143
4801,"Chiroptera","Emballonuridae","Balantiopteryx infusca",9.05,0.243,53,38.99,5814.188,NA,440.469,0.0757576122409526,NA,542.064,115.445,NA,1.003,1.046,360.56,NA,58.843,NA,2015.463,0.0932312474244039,NA,NA,NA,0,2,NA,NA,100,0,0,100,0,0,0,0,0,0,0,0,0,1,3,"A",1,0,0,0,1,1200,150,1050,0,"Occurs on mainland",0,0,"Neotropical",2,1,0,0,0,0,1,0,0,0,0,0,0,0,0,0,1,0,1,0,0,0,0,0,1,0,0,0,0,0,0,0,0,0,"Balantiopteryx infusca","Balantiopteryx infusca",1,0,NA,NA,38.98999998,NA,NA,NA,1,0,0,0,NA,NA,NA,24.80668061,-43.12175174,8.076554409,3.88904966,26.61607613,11.93746093,12.86085693,-0.540879971,-8.002743553,-4.025442165,4.30255149,-4.08219765,-0.856243681,-1.355269474,6.333281493,-2.897421495,-1.732645732
4802,"Chiroptera","Emballonuridae","Balantiopteryx io",3.97,0.163,42.1,37,5425.429,NA,354.643,0.065366812467733,NA,428.64,131.369,NA,1,1.591,300.283,0.59,61.338,NA,1831.896,0.0790057339244509,0.236445843828715,NA,NA,0,2,NA,NA,100,0,0,100,0,0,0,0,0,0,0,0,0,1,3,"A",1,0,0,0,1,500,0,500,0,"Occurs on mainland",0,0,"Neotropical",2,1,0,0,0,0,1,0,0,0,0,0,0,0,0,0,1,0,1,0,0,0,0,0,1,0,0,0,0,0,0,0,0,0,"Balantiopteryx io","Balantiopteryx io",1,0,NA,7.41,36.99999999,502.4999999,NA,8.000000002,1,0,0,0,0.53654724,2.414421729,3.292127769,24.77102006,-43.25242303,7.994982727,3.901499616,26.51477294,11.96669018,12.84733392,-0.430927251,-8.020742225,-3.929684728,4.276963185,-3.967719104,-0.920286848,-1.392441244,6.283492168,-3.213382401,-1.731934489
4803,"Chiroptera","Emballonuridae","Balantiopteryx plicata",6.57,0.233,53,42.23,2533.589,226.19,226.19,0.0892765164357755,NA,365,138.81,NA,0.99,1,341.832,2,58.59,NA,1173.279,0.144064408236695,0.301369863013699,NA,NA,1,2,NA,NA,100,0,0,100,0,0,0,0,0,0,0,0,0,1,3,"A",1,0,0,0,1,1500,0,1500,0,"Occurs on mainland",1,0,"Neotropical",3,1,0,0,0,0,1,0,0,0,0,0,0,0,0,0,1,0,1,0,1,1,0,0,0,0,0,0,0,0,0,1,0,0,"Balantiopteryx plicata","Balantiopteryx plicata",1,0,NA,NA,42.22999996,1750.000001,NA,13,0,0,0,1,0.068096296,0.629602917,0.787564767,24.7559254,-43.2547523,7.958798817,3.914673425,26.43929258,11.99872165,12.8377515,-0.354414383,-8.068418278,-3.896409908,4.285575562,-3.919592454,-0.911674002,-1.418494062,6.348470537,-3.544146227,-1.713457856
4385,"Chiroptera","Pteropodidae","Balionycteris maculata",14.43,0.511,66,40.96,1460,730.5,730.5,0.500342465753425,730.5,865.5,135,NA,1,1.5,283.401,3.5,60,NA,2094.912,0.592808219178082,0.363825363825364,NA,NA,1,2,NA,NA,0,0,100,NA,NA,NA,NA,NA,NA,NA,NA,NA,NA,1,1,"Ar",1,0,0,0,1,NA,NA,NA,1,"Occurs on mainland",1,0,NA,1,0,1,0,0,0,1,0,0,0,0,0,0,0,0,0,0,0,1,0,0,1,0,0,0,0,0,0,0,0,0,1,0,0,"Balionycteris maculata","Balionycteris maculata",1,0,47.413271,5.800000006,42.66669998,1,NA,NA,0,1,0,0,1.364792877,2.910077097,4.025579331,-73.95939914,7.459401034,1.851297923,-5.092867977,3.36657945,14.31717901,-16.03491793,-4.359872241,3.168623018,-5.139228213,6.035824198,2.062347974,6.931444305,-17.81045502,-0.590769831,2.127772593,5.886570919
4386,"Chiroptera","Pteropodidae","Balionycteris seimundi",14.43,0.511,66,40.96,1460,730.5,730.5,0.500342465753425,730.5,865.5,135,NA,1,1.5,283.401,3.5,60,NA,2094.912,0.592808219178082,0.363825363825364,NA,NA,1,2,NA,NA,0,0,100,NA,NA,NA,NA,NA,NA,NA,NA,NA,NA,1,1,"Ar",1,0,0,0,1,NA,NA,NA,NA,NA,NA,NA,NA,1,0,1,0,0,0,NA,NA,NA,NA,0,0,0,0,0,0,0,0,1,0,0,1,0,0,0,0,0,0,0,0,0,1,0,0,"Balionycteris maculata","Balionycteris seimundi",1,0,NA,NA,NA,NA,NA,NA,NA,NA,NA,NA,1.777761853,1.87213869,1.777761853,-73.95939914,7.459401034,1.851297923,-5.092867977,3.36657945,14.31717901,-16.03491793,-4.359872241,3.168623018,-5.139228213,6.035824198,2.062347974,6.931444305,-17.81045502,-0.590769831,2.127772593,5.886570919
5675,"Chiroptera","Vespertilionidae","Barbastella barbastellus",10,0.185,58,38.49,8395,547.875,547.875,0.0652620607504467,NA,591.13,84.273,NA,2,1,364.75,NA,48.806,NA,1825,0.0704145324597975,NA,NA,NA,1,2,NA,NA,100,0,0,100,0,0,0,0,0,0,0,0,0,1,3,"A",1,0,0,0,1,2260,0,2260,0,"Occurs on mainland",1,1,"Palearctic",4,1,0,0,0,0,1,0,0,0,1,0,0,0,0,0,0,0,1,0,1,0,0,1,1,0,0,0,0,0,0,0,0,0,"Barbastella barbastellus","Barbastella barbastellus",0,0,41.82432918,5.999999995,38.48999999,17.50000001,1,2.999999999,0,0,0,1,0.240949024,0.978627571,1.262795259,30.18002259,33.55624081,-28.1702493,14.05968323,10.34540842,-3.485424199,-5.235041939,5.070542175,-5.786703693,-14.84624933,-13.83047392,13.14127944,-1.66764086,0.11234885,9.269938215,-0.76399898,2.209205053
5676,"Chiroptera","Vespertilionidae","Barbastella beijingensis",NA,NA,NA,NA,NA,NA,NA,NA,NA,NA,NA,NA,NA,NA,NA,NA,NA,NA,NA,NA,NA,NA,NA,NA,NA,NA,NA,NA,NA,NA,NA,NA,NA,NA,NA,NA,NA,NA,NA,NA,NA,NA,NA,NA,NA,NA,NA,NA,NA,NA,NA,NA,NA,NA,NA,NA,NA,NA,NA,NA,NA,NA,NA,NA,NA,NA,0,0,0,0,0,0,0,0,1,0,0,0,0,0,1,0,0,0,0,0,0,0,0,0,"Barbastella beijingensis","Barbastella beijingensis",0,0,NA,NA,NA,NA,NA,NA,NA,NA,NA,NA,NA,NA,NA,30.28226475,33.57921705,-28.18793936,14.07496864,10.37365838,-3.491352617,-5.229319688,5.058181436,-5.827936766,-14.93247606,-13.86122666,13.17183609,-1.627103745,0.156116265,9.33602387,-0.744272377,2.259201907
5678,"Chiroptera","Vespertilionidae","Barbastella darjelingensis",10,0.216,58,41.49,8395,547.875,547.875,0.0652620607504467,NA,620.206,85.509,NA,2,1,364.75,NA,49.195,NA,2126.139,0.0738780226325194,NA,NA,NA,1,2,NA,NA,100,0,0,100,0,0,0,0,0,0,0,0,0,1,3,"A",1,0,0,0,1,2500,0,2500,NA,NA,NA,NA,NA,4,1,0,0,0,0,NA,NA,NA,NA,0,0,0,0,0,0,0,0,0,0,0,0,0,0,0,0,0,0,0,0,0,0,0,0,"Barbastella leucomelas","Barbastella darjelingensis",0,0,NA,NA,NA,NA,NA,NA,NA,NA,NA,NA,1.404076989,1.404076989,1.404076989,30.48432124,33.60097578,-28.13546529,14.05263272,10.35801438,-3.474810311,-5.145355786,4.947470632,-5.798141443,-14.85658761,-13.67563459,12.99576248,-1.487128565,0.251485632,9.19821564,-0.636139483,2.280130148
5679,"Chiroptera","Vespertilionidae","Barbastella leucomelas",10,0.216,58,41.49,8395,547.875,547.875,0.0652620607504467,NA,620.206,85.509,NA,2,1,364.75,NA,49.195,NA,2126.139,0.0738780226325194,NA,NA,NA,1,2,NA,NA,100,0,0,100,0,0,0,0,0,0,0,0,0,1,3,"A",1,0,0,0,1,2500,0,2500,0,"Occurs on mainland",1,0,"Indomalayan, Palearctic",4,1,0,0,0,0,1,0,0,0,1,0,0,0,1,0,0,0,1,0,1,1,0,1,1,0,0,0,0,0,0,1,0,0,"Barbastella leucomelas","Barbastella leucomelas",1,0,NA,NA,NA,NA,NA,NA,NA,NA,NA,NA,1.154244469,1.154244469,1.154244469,30.48432124,33.60097578,-28.13546529,14.05263272,10.35801438,-3.474810311,-5.145355786,4.947470632,-5.798141443,-14.85658761,-13.67563459,12.99576248,-1.487128565,0.251485632,9.19821564,-0.636139483,2.280130148
5519,"Chiroptera","Vespertilionidae","Bauerus dubiaquercus",22.22,0.443,78,53.29,5727.054,NA,368.677,0.0643746331010673,NA,424.091,80.534,NA,1.71,1.044,361.504,NA,49.045,NA,1834.933,0.0740504629430768,NA,NA,NA,1,2,NA,NA,80,20,0,80,0,20,0,0,0,0,0,0,0,2,3,"A",1,0,0,0,1,2300,100,2200,0,"Occurs on mainland",0,0,"Neotropical",1,1,0,0,0,0,1,0,0,0,0,0,0,0,0,0,1,0,1,0,0,1,0,0,0,0,0,0,0,0,0,1,0,0,"Bauerus dubiaquercus","Bauerus dubiaquercus",0,0,NA,NA,NA,NA,0,NA,0,1,0,0,0.621015416,1.103525916,1.383916204,31.99669697,35.51852142,-29.91696783,14.8603228,10.91726789,-3.217013964,-4.682885406,4.773174084,-6.148451653,-12.96324762,-10.08193597,9.008923164,-0.771854351,0.356328717,4.041753675,0.374528518,0.763251538
4429,"Chiroptera","Pteropodidae","Boneia bidens",123.22,2.026,138,97,4533.291,NA,583.17,0.128641642462397,NA,739.179,144.499,NA,0.98,1.576,287.625,NA,105.76,NA,2073.644,0.163055713829092,NA,NA,NA,0,2,NA,NA,0,0,100,NA,NA,NA,NA,NA,NA,NA,NA,NA,NA,1,1,"Ar",1,0,0,0,1,1060,200,860,1,"Occurs only on isolated islands",0,0,"Australasian",2,0,1,0,0,0,0,0,0,1,0,0,0,1,0,0,0,0,1,0,0,1,0,0,1,0,0,0,0,0,0,1,0,0,"Rousettus bidens","Boneia bidens",1,0,NA,NA,98.44999989,NA,NA,NA,1,0,0,0,NA,NA,NA,-71.11216539,4.741592412,-10.42663078,-27.73878919,5.901589919,10.7412129,-9.289476561,2.550180432,7.273207674,-4.996966908,-4.47351769,-6.384888343,15.31637707,-6.011037637,0.2973881,-1.165177435,-6.038101711
4908,"Chiroptera","Phyllostomidae","Brachyphylla cavernarum",45,1.278,81.26,66.21,5070.248,NA,383.769,0.0756903804310953,NA,506.168,121.518,NA,1,1.5,243.325,NA,73.44,NA,2067.021,0.0998310141831327,NA,NA,NA,0,2,NA,NA,10,0,90,10,0,0,0,0,0,70,10,0,10,1,2,"Ar",1,0,0,0,1,NA,NA,NA,1,"Occurs only on isolated islands",0,0,"Neotropical",2,0,1,0,0,0,0,0,0,1,0,0,0,0,0,0,1,0,1,0,0,0,0,0,1,0,0,0,0,0,0,0,0,0,"Brachyphylla cavernarum","Brachyphylla cavernarum",1,0,37.95651214,6.360000005,61.99999993,NA,NA,NA,0,0,0,1,0.46201271,1.062953967,1.357717575,18.68513788,-47.80462313,-19.59534923,10.26893625,-23.61884847,-12.50208464,-8.414816443,-12.08837721,7.428485017,-8.573350999,0.091000057,-7.27645535,-5.873433207,-3.944275092,1.178937443,-1.656965042,-2.054262022
4909,"Chiroptera","Phyllostomidae","Brachyphylla nana",45,1.148,82.725,58.26,4987.042,NA,466.283,0.0934989117797684,NA,582.681,128.848,NA,1,1.5,246.404,13.34,73.44,NA,2125.979,0.116838999952276,0.444666666666667,NA,NA,0,2,NA,NA,10,0,90,10,0,0,0,0,0,70,10,0,10,1,2,"Ar",1,0,0,0,1,NA,NA,NA,1,"Occurs only on isolated islands",1,0,"Neotropical",1,0,1,0,0,0,0,0,0,1,0,0,0,0,0,0,1,0,0,0,0,0,0,0,1,0,0,0,0,0,0,0,0,0,"Brachyphylla nana","Brachyphylla nana",0,0,NA,NA,60.19999996,34.99999997,NA,2.999999999,1,0,0,0,0.510988685,0.781248705,1.042970954,18.65094481,-47.72683367,-19.64112819,10.17806895,-23.68399808,-12.81804651,-8.298462407,-12.41105454,7.325691508,-8.704313163,0.208625162,-7.255921688,-5.727412922,-3.950473001,1.141165646,-1.491879635,-1.925711088
4670,"Chiroptera","Megadermatidae","Cardioderma cor",26.45,0.672,77,54,4393.837,NA,366.335,0.0833747360222967,NA,445.079,91.93,NA,1,2,270.487,NA,73.56,NA,1691.594,0.101296201930113,NA,NA,NA,0,2,NA,NA,100,0,0,100,0,0,0,0,0,0,0,0,0,1,3,"G",1,0,0,0,1,940,0,940,0,"Occurs on mainland",1,0,"Afrotropical",3,0,0,1,0,0,1,0,0,0,0,1,0,0,0,0,0,0,1,1,1,1,0,0,0,0,0,0,0,0,0,1,0,0,"Cardioderma cor","Cardioderma cor",0,0,31,5.449999997,50.24999999,41.00000003,0,0,0,0,0,1,0.037459917,0.460935447,0.846506349,-65.99120795,9.218720391,18.75165935,32.41189675,-4.640075416,-19.91975714,28.38450671,29.21947267,29.48295318,-17.26239978,16.65272233,5.248432745,3.161247957,3.440424692,0.334745848,-0.825476421,-2.665453826
4897,"Chiroptera","Phyllostomidae","Carollia benkeithi",13.1,0.448,60,36.2,5524.828,NA,365.016,0.0660683011308225,NA,493.474,112.354,NA,0.99,1.777,236.567,NA,60.316,NA,2063.825,0.0893193417062033,NA,NA,NA,0,2,NA,NA,0,0,100,0,0,0,0,0,0,100,0,0,0,1,2,"Ar",1,0,0,0,1,1000,200,800,NA,NA,NA,NA,"Neotropical",1,0,1,0,0,0,NA,NA,NA,NA,0,0,0,0,0,0,1,0,1,0,0,0,0,0,0,0,0,0,0,0,0,0,0,0,"Carollia benkeithi","Carollia benkeithi",1,0,NA,NA,NA,NA,NA,NA,NA,NA,NA,NA,1.257214128,1.889058013,2.268164344,20.34945786,-50.22371962,-16.17336388,12.81107126,-19.32476336,3.354723857,-8.891024451,5.414920644,6.626496884,3.426500915,-3.828319066,1.919524767,-3.422464485,-3.598950258,-2.154018613,2.567231121,-7.203452463
6548,"Chiroptera","Phyllostomidae","Carollia brevicauda",14.85,0.551,70,40.26,5397.685,NA,415.332,0.0769463205059206,NA,536.402,114.949,NA,0.98,1.724,234.833,NA,61.246,NA,2093.991,0.099376306694444,NA,NA,NA,0,2,NA,NA,0,0,100,0,0,0,0,0,0,100,0,0,0,1,2,"Ar",1,0,0,0,1,NA,NA,NA,0,"Occurs on mainland",1,0,"Neotropical",2,0,1,0,0,0,1,0,0,0,0,0,0,0,0,0,1,0,1,1,0,0,0,0,0,0,0,0,0,0,0,0,0,0,"Carollia brevicauda","Carollia brevicaudum",1,1,49.52089301,5.499999994,40.26000004,NA,NA,NA,0,1,0,0,0.25527192,1.658083401,2.079458689,20.30325421,-50.22711872,-16.3280168,12.73458172,-19.56922806,2.715046151,-8.971698618,4.615039579,6.84813088,2.695685789,-3.72048581,1.264798498,-4.138005939,-4.085316039,-1.794176447,2.014232324,-7.481774957
4899,"Chiroptera","Phyllostomidae","Carollia castanea",13.1,0.448,60,36.2,5615.965,NA,361.569,0.0643823456876957,NA,489.606,111.668,NA,0.99,1.818,235.505,NA,59.1,NA,2040.463,0.0871810988850536,NA,NA,NA,0,2,NA,NA,0,0,100,0,0,0,0,0,0,100,0,0,0,1,2,"Ar",1,0,0,0,1,1100,50,1050,0,"Occurs on mainland",1,0,"Neotropical",2,0,1,0,0,0,1,0,0,0,0,0,0,0,0,0,1,0,1,0,0,1,0,0,0,0,0,0,0,0,0,1,0,0,"Carollia castanea","Carollia castanea",1,0,41.27274574,5.89,36.3,NA,NA,NA,0,1,0,0,0.260558303,1.867020081,2.495762738,20.34414245,-50.20987224,-16.19771902,12.8044369,-19.39499338,3.154496489,-8.93772499,5.112894141,6.733700921,3.131514805,-3.784328024,1.622537597,-3.66305288,-3.803086562,-1.986413421,2.303318754,-7.340967714
4900,"Chiroptera","Phyllostomidae","Carollia manu",18.7,0.561,69.418,NA,5456.253,NA,404.308,0.0740999363482595,NA,524.958,115.875,NA,0.991,1.702,240.936,NA,65.166,NA,2108.805,0.0962121807768078,NA,NA,NA,0,2,NA,NA,0,0,100,NA,NA,NA,NA,NA,NA,NA,NA,NA,NA,1,1,"Ar",1,0,0,0,1,2250,1300,950,NA,"Occurs on mainland",NA,NA,"Neotropical",1,0,1,0,0,0,1,0,0,0,0,0,0,0,0,0,1,0,1,0,0,0,0,0,0,0,0,0,0,0,0,0,0,0,"Carollia manu","Carollia manu",1,0,NA,NA,NA,NA,NA,NA,NA,NA,NA,NA,NA,NA,NA,20.23905738,-50.18494477,-16.52115417,12.64940905,-19.91802788,1.777732153,-9.133903909,3.386267668,7.218806212,1.546420776,-3.56714571,0.204242182,-5.120330324,-4.733900512,-1.21900912,1.093537787,-7.803108514
4901,"Chiroptera","Phyllostomidae","Carollia monohernandezi",NA,NA,NA,NA,NA,NA,NA,NA,NA,NA,NA,NA,NA,NA,NA,NA,NA,NA,NA,NA,NA,NA,NA,NA,NA,NA,NA,NA,NA,NA,NA,NA,NA,NA,NA,NA,NA,NA,NA,NA,NA,NA,NA,NA,NA,NA,NA,NA,NA,NA,NA,NA,NA,NA,NA,NA,1,NA,NA,NA,NA,NA,NA,NA,NA,NA,0,0,0,0,0,0,0,0,1,0,0,0,0,0,0,0,0,0,0,0,0,0,0,0,NA,"Carollia monohernandezi",1,0,NA,NA,NA,NA,NA,NA,NA,NA,NA,NA,3.070536898,3.070536898,3.070536898,NA,NA,NA,NA,NA,NA,NA,NA,NA,NA,NA,NA,NA,NA,NA,NA,NA
4902,"Chiroptera","Phyllostomidae","Carollia perspicillata",16.4,0.47,66.995,42.45,6205,298.14,258,0.0415793714746172,258,410.62,95,NA,1,2,158.891,5,35.63,12.5,1847.535,0.0661756647864625,0.609756097560976,NA,NA,0,2,NA,NA,0,0,100,0,0,0,0,0,0,100,0,0,0,1,2,"Ar",1,0,0,0,1,NA,NA,NA,0,"Occurs on mainland",1,0,"Neotropical",2,0,1,0,0,0,1,0,0,0,0,0,0,0,0,0,1,0,1,0,0,0,0,0,1,0,0,0,0,0,0,0,0,0,"Carollia perspicillata","Carollia perspicillata",1,0,42.64751483,6.1,41.50000003,22.49999999,1,34.99999999,0,0,0,1,0.138042812,1.619496049,2.050741742,20.25162259,-50.20094866,-16.44955054,12.66205154,-19.75079186,2.291416248,-9.039965017,4.178407141,6.981856457,2.317051272,-3.705601269,0.97350156,-4.565075494,-4.301248296,-1.669649654,1.743460475,-7.594635922
4903,"Chiroptera","Phyllostomidae","Carollia sowelli",16.5,0.528,70,40.26,5401.267,NA,374.724,0.0693770554205152,NA,497.208,114.251,NA,0.98,1.757,232.652,NA,57.757,NA,2066.746,0.0920539569697258,NA,NA,NA,0,2,NA,NA,20,0,80,0,0,0,0,0,0,100,0,0,0,1,2,"Ar",1,0,0,0,1,NA,NA,NA,NA,"Occurs on mainland",NA,NA,"Neotropical",2,0,1,0,0,0,1,0,0,0,0,0,0,0,0,0,1,0,1,0,0,0,0,0,0,1,0,0,0,0,0,0,0,0,"Carollia sowelli","Carollia sowelli",0,0,NA,NA,NA,NA,NA,NA,NA,NA,NA,NA,0.541043635,1.6321688,2.003352159,20.25070157,-50.20865758,-16.48598948,12.65884758,-19.84652663,2.045796577,-9.095559216,3.797899053,7.11049684,1.947723215,-3.64574176,0.603170638,-4.845866508,-4.521446793,-1.457697487,1.44924957,-7.709033914
4904,"Chiroptera","Phyllostomidae","Carollia subrufa",14.47,0.531,60.5,39.41,5907.815,NA,293.572,0.0496921450654768,NA,413.047,112.86,NA,0.985,2,235.366,NA,64.567,NA,1881.258,0.0699153578776587,NA,NA,NA,0,2,NA,NA,0,0,100,0,0,0,0,0,0,100,0,0,0,1,1,"Ar",1,0,0,0,1,1200,NA,NA,0,"Occurs on mainland",1,0,"Neotropical",3,0,1,0,0,0,1,0,0,0,0,0,0,0,0,0,1,0,1,0,0,1,0,0,1,0,0,0,0,0,0,1,0,0,"Carollia subrufa","Carollia subrufa",0,0,NA,NA,39.41000001,NA,NA,2,0,0,0,1,0.35005408,1.161624174,1.516299825,20.20245508,-50.11318981,-16.57840668,12.551859,-20.0116446,1.366923549,-9.115237198,2.901504644,7.290452949,1.171471627,-3.466310355,-0.117766647,-5.49539707,-4.948034679,-1.038775565,0.83691664,-7.845310764
4572,"Chiroptera","Pteropodidae","Casinycteris argynnis",28.28,0.92,95,56,3781.862,NA,362.763,0.095921797252253,NA,470.477,126.081,NA,0.99,1.861,246.24,4.29,69.658,NA,1619.976,0.124403534555201,0.279485611739745,NA,NA,0,2,NA,1,0,0,100,NA,NA,NA,NA,NA,NA,NA,NA,NA,NA,1,1,"Ar",1,0,0,0,1,NA,NA,NA,0,"Occurs on mainland",0,0,"Afrotropical",1,0,1,0,0,0,1,0,0,0,0,1,0,0,0,0,0,0,1,0,0,0,0,0,0,0,0,0,0,0,0,0,0,0,"Casinycteris argynnis","Casinycteris argynnis",1,0,NA,NA,56,1,NA,NA,0,0,1,0,0.834153507,0.900155097,0.951505251,-59.7155216,-6.331766577,-23.02240341,-40.1417743,0.875056599,-9.268968472,13.12091618,3.64915914,-5.956933179,6.01633905,3.700916261,8.53565211,-15.19500595,-8.560687814,-1.106967593,2.614689192,-0.039801995
4573,"Chiroptera","Pteropodidae","Casinycteris campomaanensis",NA,NA,NA,NA,NA,NA,NA,NA,NA,NA,NA,NA,NA,NA,NA,NA,NA,NA,NA,NA,NA,NA,NA,NA,NA,NA,NA,NA,NA,NA,NA,NA,NA,NA,NA,NA,NA,NA,NA,NA,NA,NA,NA,NA,0,0,0,1,NA,0,NA,NA,NA,NA,NA,"Afrotropical",1,NA,NA,NA,NA,NA,NA,NA,NA,NA,0,1,0,0,0,0,0,0,1,0,0,0,0,0,0,0,0,0,0,0,0,0,0,0,"Casinycteris campomaanensis","Casinycteris campomaanensis",1,0,NA,NA,NA,NA,NA,NA,NA,NA,NA,NA,3.406779841,3.406779841,3.406779841,-59.85724491,-6.151803384,-22.91945414,-40.22570681,1.034693901,-8.907116556,12.8133128,3.812913669,-5.621977618,5.95638222,3.551838324,8.296503871,-15.6890707,-8.132113469,-1.054855435,2.659398115,0.34637798
4804,"Chiroptera","Emballonuridae","Centronycteris centralis",23,0.436,59,NA,5667.801,NA,507.021,0.089456387053815,NA,641.793,112.59,NA,0.98,1.069,360.61,NA,61.931,NA,2079.117,0.113234921268407,NA,NA,NA,0,2,NA,NA,100,0,0,NA,NA,NA,NA,NA,NA,NA,NA,NA,NA,1,3,"A",1,0,0,0,1,500,0,500,NA,"Occurs on mainland",NA,NA,"Neotropical",1,1,0,0,0,0,1,0,0,0,0,0,0,0,0,0,1,0,1,0,0,0,0,0,0,0,0,0,0,0,0,0,0,0,"Centronycteris centralis","Centronycteris centralis",1,0,NA,NA,NA,NA,NA,NA,NA,NA,NA,NA,1.240865435,1.901105135,1.927900249,25.14465315,-41.67200827,9.227615327,3.55407902,28.07937323,11.28774463,12.85041411,-2.178980797,-7.235958287,-5.296272735,4.159572572,-5.532466271,-0.408728674,-0.464421739,6.295411958,1.915936957,-1.488852733
4805,"Chiroptera","Emballonuridae","Centronycteris maximiliani",23,0.44,59,45.5,5714.293,NA,506.211,0.0885868120518146,NA,626.413,111.833,NA,0.98,1.07,360.815,NA,62.124,NA,2083.412,0.109622135231778,NA,NA,NA,0,2,NA,NA,100,0,0,100,0,0,0,0,0,0,0,0,0,1,3,"A",1,0,0,0,1,NA,NA,NA,0,"Occurs on mainland",0,0,"Neotropical",1,1,0,0,0,0,1,0,0,0,0,0,0,0,0,0,1,0,1,0,0,0,0,0,0,0,0,0,0,0,0,0,0,0,"Centronycteris maximiliani","Centronycteris maximiliani",1,0,NA,NA,45.50000004,NA,NA,NA,0,1,0,0,1.415953924,1.544128684,1.640346384,25.11260601,-41.90788491,9.053388498,3.590100068,27.89444486,11.3606182,12.88391116,-1.983818657,-7.340576814,-5.122792638,4.178367283,-5.316490759,-0.508913656,-0.597051182,6.226824872,1.54773491,-1.554243862
5046,"Chiroptera","Phyllostomidae","Centurio senex",23.09,0.688,68,44,5883.757,NA,370.66,0.0629971632071141,NA,495.951,115.425,NA,0.995,1.858,240.505,NA,51.375,NA,2079.503,0.0842915504498231,NA,NA,NA,0,2,NA,NA,0,0,100,0,0,0,0,0,0,100,0,0,0,1,1,"Ar",1,0,0,0,1,1400,NA,NA,1,"Occurs on mainland",0,0,"Neotropical",2,0,1,0,0,0,1,0,0,0,0,0,0,0,0,0,1,0,1,0,0,1,0,0,0,0,0,0,0,0,0,1,0,0,"Centurio senex","Centurio senex",1,0,NA,NA,43.99999995,2.000000002,NA,NA,0,1,0,0,0.262270595,1.11286117,1.424137458,21.51847605,-50.21282551,-11.20171214,12.09020744,-10.87731569,12.35102506,-4.618373224,15.97842306,-0.967487002,11.01753699,-2.136894215,8.036627004,6.388886731,5.058688375,-4.353282741,5.842765686,4.579710946
5169,"Chiroptera","Molossidae","Chaerephon aloysiisabaudiae",19.54,1.494,90.452,51,3610.927,NA,342.291,0.094793109913327,NA,414.584,88.242,NA,1.014,1.322,332.704,NA,59.163,NA,1590.818,0.114813730656975,NA,NA,NA,1,2,NA,NA,100,0,0,100,0,0,0,0,0,0,0,0,0,1,3,"A",1,0,0,0,1,NA,0,NA,NA,"Occurs on mainland",NA,NA,"Afrotropical",2,1,0,0,0,0,1,0,0,0,0,1,0,0,0,0,0,0,1,1,0,0,0,0,0,0,0,0,0,0,0,0,0,0,"Chaerephon aloysiisabaudiae","Chaerephon aloysiisabaudiae",1,0,NA,NA,NA,NA,NA,NA,NA,NA,NA,NA,1.292226979,1.650330929,1.912350454,35.44785529,10.16754376,26.13667113,-14.1125631,0.184381135,-18.48601886,-17.43375644,7.376392154,2.04732994,9.256523409,-0.185516385,5.387962589,1.732568555,-0.526233284,4.943654675,-7.211247349,1.044371219
5170,"Chiroptera","Molossidae","Chaerephon ansorgei",14.53,0.39,87.24,45.99,4014.557,NA,371.418,0.0925178045796834,NA,444.183,68.43,NA,1.019,1.174,351.681,NA,72.83,NA,1701.811,0.110643092126977,NA,NA,NA,1,2,NA,NA,100,0,0,100,0,0,0,0,0,0,0,0,0,1,3,"A",1,0,0,0,1,2000,400,1600,NA,"Occurs on mainland",NA,NA,"Afrotropical",2,1,0,0,0,0,1,0,0,0,0,1,0,0,0,0,0,0,1,1,0,0,0,1,0,0,0,0,0,0,0,0,0,0,"Chaerephon ansorgei","Chaerephon ansorgei",0,0,NA,NA,46.00000003,NA,NA,1,0,0,0,1,1.11952646,1.130836241,1.142146023,34.02034156,-0.7673544,28.82657337,-12.57277873,15.01191358,-18.71687182,-13.67950295,-1.240177624,8.72700413,7.745312969,-3.92347461,7.679915167,0.226161215,-1.209520933,-2.755516774,-9.916328083,0.301550666
5171,"Chiroptera","Molossidae","Chaerephon atsinanana",10.98,0.287,95,38.99,1825,140.97,140.97,0.0772438356164384,NA,152.08,62.57,NA,1,3,252.101,3.63,24.5,NA,637.227,0.0833315068493151,0.991803278688524,NA,NA,0,2,NA,NA,100,0,0,100,0,0,0,0,0,0,0,0,0,1,3,"A",1,0,0,0,1,1000,0,1000,NA,NA,NA,NA,"Afrotropical",2,1,0,0,0,0,NA,NA,NA,NA,0,1,0,0,0,0,0,0,1,0,0,1,0,0,0,0,0,0,0,0,0,1,0,0,"Chaerephon atsinanana","Chaerephon atsinanana",1,0,NA,8.35,39.3,NA,NA,NA,NA,NA,NA,NA,NA,NA,NA,35.52229478,10.59221951,26.04586792,-14.19316538,-0.597351071,-18.2669364,-17.46221757,7.907870744,1.402888217,9.095096727,0.227427551,4.888216006,1.771286128,-0.481924315,5.613343447,-6.800702373,1.030562711
5172,"Chiroptera","Molossidae","Chaerephon bemmeleni",12.39,0.329,82.797,43.5,2849.809,NA,334.063,0.11722294371307,NA,406.526,84.907,NA,1.014,1.137,351.804,NA,58.296,NA,1430.848,0.142650261824564,NA,NA,NA,1,2,NA,NA,100,0,0,100,0,0,0,0,0,0,0,0,0,1,3,"A",1,0,0,0,1,1700,NA,NA,NA,"Occurs on mainland",NA,NA,"Afrotropical",2,1,0,0,0,0,1,0,0,0,0,1,0,0,0,0,0,0,1,1,0,0,0,0,0,0,0,0,0,0,0,0,0,0,"Chaerephon bemmeleni","Chaerephon bemmeleni",1,0,NA,NA,NA,NA,NA,NA,NA,NA,NA,NA,NA,NA,NA,34.44771281,2.558431263,27.9753816,-12.9662338,11.0878692,-19.0679684,-15.07100975,0.960819084,7.533142319,8.672639163,-3.266368985,7.688571197,0.595174881,-1.176671339,-0.880601659,-9.402235518,0.360781944
5173,"Chiroptera","Molossidae","Chaerephon bivittatus",12.58,0.376,82.542,48.99,4540.584,NA,463.653,0.102113076203413,NA,559.252,93.554,NA,1,1.063,361.123,NA,60.626,NA,1838.467,0.123167416349967,NA,NA,NA,1,2,NA,NA,100,0,0,100,0,0,0,0,0,0,0,0,0,1,3,"A",1,0,0,0,1,NA,0,NA,NA,"Occurs on mainland",NA,NA,"Afrotropical",3,1,0,0,0,0,1,0,0,0,0,1,0,0,0,0,0,0,0,1,0,0,0,1,1,0,0,0,0,0,0,0,0,0,"Chaerephon bivittatus","Chaerephon bivittatus",0,1,NA,NA,NA,NA,NA,NA,NA,NA,NA,NA,0.528054607,0.712354562,0.833013846,34.69258448,4.220004821,27.69519669,-13.27526181,8.772533733,-19.08288327,-15.7103303,2.383461179,6.38986544,8.904735916,-2.598796902,7.266795229,0.813980443,-1.133269641,0.602569875,-9.188552427,0.429116807
5174,"Chiroptera","Molossidae","Chaerephon bregullae",20.71,1.503,91.538,NA,3530.501,NA,337.134,0.0954918296298457,NA,412.513,89.497,NA,1.011,1.341,329.679,NA,58.671,NA,1563.096,0.116842623752266,NA,NA,NA,1,2,NA,NA,100,0,0,NA,NA,NA,NA,NA,NA,NA,NA,NA,NA,1,3,"A",1,0,0,0,1,NA,NA,NA,NA,"Occurs only on isolated islands",NA,NA,"Australasian, Oceanian",2,1,0,0,0,0,0,0,0,1,0,0,0,1,0,0,0,1,1,0,0,1,0,0,1,0,0,0,0,0,0,1,0,0,"Chaerephon bregullae","Chaerephon bregullae",1,0,NA,NA,NA,NA,NA,NA,NA,NA,NA,NA,NA,NA,NA,33.9231171,-1.350081683,28.84121803,-12.42448207,15.79714353,-18.64488925,-13.37781639,-1.778521795,9.096791242,7.603035876,-4.140643324,7.77522186,0.17748182,-1.173501524,-3.325906503,-9.885595786,0.322669072
5175,"Chiroptera","Molossidae","Chaerephon chapini",7.49,0.634,77.338,36.5,2790.85,NA,333.407,0.119464320905817,NA,411.129,94.249,NA,1.013,1.123,354.272,NA,54.002,NA,1455.695,0.147313184155365,NA,NA,NA,0,2,NA,NA,100,0,0,100,0,0,0,0,0,0,0,0,0,1,3,"A",1,0,0,0,1,NA,0,NA,NA,"Occurs on mainland",NA,NA,"Afrotropical",1,1,0,0,0,0,1,0,0,0,0,1,0,0,0,0,0,0,0,1,0,0,0,0,0,0,0,0,0,0,0,0,0,0,"Chaerephon chapini","Chaerephon chapini",0,1,NA,NA,36.49999996,NA,NA,NA,0,1,0,0,0.253815524,0.477713325,0.552345926,35.31939547,9.504636953,26.15094661,-13.90758357,1.49907578,-18.75890373,-17.27589811,6.347920979,3.25355569,9.519263814,-0.965945624,6.298358069,1.671663532,-0.565190187,3.674032124,-7.732541098,1.086675329
5176,"Chiroptera","Molossidae","Chaerephon gallagheri",8.1,0.64,78.311,37.5,2696.018,NA,328.617,0.121889764830947,NA,399.968,93.204,NA,1.012,1.126,353.159,NA,55.977,NA,1416.312,0.148355092584693,NA,NA,NA,1,2,NA,NA,100,0,0,100,0,0,0,0,0,0,0,0,0,1,3,"A",1,0,0,0,1,NA,NA,NA,NA,"Occurs on mainland",NA,NA,"Afrotropical",1,1,0,0,0,0,1,0,0,0,0,1,0,0,0,0,0,0,1,0,0,0,0,0,0,0,0,0,0,0,0,0,0,0,"Chaerephon gallagheri","Chaerephon gallagheri",1,0,NA,NA,NA,NA,NA,NA,NA,NA,NA,NA,NA,NA,NA,35.40339451,10.07967122,26.04968364,-14.03294683,0.432274994,-18.52137513,-17.36950068,7.095530465,2.392313631,9.343739575,-0.435135299,5.697207806,1.73854966,-0.513564936,4.57377117,-7.355405306,1.090290819
5177,"Chiroptera","Molossidae","Chaerephon jobensis",20.71,0.36,87.602,46.5,3305.728,NA,311.612,0.0942642588863936,NA,379.296,82.31,NA,1.009,1.655,295.277,NA,56.807,NA,1498.171,0.114739022690312,NA,NA,NA,1,2,NA,NA,100,0,0,100,0,0,0,0,0,0,0,0,0,1,3,"A",1,0,0,0,1,1400,0,1400,NA,"Occurs on mainland",NA,NA,"Australasian",4,1,0,0,0,0,1,0,0,0,0,0,0,1,0,0,0,0,1,1,1,1,0,0,1,0,0,0,0,0,0,1,0,0,"Chaerephon jobensis","Chaerephon jobensis",1,0,NA,NA,46.50000001,NA,NA,NA,NA,NA,NA,NA,0.099349637,0.674535233,0.923210372,33.83719854,-1.731131086,28.83097402,-12.31401805,16.37550459,-18.65724929,-13.21804386,-2.136156573,9.352876447,7.490000961,-4.305284821,7.840058219,0.140183852,-1.136831189,-3.828495199,-9.77450142,0.341786141
5178,"Chiroptera","Molossidae","Chaerephon jobimena",14.3,0.375,83.099,NA,3115.448,NA,337.246,0.10824960005752,NA,412.566,86.736,NA,1.007,1.433,319.542,NA,59.355,NA,1476.19,0.132425898297773,NA,NA,NA,0,2,NA,NA,100,0,0,NA,NA,NA,NA,NA,NA,NA,NA,NA,NA,1,3,"A",1,0,0,0,1,870,50,820,NA,"Occurs only on isolated islands",NA,NA,"Afrotropical",3,1,0,0,0,0,0,0,0,1,0,1,0,0,0,0,0,0,1,0,0,1,0,0,1,0,0,0,0,0,0,1,0,0,NA,"Chaerephon jobimena",0,0,NA,NA,NA,NA,NA,NA,NA,NA,NA,NA,NA,NA,NA,NA,NA,NA,NA,NA,NA,NA,NA,NA,NA,NA,NA,NA,NA,NA,NA,NA
5179,"Chiroptera","Molossidae","Chaerephon johorensis",15.69,0.422,85.185,47.24,3996.527,NA,356.056,0.0890913535677352,NA,423.159,81.55,NA,1.008,1.224,344.62,NA,57.177,NA,1664.065,0.105881681770197,NA,NA,NA,1,2,NA,NA,100,0,0,100,0,0,0,0,0,0,0,0,0,1,3,"A",1,0,0,0,1,NA,NA,NA,NA,"Occurs on mainland",NA,NA,"Indomalayan",1,1,0,0,0,0,1,0,0,0,0,0,0,0,1,0,0,0,1,0,0,0,0,0,0,0,0,0,0,0,0,0,0,0,"Chaerephon johorensis","Chaerephon johorensis",1,0,NA,NA,NA,NA,NA,NA,NA,NA,NA,NA,3.193423929,3.193423929,3.193423929,33.18257222,-5.971978633,29.35309992,-11.55228138,21.13615966,-17.86011756,-11.22816319,-4.566712916,10.29944313,6.20096948,-4.828149094,7.523325594,-0.000845413,-0.884029948,-6.013412096,-9.665164071,0.503434723
5180,"Chiroptera","Molossidae","Chaerephon leucogaster",12.5,0.287,90,38.99,1825,140.97,140.97,0.0772438356164384,NA,152.08,62.57,NA,1,3,252.101,3.63,24.5,NA,637.227,0.0833315068493151,0.8712,NA,NA,0,2,NA,NA,100,0,0,100,0,0,0,0,0,0,0,0,0,1,3,"A",1,0,0,0,1,NA,NA,NA,NA,NA,NA,NA,NA,3,1,0,0,0,0,NA,NA,NA,NA,0,0,0,0,0,0,0,0,0,0,0,0,0,0,0,0,0,0,0,0,0,0,0,0,"Chaerephon pumilus","Chaerephon leucogaster",0,0,NA,8.09,35,NA,NA,NA,NA,NA,NA,NA,NA,NA,NA,35.47465408,10.27499012,26.1512209,-14.15928083,-0.094455721,-18.40642324,-17.45448612,7.607770584,1.761969812,9.17616034,-0.001050714,5.162008167,1.738510026,-0.523946702,5.248579459,-7.095222211,1.025069302
5181,"Chiroptera","Molossidae","Chaerephon major",15.17,1.508,88.421,44.94,4714.833,NA,469.216,0.0995191134023199,NA,569.111,99.491,NA,1,1.134,351.635,NA,60.475,NA,1905.496,0.120706502223939,NA,NA,NA,1,2,NA,NA,100,0,0,100,0,0,0,0,0,0,0,0,0,1,3,"A",1,0,0,0,1,NA,0,NA,NA,"Occurs on mainland",NA,NA,"Afrotropical",2,1,0,0,0,0,1,0,0,0,0,1,0,0,0,0,0,0,0,1,0,0,0,1,0,0,0,0,0,0,0,0,0,0,"Chaerephon major","Chaerephon major",0,1,NA,NA,44.94,NA,NA,NA,NA,NA,NA,NA,0.221643398,0.9402915,1.408375089,33.35905217,-5.013091562,29.39794924,-11.81383645,20.02779325,-18.04502041,-11.66998079,-4.007253179,10.02016355,6.431487864,-4.674202978,7.538510865,-0.004029068,-0.973536262,-5.327140399,-9.751729277,0.428821783
5182,"Chiroptera","Molossidae","Chaerephon nigeriae",20.14,0.402,88.868,47,2845.07,NA,303.937,0.106829357449905,NA,377.973,83.71,NA,1.01,1.392,325.264,NA,54.027,NA,1400.698,0.132851915770087,NA,NA,NA,NA,2,NA,NA,100,0,0,100,0,0,0,0,0,0,0,0,0,1,3,"A",1,0,0,0,1,1000,0,1000,NA,"Occurs on mainland",NA,NA,"Afrotropical",2,1,0,0,0,0,1,0,0,0,0,1,0,0,0,0,0,0,1,1,0,1,0,0,0,0,0,0,0,0,0,1,0,0,"Chaerephon nigeriae","Chaerephon nigeriae",1,1,NA,NA,47.45000003,NA,NA,NA,0,0,0,1,0.2434064,0.340374701,0.432254366,34.5720861,3.393441005,27.82329047,-13.10104713,10.10407482,-19.12950444,-15.35752259,1.486223842,7.148060112,8.792903523,-3.065924342,7.608406405,0.688914194,-1.146702725,-0.413574785,-9.243905052,0.397420919
5183,"Chiroptera","Molossidae","Chaerephon plicatus",21.83,0.385,89.014,46.39,2466.997,NA,249.3,0.101054034520512,NA,339.806,88.64,NA,0.99,2,272.183,4.5,57.993,NA,1267.187,0.137740743097782,0.408153916628493,NA,NA,0,2,NA,NA,100,0,0,100,0,0,0,0,0,0,0,0,0,1,3,"A",1,0,0,0,1,950,0,950,NA,"Occurs on mainland",NA,NA,"Indomalayan",2,1,0,0,0,0,1,0,0,0,0,0,0,0,1,0,0,0,1,0,0,1,1,0,1,0,0,0,0,0,0,1,1,0,"Chaerephon plicatus","Chaerephon plicatus",1,0,76.00097421,11.1,46.39000005,NA,0,NA,NA,NA,NA,NA,0.628782609,1.913575897,2.377256609,33.47733838,-4.387713088,29.30089584,-11.91578142,19.29042337,-18.18075673,-12.01048524,-3.602548517,9.849963569,6.613322672,-4.585589605,7.569195745,0.01643071,-1.011729516,-4.987068856,-9.823337923,0.411173584
5184,"Chiroptera","Molossidae","Chaerephon pumilus",10.98,0.287,95,38.99,1825,140.97,140.97,0.0772438356164384,NA,152.08,62.57,NA,1,3,249.926,3.63,24.5,NA,637.227,0.0833315068493151,0.991803278688524,NA,NA,0,2,NA,NA,100,0,0,100,0,0,0,0,0,0,0,0,0,1,3,"A",1,0,0,0,1,NA,NA,NA,NA,"Occurs on mainland",NA,NA,NA,3,1,0,0,0,0,1,0,0,0,0,0,0,0,0,0,0,0,1,1,1,1,0,0,0,0,0,0,0,0,0,1,0,0,"Chaerephon pumilus","Chaerephon pumilus",1,1,57.91060964,8.900000007,38.98999998,4015.000004,0,1,0,0,0,1,0.253815524,0.687256762,0.836328905,35.47465408,10.27499012,26.1512209,-14.15928083,-0.094455721,-18.40642324,-17.45448612,7.607770584,1.761969812,9.17616034,-0.001050714,5.162008167,1.738510026,-0.523946702,5.248579459,-7.095222211,1.025069302
5185,"Chiroptera","Molossidae","Chaerephon pusillus",10.98,0.287,95,38.99,1825,140.97,140.97,0.0772438356164384,NA,152.08,62.57,NA,1,3,251.272,3.63,24.5,NA,637.227,0.0833315068493151,0.991803278688524,NA,NA,0,2,NA,NA,100,0,0,100,0,0,0,0,0,0,0,0,0,1,3,"A",1,0,0,0,1,NA,NA,NA,NA,NA,NA,NA,NA,3,1,0,0,0,0,NA,NA,NA,NA,0,0,0,0,0,0,0,0,0,0,0,0,0,0,0,0,0,0,0,0,0,0,0,0,"Chaerephon pumilus","Chaerephon pusillus",0,0,NA,NA,NA,NA,NA,NA,NA,NA,NA,NA,0.308262525,0.90972347,1.229173205,35.47465408,10.27499012,26.1512209,-14.15928083,-0.094455721,-18.40642324,-17.45448612,7.607770584,1.761969812,9.17616034,-0.001050714,5.162008167,1.738510026,-0.523946702,5.248579459,-7.095222211,1.025069302
5186,"Chiroptera","Molossidae","Chaerephon russatus",16.98,0.45,84.488,44.49,4917.52,NA,492.926,0.100238738225772,NA,590.642,91.944,NA,0.99,1.06,361.554,NA,57.683,NA,1951.483,0.120109730107859,NA,NA,NA,1,2,NA,NA,100,0,0,100,0,0,0,0,0,0,0,0,0,1,3,"A",1,0,0,0,1,NA,NA,NA,NA,"Occurs on mainland",NA,NA,"Afrotropical",1,1,0,0,0,0,1,0,0,0,0,1,0,0,0,0,0,0,1,1,0,0,0,0,0,0,0,0,0,0,0,0,0,0,"Chaerephon russatus","Chaerephon russatus",1,0,NA,NA,44.49,NA,NA,NA,NA,NA,NA,NA,NA,NA,NA,33.49464852,-3.983681337,29.27565107,-12.00921438,18.82379697,-18.32865221,-12.24492368,-3.386338622,9.798728382,6.751553956,-4.552902222,7.619467849,0.015791452,-1.050099795,-4.792612127,-9.821850897,0.375743201
5187,"Chiroptera","Molossidae","Chaerephon solomonis",20.71,2.193,92.745,NA,3839.027,NA,344.233,0.0896667306585757,NA,418.961,90.136,NA,1.009,1.426,320.104,NA,58.561,NA,1637.563,0.109132079560785,NA,NA,NA,1,2,NA,NA,100,0,0,NA,NA,NA,NA,NA,NA,NA,NA,NA,NA,1,3,"A",1,0,0,0,1,NA,NA,NA,NA,"Occurs only on isolated islands",NA,NA,"Australasian",1,1,0,0,0,0,0,0,0,1,0,0,0,1,0,0,0,0,1,0,1,0,0,0,1,0,0,0,0,0,1,0,0,0,"Chaerephon solomonis","Chaerephon solomonis",1,0,NA,NA,NA,NA,NA,NA,NA,NA,NA,NA,NA,NA,NA,33.74974368,-2.484125078,28.99167789,-12.21490785,17.19806728,-18.58048575,-12.9374306,-2.543801839,9.51658635,7.254078929,-4.393982557,7.769803793,0.093675101,-1.10969928,-4.09306359,-9.731549947,0.345314093
5188,"Chiroptera","Molossidae","Chaerephon tomensis",7.48,0.282,75.036,38.62,2707.673,NA,325.314,0.120145231717419,NA,399.161,89.947,NA,1.011,1.196,346.419,NA,52.766,NA,1398.258,0.147418465966902,NA,NA,NA,1,2,NA,NA,100,0,0,NA,NA,NA,NA,NA,NA,NA,NA,NA,NA,1,3,"A",1,0,0,0,1,NA,NA,NA,NA,"Occurs only on isolated islands",NA,NA,"Afrotropical",1,1,0,0,0,0,0,0,0,1,0,1,0,0,0,0,0,0,1,1,0,1,0,0,0,0,0,0,0,0,0,1,0,0,"Chaerephon tomensis","Chaerephon tomensis",0,0,NA,NA,NA,NA,NA,NA,NA,NA,NA,NA,NA,NA,NA,34.33938054,1.531081912,28.28119858,-12.86464591,12.29982551,-18.97189579,-14.67193087,0.337549441,7.840963315,8.378486671,-3.417971221,7.628967953,0.460438355,-1.219797252,-1.304342462,-9.610911212,0.310536077
5729,"Chiroptera","Vespertilionidae","Chalinolobus dwyeri",8.74,0.167,56.101,40,1569.448,NA,269.779,0.17189419464678,NA,356.408,78.072,NA,1.67,1,357.48,NA,36.41,4.7,1460.334,0.227091308536505,NA,NA,NA,1,2,NA,NA,100,0,0,100,0,0,0,0,0,0,0,0,0,1,3,"A",1,0,0,0,1,NA,NA,NA,0,"Occurs on mainland",0,0,"Australasian",3,1,0,0,0,0,1,0,0,0,0,0,0,1,0,0,0,0,1,1,0,0,0,0,1,0,0,0,0,0,0,0,0,0,"Chalinolobus dwyeri","Chalinolobus dwyeri",1,0,32.33982213,6,40,NA,NA,NA,NA,NA,NA,NA,0.122023271,0.741030338,1.106279766,33.15631104,36.15369501,-28.81815246,13.39408245,9.964820106,-1.377634208,-0.971748511,0.781052818,0.029817059,5.560290255,6.630473815,-6.765225033,-0.314524638,-0.175863309,-7.105282547,-1.111013759,-0.502368
5730,"Chiroptera","Vespertilionidae","Chalinolobus gouldii",15.87,0.24,102.925,43.87,2761.833,365.25,365.25,0.132249125852287,NA,457.18,91.93,NA,1.705,0.75,443.564,NA,102.629,NA,2264.724,0.165534990710879,NA,NA,NA,1,2,NA,NA,100,0,0,100,0,0,0,0,0,0,0,0,0,1,3,"A",1,0,0,0,1,NA,NA,NA,0,"Occurs on mainland",1,0,"Australasian",4,1,0,0,0,0,1,0,0,0,0,0,0,1,0,0,0,0,1,1,1,1,0,0,0,0,0,0,0,0,0,1,0,0,"Chalinolobus gouldii","Chalinolobus gouldii",0,0,43.1009293,7.800000006,43.03333001,114.9999999,NA,NA,0,0,0,1,0.027438321,0.518665076,0.767689253,33.15556909,36.31753626,-29.14540329,13.63522835,10.22238674,-1.667765096,-1.441033934,1.334281496,-0.882123832,3.362082347,4.921903073,-5.230461049,-0.457374882,-0.221086654,-6.771487982,-0.838281815,-0.818244472
5731,"Chiroptera","Vespertilionidae","Chalinolobus morio",8.91,0.184,60.943,37,3125.543,NA,350.245,0.112058928640559,NA,407.607,88.465,NA,1.19,1,361.361,1.68,49.493,NA,1671.892,0.130411579683914,0.224377104377104,NA,NA,1,2,NA,NA,100,0,0,100,0,0,0,0,0,0,0,0,0,1,3,"A",1,0,0,0,1,NA,NA,NA,0,"Occurs on mainland",1,0,"Australasian",6,1,0,0,0,0,1,0,0,0,0,0,0,1,0,0,0,0,1,1,1,1,0,0,1,0,0,0,0,0,0,1,0,0,"Chalinolobus morio","Chalinolobus morio",1,0,41.44876629,7.400000005,37.94999998,30.00000002,NA,NA,NA,NA,NA,NA,0.030646208,0.694932599,0.957476861,33.15870826,36.36441761,-29.20354247,13.68259763,10.25374709,-1.706354106,-1.509606066,1.388832497,-0.983752516,3.091888227,4.72001336,-5.059012072,-0.461966595,-0.238470348,-6.7165666,-0.819030099,-0.854625381
5732,"Chiroptera","Vespertilionidae","Chalinolobus neocaledonicus",15.87,5.705,146.723,NA,2761.833,365.25,365.25,0.132249125852287,NA,457.18,91.93,NA,1.705,0.75,442.23,NA,111.575,NA,2295.44,0.165534990710879,NA,NA,NA,1,2,NA,NA,100,0,0,NA,NA,NA,NA,NA,NA,NA,NA,NA,NA,1,3,"A",1,0,0,0,1,NA,NA,NA,NA,"Occurs only on isolated islands",NA,NA,"Australasian",NA,1,0,0,0,0,0,0,0,1,0,0,0,1,0,0,0,0,1,0,1,1,0,0,0,0,0,0,0,0,0,1,0,0,"Chalinolobus neocaledonicus","Chalinolobus neocaledonicus",0,0,NA,NA,NA,NA,NA,NA,NA,NA,NA,NA,NA,NA,NA,33.15206883,36.13694924,-28.77474413,13.36775014,9.923215051,-1.335650627,-0.910264228,0.700986461,0.146698896,5.804776766,6.814448323,-6.927674898,-0.291001947,-0.176886113,-7.106427545,-1.142493714,-0.462573625
5733,"Chiroptera","Vespertilionidae","Chalinolobus nigrogriseus",8.79,0.537,78.562,34.99,3539.518,NA,355.474,0.100430058555995,NA,419.546,102.768,NA,1.5,1.032,361.261,NA,45.726,NA,1718.961,0.118531958306187,NA,NA,NA,0,2,NA,NA,100,0,0,100,0,0,0,0,0,0,0,0,0,1,3,"A",1,0,0,0,1,300,0,300,0,"Occurs on mainland",1,0,"Australasian",4,1,0,0,0,0,1,0,0,0,0,0,0,1,0,0,0,0,1,1,1,1,0,0,0,0,0,0,0,0,0,1,0,0,"Chalinolobus nigrogriseus","Chalinolobus nigrogriseus",1,0,NA,NA,34.98999996,NA,NA,NA,NA,NA,NA,NA,0.153729469,0.660571774,0.905010041,33.15864315,36.2916371,-29.0027872,13.54178678,10.07614962,-1.500230807,-1.172181287,0.958001186,-0.289901794,4.760845972,6.05936026,-6.275187547,-0.339155553,-0.232363395,-7.052610742,-1.054841357,-0.628709776
5734,"Chiroptera","Vespertilionidae","Chalinolobus picatus",5.86,0.198,62.73,33.5,1373.625,NA,277.861,0.20228301028301,NA,359.761,79.567,NA,2,1.057,358.305,NA,45.792,NA,1460,0.26190626990627,NA,NA,NA,1,2,NA,NA,100,0,0,100,0,0,0,0,0,0,0,0,0,1,3,"A",1,0,0,0,1,400,40,360,0,"Occurs on mainland",0,0,"Australasian",3,1,0,0,0,0,1,0,0,0,0,0,0,1,0,0,0,0,1,1,1,0,0,0,0,0,0,0,0,0,0,0,0,0,"Chalinolobus picatus","Chalinolobus picatus",0,0,38.90770942,6.03,33.5,NA,NA,NA,NA,NA,NA,NA,0.043254216,0.258892017,0.387590044,33.10949936,35.82488966,-28.00663925,12.85955401,9.253492542,-0.642007317,0.148180628,-0.702558755,2.220741089,9.823490548,9.488016978,-9.108793031,0.148846253,-0.120800061,-5.641154557,-1.234589993,0.277443932
5735,"Chiroptera","Vespertilionidae","Chalinolobus tuberculatus",10.46,0.281,77.187,41,5632.92,NA,492.608,0.087451623669429,NA,593.288,97.04,NA,0.98,1.018,362.994,NA,53.178,NA,2131.159,0.105325124447001,NA,NA,NA,1,2,NA,NA,100,0,0,100,0,0,0,0,0,0,0,0,0,1,3,"A",1,0,0,0,1,NA,NA,NA,1,"Occurs only on isolated islands",0,1,"Australasian",1,1,0,0,0,0,0,0,0,1,0,0,0,1,0,0,0,0,1,0,1,1,0,0,0,0,0,0,0,0,0,1,0,0,"Chalinolobus tuberculatus","Chalinolobus tuberculatus",0,0,NA,NA,NA,NA,NA,NA,NA,NA,NA,NA,0.666702265,1.795828917,2.247988747,33.1476832,36.22139534,-28.91156818,13.47565563,10.02515584,-1.453803015,-1.094180468,0.8937051,-0.168818575,5.064665744,6.279635993,-6.463224699,-0.329523461,-0.209802884,-7.082568496,-1.078806031,-0.579581757
5189,"Chiroptera","Molossidae","Cheiromeles parvidens",169.43,1.469,121.739,NA,182.5,NA,434.163,2.37897534246575,NA,553.373,135.027,NA,1.126,1.247,328.611,NA,81.071,NA,1722.125,3.03218082191781,NA,NA,NA,0,2,NA,NA,100,0,0,NA,NA,NA,NA,NA,NA,NA,NA,NA,NA,1,3,"A",1,0,0,0,1,200,0,200,NA,"Occurs only on isolated islands",NA,NA,"Australasian, Indomalayan",2,1,0,0,0,0,0,0,0,1,0,0,0,1,1,0,0,0,1,0,0,1,0,0,1,0,0,0,0,0,0,1,0,0,"Cheiromeles parvidens","Cheiromeles parvidens",1,0,NA,NA,NA,NA,NA,NA,NA,NA,NA,NA,NA,NA,NA,35.79296958,11.41481834,26.21309246,-14.57849433,-2.873939999,-17.15493913,-17.20991829,9.884462849,-1.523219756,7.922846997,2.307683763,2.009718319,1.619873793,-0.54515628,8.619903117,-4.830090308,0.434615263
5190,"Chiroptera","Molossidae","Cheiromeles torquatus",169.43,1.366,123.17,81.49,182.5,NA,365.704,2.00385753424658,NA,458.504,123.923,NA,1.127,1.449,305.224,NA,78.87,NA,1587.081,2.51235068493151,NA,NA,NA,0,2,NA,NA,100,0,0,100,0,0,0,0,0,0,0,0,0,1,3,"A",1,0,0,0,1,NA,NA,NA,1,"Occurs on mainland",1,0,"Indomalayan",2,1,0,0,0,0,1,0,0,0,0,0,0,0,1,0,0,0,1,0,0,0,0,0,1,0,0,0,0,0,0,0,0,0,"Cheiromeles torquatus","Cheiromeles torquatus",1,0,67.36427918,NA,80,NA,NA,NA,NA,NA,NA,NA,2.169437932,2.169437932,2.169437932,35.76885313,11.35442801,26.19751374,-14.54996435,-2.719686217,-17.23223017,-17.22849886,9.750106072,-1.321906063,7.999821907,2.155746608,2.218644971,1.631104731,-0.53790972,8.404605592,-4.962279733,0.483315069
5295,"Chiroptera","Natalidae","Chilonatalus macer",3,0.296,58.062,33.5,5656.853,NA,455.21,0.0804705372404056,NA,568.165,131.135,NA,1,1.072,359.593,NA,64.532,NA,2049.918,0.100438353268151,NA,NA,NA,0,2,NA,NA,100,0,0,100,0,0,0,0,0,0,0,0,0,1,3,"A",1,0,0,0,1,230,0,230,NA,NA,NA,NA,"Neotropical",1,1,0,0,0,0,NA,NA,NA,NA,0,0,0,0,0,0,1,0,1,0,0,0,0,0,0,0,0,0,0,0,0,0,0,0,"Chilonatalus micropus","Chilonatalus macer",0,0,NA,NA,NA,NA,NA,NA,NA,NA,NA,NA,NA,NA,NA,28.70000624,-27.51013335,18.35072748,-1.316449201,32.83642745,2.626697761,6.750467745,-7.779611756,0.890126288,-7.15741206,0.102185527,-6.507199535,-1.90221938,0.769218555,0.970752051,16.80924564,-1.389906325
5296,"Chiroptera","Natalidae","Chilonatalus micropus",3,0.205,56.565,33.5,5586.845,NA,453.259,0.0811296894759028,NA,561.86,130.005,NA,1,1.077,359.939,NA,64.311,NA,2030.078,0.100568388777566,NA,NA,NA,0,2,NA,NA,100,0,0,100,0,0,0,0,0,0,0,0,0,1,3,"A",1,0,0,0,1,400,0,400,1,"Occurs only on isolated islands",1,0,"Neotropical",1,1,0,0,0,0,0,0,0,1,0,0,0,0,0,0,1,0,0,0,0,0,0,0,1,0,0,0,0,0,0,0,0,0,"Chilonatalus micropus","Chilonatalus micropus",0,0,NA,NA,33.5,NA,NA,NA,NA,NA,NA,NA,1.175549867,1.387419969,1.396108825,28.70000624,-27.51013335,18.35072748,-1.316449201,32.83642745,2.626697761,6.750467745,-7.779611756,0.890126288,-7.15741206,0.102185527,-6.507199535,-1.90221938,0.769218555,0.970752051,16.80924564,-1.389906325
5297,"Chiroptera","Natalidae","Chilonatalus tumidifrons",3.62,0.721,67.793,32.99,4729.556,NA,374.919,0.0792715003268806,NA,460.502,130.782,NA,1.017,1.135,351.666,NA,67.733,NA,1793.787,0.097366856423732,NA,NA,NA,0,2,NA,NA,100,0,0,100,0,0,0,0,0,0,0,0,0,1,3,"A",1,0,0,0,1,NA,NA,NA,0,"Occurs only on isolated islands",0,0,"Neotropical",2,1,0,0,0,0,0,0,0,1,0,0,0,0,0,0,1,0,1,0,0,0,0,0,1,0,0,0,0,0,0,0,0,0,"Chilonatalus tumidifrons","Chilonatalus tumidifrons",0,0,NA,NA,32.99000003,NA,NA,NA,NA,NA,NA,NA,1.16337311,1.16337311,1.16337311,28.4663367,-28.16275361,17.94012734,-1.049215448,32.74038271,3.03575922,7.009903786,-7.708398276,0.517075284,-7.285266012,0.301436137,-6.81755223,-1.880647983,0.784680822,1.398179955,16.46227093,-1.273280348
5047,"Chiroptera","Phyllostomidae","Chiroderma doriae",19.9,0.646,73.138,52.5,5815.533,NA,407.252,0.070028318986411,NA,533.802,106.45,NA,1,1.809,242.485,NA,51.75,NA,2094.785,0.091789007129699,NA,NA,NA,0,2,NA,NA,0,0,100,0,0,0,0,0,0,100,0,0,0,1,1,"Ar",1,0,0,0,1,NA,NA,NA,0,"Occurs on mainland",1,0,"Neotropical",1,0,1,0,0,0,1,0,0,0,0,0,0,0,0,0,1,0,1,0,0,1,0,0,0,0,0,0,0,0,0,1,0,0,"Chiroderma doriae","Chiroderma doriae",1,0,54.3772351,7.599999995,52.52499999,NA,NA,NA,NA,NA,NA,NA,0.870477938,1.250490796,1.228680158,21.75787735,-50.24377135,-10.18073855,11.75924983,-9.361514985,12.73922971,-3.695302899,15.83600288,-2.335841301,9.895816537,-1.126853624,6.797422359,6.139008193,4.657995415,-2.918153939,2.76090895,5.496167226
5049,"Chiroptera","Phyllostomidae","Chiroderma improvisum",35.39,0.963,80.473,57.5,5685.051,NA,451.737,0.0794605008820501,NA,570.349,121.552,NA,0.991,1.686,246.407,NA,57.356,NA,2148.821,0.100324341857267,NA,NA,NA,0,2,NA,NA,0,0,100,0,0,0,0,0,0,100,0,0,0,1,1,"Ar",1,0,0,0,1,NA,NA,NA,1,"Occurs only on isolated islands",0,0,"Neotropical",1,0,1,0,0,0,0,0,0,1,0,0,0,0,0,0,1,0,1,0,0,0,0,0,0,0,0,0,0,0,0,0,0,0,"Chiroderma improvisum","Chiroderma improvisum",1,0,NA,NA,57.39999995,NA,NA,NA,NA,NA,NA,NA,0.80377404,0.821336254,0.831873582,21.78851821,-50.2486582,-10.04002966,11.70218403,-9.130904846,12.79976981,-3.524351519,15.78679911,-2.558186488,9.691161968,-0.960588813,6.571715725,6.066796389,4.580674241,-2.64544603,2.227974935,5.624052058
5050,"Chiroptera","Phyllostomidae","Chiroderma salvini",26.3,0.787,87,47.5,5747.088,NA,371.443,0.0646315142555673,NA,495.238,116.726,NA,0.99,1.813,242.496,NA,53.354,NA,2090.563,0.0861719883182579,NA,NA,NA,0,2,NA,NA,0,0,100,0,0,0,0,0,0,100,0,0,0,1,1,"Ar",1,0,0,0,1,NA,NA,NA,0,"Occurs on mainland",1,0,"Neotropical",2,0,1,0,0,0,1,0,0,0,0,0,0,0,0,0,1,0,1,1,0,0,0,0,0,0,0,0,0,0,0,0,0,0,"Chiroderma salvini","Chiroderma salvini",1,1,NA,NA,49.14999998,NA,NA,NA,NA,NA,NA,NA,0.393529519,1.317619322,1.80279461,21.79474491,-50.24620172,-9.97105613,11.68873328,-8.92297023,12.91224747,-3.370738295,15.77672634,-2.691445316,9.590581917,-0.863131113,6.449952534,5.9940408,4.508788608,-2.418606031,1.895310538,5.671648326
5052,"Chiroptera","Phyllostomidae","Chiroderma trinitatum",13.91,0.537,70,36.38,5771.293,NA,376.183,0.0651817538981299,NA,498.997,114.695,NA,0.98,1.852,241.171,NA,52.354,NA,2069.789,0.0864619072363853,NA,NA,NA,0,2,NA,NA,0,0,100,0,0,0,0,0,0,100,0,0,0,1,1,"Ar",1,0,0,0,1,1000,NA,NA,0,"Occurs on mainland",1,0,"Neotropical",2,0,1,0,0,0,1,0,0,0,0,0,0,0,0,0,1,0,1,0,0,0,0,0,1,0,0,0,0,0,0,0,0,0,"Chiroderma trinitatum","Chiroderma trinitatum",1,0,37.4553,6.340999997,38.12499997,NA,NA,NA,NA,NA,NA,NA,0.675874873,1.627192457,1.909991136,21.75422477,-50.25250011,-10.22026653,11.77456886,-9.455654202,12.69970082,-3.780265809,15.85855998,-2.243136024,9.976298882,-1.200190633,6.890088982,6.174172955,4.699411756,-3.070784104,3.021561797,5.449717608
5053,"Chiroptera","Phyllostomidae","Chiroderma villosum",23.81,0.706,71.495,45.51,5636.694,NA,410.339,0.0727978137539487,NA,532.274,121.66,NA,0.99,1.725,243.625,NA,53.849,NA,2132.481,0.0944301748507192,NA,NA,NA,0,2,NA,NA,0,0,100,0,0,0,0,0,0,100,0,0,0,1,1,"Ar",1,0,0,0,1,600,NA,NA,0,"Occurs on mainland",1,0,"Neotropical",1,0,1,0,0,0,1,0,0,0,0,0,0,0,0,0,1,0,1,0,0,0,0,0,0,0,0,0,0,0,0,0,0,0,"Chiroderma villosum","Chiroderma villosum",1,0,49.30029768,6.4,44.96666667,NA,NA,NA,NA,NA,NA,NA,0.381381179,1.528535327,1.888920236,21.77293776,-50.24585715,-10.11634807,11.731074,-9.269854593,12.75175844,-3.629351207,15.80770311,-2.430650278,9.798664827,-1.053961651,6.692229601,6.109428569,4.6299943,-2.812209259,2.535334903,5.564894526
6693,"Chiroptera","Phyllostomidae","Chiroderma vizzotoi",NA,NA,NA,NA,NA,NA,NA,NA,NA,NA,NA,NA,NA,NA,NA,NA,NA,NA,NA,NA,NA,NA,NA,NA,NA,NA,NA,NA,NA,NA,NA,NA,NA,NA,NA,NA,NA,NA,NA,NA,NA,NA,NA,NA,0,0,0,1,NA,NA,NA,NA,NA,NA,NA,NA,2,NA,NA,NA,NA,NA,NA,NA,NA,NA,0,0,0,0,0,0,0,0,0,0,0,0,0,0,0,0,0,0,0,0,0,0,0,0,NA,"Chiroderma doriae",0,0,NA,NA,NA,NA,NA,NA,NA,NA,NA,NA,0.870477938,1.250490796,1.228680158,NA,NA,NA,NA,NA,NA,NA,NA,NA,NA,NA,NA,NA,NA,NA,NA,NA
4387,"Chiroptera","Pteropodidae","Chironax melanocephalus",17.7,0.612,70,45.5,3642.261,NA,321.926,0.0883863072964842,NA,455.882,126.996,NA,0.98,1.812,247.762,NA,64.13,NA,1597.163,0.125164561243689,NA,NA,NA,0,2,NA,NA,0,0,100,0,0,0,0,0,0,100,0,0,0,1,1,"Ar",1,0,0,0,1,NA,NA,NA,1,"Occurs on mainland",0,0,"Australasian, Indomalayan",2,0,1,0,0,0,1,0,0,0,0,0,0,1,1,0,0,0,1,0,0,0,0,0,1,0,0,0,0,0,0,0,0,0,"Chironax melanocephalus","Chironax melanocephalus",1,0,42.0324,5.986500002,44.5,4.999999996,NA,NA,0,0,1,0,1.581502342,2.029955442,2.34734537,-74.35997331,8.188523864,6.096322962,3.265044069,2.084740053,13.84071884,-16.76239757,-6.994554003,0.807222261,-4.482527064,8.837039213,4.588367442,2.040634213,-12.13708006,-0.330497053,1.856950145,9.007960533
4924,"Chiroptera","Phyllostomidae","Choeroniscus godmani",7.9,0.34,58,34,4701.682,NA,425.652,0.0905318564717903,NA,534.886,114.4,NA,0.98,1.62,260.245,NA,53.774,NA,2051.861,0.113764818632991,NA,NA,NA,0,2,NA,NA,30,0,70,30,0,0,0,0,0,40,30,0,0,3,2,"Ar",1,0,0,0,1,1600,0,1600,0,"Occurs on mainland",1,0,"Neotropical",2,0,1,0,0,0,1,0,0,0,0,0,0,0,0,0,1,0,1,0,0,1,0,0,0,0,0,0,0,0,0,1,0,0,"Choeroniscus godmani","Choeroniscus godmani",1,0,46.2418029,6.4,34,NA,NA,NA,NA,NA,NA,NA,0.346082453,1.334349762,1.539874691,18.33253018,-46.98670123,-19.9152065,9.222847154,-23.88634083,-15.17141644,-6.986055082,-14.63797954,5.888292496,-9.429699077,1.356980494,-6.836629396,-4.101193147,-2.957386213,1.268317717,-0.260195355,0.24143647
4925,"Chiroptera","Phyllostomidae","Choeroniscus minor",8.63,0.389,51,35.49,4866.402,NA,387.837,0.0796968684461333,NA,501.766,113.973,NA,0.98,1.68,252.133,NA,50.638,NA,2077.38,0.103108210131428,NA,NA,NA,0,2,NA,NA,30,0,70,30,0,0,0,0,0,40,30,0,0,3,2,"Ar",1,0,0,0,1,1300,50,1250,0,"Occurs on mainland",1,0,"Neotropical",3,0,1,0,0,0,1,0,0,0,0,0,0,0,0,0,1,0,1,0,0,1,1,0,0,0,0,0,0,0,0,1,0,0,"Choeroniscus minor","Choeroniscus minor",1,0,50.37392392,6.199999993,35.48999997,4.999999996,NA,NA,0,1,0,0,1.048892173,1.393211356,1.287648935,18.32012885,-46.95867369,-19.92323297,9.178813542,-23.88301522,-15.2716977,-6.91593792,-14.72285526,5.805878075,-9.439106949,1.413509578,-6.785780724,-4.006512368,-2.902203547,1.266645689,-0.17854061,0.347271546
4926,"Chiroptera","Phyllostomidae","Choeroniscus periosus",10.46,0.462,66,41,4591.461,NA,488.634,0.106422334851586,NA,616.634,119.616,NA,0.988,1.594,250.913,NA,58.384,NA,2190,0.134300171557594,NA,NA,NA,0,2,NA,NA,30,0,70,30,0,0,0,0,0,40,30,0,0,3,2,"Ar",1,0,0,0,1,500,0,500,0,"Occurs on mainland",0,0,"Neotropical",1,0,1,0,0,0,1,0,0,0,0,0,0,0,0,0,1,0,1,0,0,0,0,0,0,0,0,0,0,0,0,0,0,0,"Choeroniscus periosus","Choeroniscus periosus",1,0,NA,NA,NA,NA,NA,NA,NA,NA,NA,NA,NA,NA,NA,18.35488389,-47.07850169,-19.91887912,9.272751484,-23.8773777,-15.03156116,-7.05561121,-14.47270033,5.971539267,-9.344656138,1.283560902,-6.810414227,-4.263633325,-3.127610813,1.213711309,-0.292668058,-0.01372232
4927,"Chiroptera","Phyllostomidae","Choeronycteris mexicana",19.13,0.546,79.5,44.49,4790.724,NA,315.589,0.0658750117936245,NA,431.461,115.489,NA,0.995,1,319.036,4.85,17.5,NA,1887.791,0.0900617526703688,0.252260846837428,NA,NA,0,2,NA,NA,20,0,80,20,0,0,0,0,0,40,40,0,0,3,2,"Ar",1,0,0,0,1,2400,300,2100,0,"Occurs on mainland",1,0,"Nearctic, Neotropical",4,0,1,0,0,0,1,0,0,0,0,0,0,0,0,1,1,0,1,0,0,1,0,0,1,1,0,0,0,0,0,1,0,0,"Choeronycteris mexicana","Choeronycteris mexicana",1,0,52.08309347,6.900000004,44.49000003,1,NA,4.999999999,0,0,0,1,0.144957472,0.468894745,0.563604479,18.36487312,-47.12503112,-19.9359108,9.307880169,-23.91760197,-14.96528168,-7.131409668,-14.38868513,6.066706349,-9.312586275,1.220929941,-6.823025461,-4.421327442,-3.277466127,1.175537768,-0.319767268,-0.238623035
5013,"Chiroptera","Phyllostomidae","Chrotopterus auritus",84.38,2.64,108.5,82.56,5894.622,547.875,547.875,0.0929448911227895,547.875,700.92,153.045,NA,0.995,1,355.199,NA,273.96,NA,2310.677,0.118908388018774,NA,NA,NA,0,2,NA,NA,30,40,30,30,0,20,20,0,0,30,0,0,0,4,2,"S",1,0,0,0,1,NA,NA,NA,0,"Occurs on mainland",1,0,"Neotropical",2,0,0,0,0,1,1,0,0,0,0,0,0,0,0,0,1,0,1,0,0,1,0,0,1,0,0,0,0,0,0,1,0,0,"Chrotopterus auritus","Chrotopterus auritus",1,0,34.45112655,5.590000001,82.55999995,3.999999997,NA,9.000000001,0,0,0,1,0.597220522,1.396734556,1.699337466,19.98048851,-49.87639951,-17.11119755,12.14607377,-20.74463541,-1.04612884,-9.201210309,0.12195172,7.780968256,-1.017100339,-2.944982978,-2.049890825,-7.372146136,-5.775294439,-0.156989792,-0.517437037,-7.65799565
5124,"Chiroptera","Cistugidae","Cistugo lesueuri",6.38,2.42,114.532,34.5,5862.893,NA,528.563,0.0901539564170794,NA,651.637,137.908,NA,1.117,1.014,361.345,NA,86.693,NA,2149.052,0.11114598202628,NA,NA,NA,1,2,NA,NA,100,0,0,100,0,0,0,0,0,0,0,0,0,1,3,"A",1,0,0,0,1,NA,0,NA,0,"Occurs on mainland",0,0,"Afrotropical",3,1,0,0,0,0,1,0,0,0,0,1,0,0,0,0,0,0,0,0,1,1,0,0,0,1,0,0,0,0,0,0,0,0,"Cistugo lesueuri","Cistugo lesueuri",0,0,17.68363412,6.144587506,34.49999999,NA,NA,NA,NA,NA,NA,NA,NA,NA,NA,36.95845209,14.69395395,25.31087329,-15.01059777,-10.08616279,-9.221454379,-11.34302138,11.58702415,-8.450182168,1.344021875,5.992245736,-5.711125588,0.256374456,-0.249266904,9.420507675,5.182625092,-1.494490687
5125,"Chiroptera","Cistugidae","Cistugo seabrae",5.37,2.392,112.545,32.49,5627.283,NA,525.897,0.0934548697835172,NA,649.2,142.581,NA,1.126,1.02,361.044,NA,86.633,NA,2162.743,0.11536650991251,NA,NA,NA,1,2,NA,NA,100,0,0,100,0,0,0,0,0,0,0,0,0,1,3,"A",1,0,0,0,1,NA,0,NA,0,"Occurs on mainland",0,0,"Afrotropical",2,1,0,0,0,0,1,0,0,0,0,1,0,0,0,0,0,0,1,0,0,1,0,1,0,1,0,0,0,0,0,1,0,0,"Cistugo seabrae","Cistugo seabrae",0,0,0.003663902,6.893251534,32.48999997,NA,NA,NA,NA,NA,NA,NA,NA,NA,NA,36.9150407,14.58546946,25.3283873,-14.99667402,-9.939279305,-9.421732237,-11.52139607,11.63509684,-8.374660923,1.508187907,6.001520619,-5.636906683,0.291051571,-0.269370313,9.596612015,4.971308461,-1.487141963
4786,"Chiroptera","Hipposideridae","Cloeotis percivali",4.16,0.207,50,34.5,5607.362,NA,590.871,0.105374149198857,NA,693.111,91.24,NA,0.99,1.036,363.854,NA,63.879,NA,2268.391,0.123607321945685,NA,NA,NA,0,2,NA,NA,100,0,0,100,0,0,0,0,0,0,0,0,0,1,3,"A",1,0,0,0,1,1000,0,1000,0,"Occurs on mainland",0,0,"Afrotropical",2,1,0,0,0,0,1,0,0,0,0,1,0,0,0,0,0,0,1,1,0,0,0,0,1,0,0,0,0,0,0,0,0,0,"Cloeotis percivali","Cloeotis percivali",0,0,29.20625147,5.660501792,34.49999999,NA,NA,NA,NA,NA,NA,NA,0.356483166,0.533648842,0.667673072,-71.05746066,9.293192387,18.78604107,31.0995434,-3.628360965,-2.220535575,0.322460641,-5.949540258,-9.374088993,6.858598249,-7.893633802,-3.033532161,-0.526008931,3.342762645,-0.268602125,-0.775510026,-11.71801589
4588,"Chiroptera","Hipposideridae","Coelops frithii",7.52,0.345,69.814,41,4916.776,NA,616.437,0.125374228966298,NA,726.683,106.68,NA,0.98,1.039,362.964,NA,63.286,NA,2226.818,0.147796645606796,NA,NA,NA,1,2,NA,NA,100,0,0,100,0,0,0,0,0,0,0,0,0,1,3,"S",1,0,0,0,1,1370,100,1270,0,"Occurs on mainland",1,0,"Indomalayan",2,0,0,0,0,1,1,0,0,0,0,0,0,0,1,0,0,0,1,0,0,0,0,0,1,0,0,0,0,0,0,0,0,0,"Coelops frithii","Coelops frithii",1,0,24.19048416,4.329999996,41.00000003,NA,NA,NA,NA,NA,NA,NA,1.009636586,1.709647521,2.129654082,-74.5532461,8.782163517,9.994630492,11.15303187,0.72918036,12.36535008,-16.24840675,-9.082332408,-1.40278704,-4.007829415,11.69670381,7.199526155,-1.245735081,-3.319853455,-0.159332961,1.027976484,9.124184491
4590,"Chiroptera","Hipposideridae","Coelops robinsoni",6.5,0.311,66.788,34.99,4913.288,NA,597.18,0.121543862277155,NA,715.343,106.986,NA,1,1,362.57,NA,45.66,NA,2192.747,0.145593541432947,NA,NA,NA,1,2,NA,NA,100,0,0,100,0,0,0,0,0,0,0,0,0,1,3,"S",1,0,0,0,1,NA,NA,NA,0,"Occurs on mainland",1,0,"Indomalayan",2,0,0,0,0,1,1,0,0,0,0,0,0,0,1,0,0,0,1,0,0,0,0,0,1,0,0,0,0,0,0,0,0,0,"Coelops robinsoni","Coelops robinsoni",1,0,NA,NA,34.98999996,NA,NA,NA,0,0,0,1,1.59795157,3.41867239,4.025579331,-74.56858319,8.795862694,10.08146326,11.32943371,0.694784417,12.30855613,-16.21132306,-9.141504016,-1.490315803,-3.975880747,11.82435947,7.340517126,-1.434704088,-2.879395605,-0.16207621,0.991364103,8.939549211
4823,"Chiroptera","Emballonuridae","Coleura afra",10.68,0.258,66,48,2383.193,365,365,0.153155871135909,NA,365,108.128,NA,1,1.5,282.658,NA,53.021,NA,1180.423,0.153155871135909,NA,NA,NA,1,2,NA,NA,100,0,0,100,0,0,0,0,0,0,0,0,0,1,3,"A",1,0,0,0,1,NA,0,NA,0,"Occurs on mainland",1,0,"Afrotropical",5,1,0,0,0,0,1,0,0,0,0,1,0,0,0,0,0,0,1,1,1,0,0,0,1,1,0,0,0,0,0,0,0,0,"Coleura afra","Coleura afra",0,1,NA,NA,51.62500004,25249.99997,0,7,0,0,0,1,0.055794739,0.618813128,0.960825013,26.57528129,-35.40969312,13.19915225,1.862314803,30.97723328,8.096369054,10.68380989,-5.925983763,-3.752554162,-7.899777287,2.638816537,-8.280480372,-0.730162884,1.155832825,5.065351989,10.47607019,-0.326380246
4825,"Chiroptera","Emballonuridae","Coleura kibomalandy",10.68,0.258,66,48,2311.229,365,365,0.157924636632718,NA,365,108.922,NA,1,1.5,278.536,NA,57.405,NA,1158.166,0.157924636632718,NA,NA,NA,0,2,NA,NA,100,0,0,100,0,0,0,0,0,0,0,0,0,1,3,"A",1,0,0,0,1,115,20,95,NA,NA,NA,NA,"Afrotropical",1,1,0,0,0,0,NA,NA,NA,NA,0,1,0,0,0,0,0,0,1,0,0,0,0,0,0,0,0,0,0,0,0,0,0,0,"Coleura kibomalandy","Coleura kibomalandy",0,0,NA,NA,NA,NA,NA,NA,NA,NA,NA,NA,NA,NA,NA,26.43634288,-35.70485732,12.91449187,2.025870722,30.85713085,8.392408354,10.90909779,-5.831343063,-3.963083436,-7.970081693,2.713159261,-8.299891698,-0.689444774,1.135492159,5.14305855,10.06153934,-0.337339224
4826,"Chiroptera","Emballonuridae","Coleura seychellensis",10.64,0.258,59.99,54.34,5258.416,NA,388.033,0.0737927543199321,NA,475.476,110.787,NA,1.013,1.061,359.811,NA,57.018,NA,1847.272,0.0904219065208991,NA,NA,NA,0,2,NA,NA,100,0,0,100,0,0,0,0,0,0,0,0,0,1,3,"A",1,0,0,0,1,NA,NA,NA,NA,"Occurs only on isolated islands",NA,NA,"Afrotropical",2,1,0,0,0,0,0,0,0,1,0,1,0,0,0,0,0,0,1,0,0,0,1,0,1,0,0,0,0,0,0,0,0,0,"Coleura seychellensis","Coleura seychellensis",1,0,37.10854325,6.500000005,54.33999999,31.99999998,NA,NA,0,0,0,1,NA,NA,NA,26.05847751,-36.52764,12.49833169,2.24051868,30.64327758,8.694439707,11.22975733,-5.689477146,-4.314926754,-7.967058738,2.919667068,-8.339636678,-0.565737822,1.205349916,5.327210332,9.491948439,-0.255901696
4806,"Chiroptera","Emballonuridae","Cormura brevirostris",9.26,0.219,65,46.5,4377.631,NA,399.727,0.0913112594460337,NA,476.451,113.381,NA,1.018,1.103,351.723,NA,57.567,NA,1704.801,0.108837633870922,NA,NA,NA,1,2,NA,NA,100,0,0,100,0,0,0,0,0,0,0,0,0,1,3,"A",1,0,0,0,1,1000,0,1000,0,"Occurs on mainland",1,0,"Neotropical",1,1,0,0,0,0,1,0,0,0,0,0,0,0,0,0,1,0,1,0,0,0,0,0,0,0,0,0,0,0,0,0,0,0,"Cormura brevirostris","Cormura brevirostris",1,0,NA,NA,48.83332996,3.499999997,NA,1,0,0,0,1,0.895721421,1.787273876,2.119923807,25.1174367,-42.05051175,8.932354775,3.613893001,27.72522609,11.39570219,12.86869484,-1.824219986,-7.397284621,-4.961012842,4.19098991,-5.137187836,-0.583718732,-0.729990803,6.187451354,1.191185896,-1.627104054
5681,"Chiroptera","Vespertilionidae","Corynorhinus mexicanus",11.7,0.229,62,NA,7482.5,210.45,210.45,0.0281256264617441,NA,277.085,66.635,NA,1,1,364.75,2.425,31.5,NA,1756.579,0.0370310725025058,0.207264957264957,NA,NA,1,2,NA,NA,100,0,0,100,0,0,0,0,0,0,0,0,0,1,3,"S",1,0,0,0,1,3200,NA,NA,NA,"Occurs on mainland",NA,NA,"Neotropical",2,0,0,0,0,1,1,0,0,0,0,0,0,0,0,0,1,0,1,0,0,0,0,0,1,0,0,0,0,0,0,0,0,0,"Corynorhinus mexicanus","Corynorhinus mexicanus",0,0,NA,NA,NA,NA,NA,NA,NA,NA,NA,NA,0.172465182,0.647208195,0.729543814,30.59220489,33.58961962,-28.15100278,14.06685393,10.36337863,-3.476047261,-5.109363726,4.895178827,-5.799731874,-14.83969396,-13.60115942,12.93902066,-1.389842973,0.312479951,9.154746579,-0.604965492,2.295022242
5682,"Chiroptera","Vespertilionidae","Corynorhinus rafinesquii",9.15,0.289,68.614,43,3686.5,210.45,210.45,0.0570866675708667,NA,265.72,55.27,NA,1,1,345.291,2.45,21,NA,1289.803,0.0720792079207921,0.26775956284153,NA,NA,1,2,NA,NA,100,0,0,100,0,0,0,0,0,0,0,0,0,1,3,"S",1,0,0,0,1,720,NA,NA,0,"Occurs on mainland",0,0,"Nearctic",2,0,0,0,0,1,1,0,0,0,0,0,0,0,0,1,0,0,1,0,0,0,0,0,1,0,0,0,0,0,0,0,0,0,"Corynorhinus rafinesquii","Corynorhinus rafinesquii",0,0,29.14020801,5.900000005,41.15000004,50.99999999,NA,9.000000001,0,0,0,1,0.687157796,1.167634373,1.329529076,30.79056902,33.68029814,-28.23597351,14.10675956,10.36633451,-3.425630818,-4.969322885,4.757734836,-5.742101518,-14.61398186,-13.26334617,12.64176707,-1.206139315,0.398527807,8.944761837,-0.495410462,2.269544991
5683,"Chiroptera","Vespertilionidae","Corynorhinus townsendii",10.3,0.222,57.5,43.4,7725.833,210.45,210.45,0.0272397811342803,NA,277.94,67.49,NA,1,1,364.75,2.4,40.5,NA,1775.171,0.0359754087358606,0.233009708737864,NA,NA,1,2,NA,NA,100,0,0,100,0,0,0,0,0,0,0,0,0,1,3,"S",1,0,0,0,1,NA,NA,NA,0,"Occurs on mainland",1,0,"Nearctic",3,0,0,0,0,1,1,0,0,0,0,0,0,0,0,1,0,0,1,0,1,0,0,0,1,0,0,0,0,0,0,0,0,0,"Corynorhinus townsendii","Corynorhinus townsendii",0,0,33.1995685,5.900000005,43.40000005,20.5,0,4.999999999,0,0,0,1,0.020846138,0.242500413,0.332183706,30.66393514,33.6114915,-28.12958585,14.05507549,10.36320644,-3.470409393,-5.067953329,4.851677903,-5.788946721,-14.79331618,-13.50321945,12.84865746,-1.332503835,0.34455982,9.081731895,-0.551751261,2.288962482
4579,"Chiroptera","Craseonycteridae","Craseonycteris thonglongyai",1.98,0.087,30.99,24.11,5841.238,NA,586.108,0.100339688264714,NA,677.639,112.832,NA,1,1,364.75,NA,57.377,NA,2239.193,0.116009482921257,NA,NA,NA,0,2,NA,NA,100,0,0,100,0,0,0,0,0,0,0,0,0,1,3,"A",1,0,0,0,1,500,0,500,0,"Occurs on mainland",0,0,"Indomalayan",2,1,0,0,0,0,1,0,0,0,0,0,0,0,1,0,0,0,1,0,0,1,0,0,1,0,0,0,0,0,0,1,0,0,"Craseonycteris thonglongyai","Craseonycteris thonglongyai",0,0,41.98416079,7.100000005,24.10999998,10,NA,NA,1,0,0,0,NA,NA,NA,-64.57010419,9.179409676,18.01445008,31.04828748,-4.423335505,-21.06712571,30.21014697,32.44868344,34.23516124,-20.91436253,22.0296058,8.099332697,3.244623881,6.123934867,0.08855654,-0.869726595,-9.515813293
5191,"Chiroptera","Molossidae","Cynomops abrasus",35.39,0.418,90.213,43.5,4690.411,NA,451.46,0.0962516930819069,NA,547.487,89.897,NA,0.98,1.054,361.502,NA,53.114,NA,1913.252,0.116724739047388,NA,NA,NA,1,2,NA,NA,100,0,0,100,0,0,0,0,0,0,0,0,0,1,3,"A",1,0,0,0,1,NA,NA,NA,0,"Occurs on mainland",1,0,"Neotropical",1,1,0,0,0,0,1,0,0,0,0,0,0,0,0,0,1,0,1,0,0,0,0,0,0,0,0,0,0,0,0,0,0,0,"Cynomops abrasus","Cynomops abrasus",1,0,60.53072033,NA,43.5,NA,NA,NA,NA,NA,NA,NA,0.939786249,1.078137552,1.215855144,31.94700881,-13.35434972,29.58996846,-9.96922536,28.5599555,-15.50190701,-7.426893111,-7.191230996,10.0201351,3.727129959,-4.644960485,5.926312531,0.32768896,-0.061212396,-7.994563739,-5.97240586,0.934344489
5193,"Chiroptera","Molossidae","Cynomops greenhalli",15.87,0.3,60,35.49,4737.6,NA,441.269,0.0931418861870989,NA,535.477,96.142,NA,0.99,1.063,359.198,NA,55.673,NA,1823.233,0.113027060114826,NA,NA,NA,1,2,NA,NA,100,0,0,100,0,0,0,0,0,0,0,0,0,1,3,"A",1,0,0,0,1,1500,NA,NA,0,"Occurs on mainland",1,0,"Neotropical",1,1,0,0,0,0,1,0,0,0,0,0,0,0,0,0,1,0,1,0,0,1,0,0,0,0,0,0,0,0,0,1,0,0,"Cynomops greenhalli","Cynomops greenhalli",1,0,NA,NA,NA,NA,NA,NA,NA,NA,NA,NA,1.157025287,1.276781567,1.287648935,31.93147612,-13.69700573,29.47924983,-9.800705546,28.99843133,-15.14034065,-7.080716677,-7.289203523,9.890033679,3.387254536,-4.667153057,5.739019132,0.306002105,0.059283222,-7.933640824,-4.773048727,0.913907721
5195,"Chiroptera","Molossidae","Cynomops mexicanus",20,0.436,76,NA,3045.29,NA,321.173,0.105465489329423,NA,388.596,90.877,NA,1.007,1.081,356.404,NA,53.754,NA,1474.913,0.127605581077664,NA,NA,NA,1,2,NA,NA,100,0,0,100,0,0,0,0,0,0,0,0,0,1,3,"A",1,0,0,0,1,1500,0,1500,NA,"Occurs on mainland",NA,NA,"Neotropical",1,1,0,0,0,0,1,0,0,0,0,0,0,0,0,0,1,0,1,0,0,1,0,0,0,0,0,0,0,0,0,1,0,0,"Cynomops mexicanus","Cynomops mexicanus",1,0,NA,NA,NA,NA,NA,NA,NA,NA,NA,NA,0.706769874,0.927740122,1.062639987,31.92459463,-13.73649168,29.45492746,-9.77073788,29.10320401,-15.08218709,-6.996566062,-7.353549059,9.882455328,3.296204698,-4.665087415,5.661985495,0.286808325,0.089137666,-8.00294833,-4.416940283,0.898672899
5196,"Chiroptera","Molossidae","Cynomops milleri",12.16,0.382,66,NA,2983.895,NA,340.668,0.114168896693751,NA,419.52,94.314,NA,1.012,1.074,355.873,NA,52.051,NA,1466.527,0.140594759534099,NA,NA,NA,0,2,NA,NA,100,0,0,100,0,0,0,0,0,0,0,0,0,1,3,"A",1,0,0,0,1,500,150,350,NA,"Occurs on mainland",NA,NA,"Neotropical",1,1,0,0,0,0,1,0,0,0,0,0,0,0,0,0,1,0,1,0,0,0,0,0,0,0,0,0,0,0,0,0,0,0,NA,"Cynomops milleri",1,0,NA,NA,NA,NA,NA,NA,NA,NA,NA,NA,NA,NA,NA,NA,NA,NA,NA,NA,NA,NA,NA,NA,NA,NA,NA,NA,NA,NA,NA,NA
6619,"Chiroptera","Molossidae","Cynomops paranus",12.16,0.312,66,NA,3541.508,NA,370.755,0.104688454748655,NA,450.065,94.228,NA,1.009,1.072,357.111,NA,53.093,NA,1582.87,0.127082869783155,NA,NA,NA,1,2,NA,NA,100,0,0,100,0,0,0,0,0,0,0,0,0,1,3,"A",1,0,0,0,1,NA,NA,NA,0,"Occurs on mainland",1,0,"Neotropical",1,1,0,0,0,0,1,0,0,0,0,0,0,0,0,0,1,0,1,0,0,0,0,0,0,0,0,0,0,0,0,0,0,0,"Cynomops paranus","Cynomops planirostris",1,0,38.4616,8.276999996,NA,NA,NA,NA,NA,NA,NA,NA,0.40768468,1.722259239,1.914899728,31.91686167,-13.46451577,29.53106858,-9.901117872,28.76760805,-15.38209461,-7.250949359,-7.327924427,9.997858837,3.494667947,-4.697218276,5.837739943,0.294367847,-0.001362959,-8.030720622,-5.286613131,0.897617826
5197,"Chiroptera","Molossidae","Cynomops planirostris",12.84,0.185,66,31.5,4082.333,NA,412.104,0.100948158810171,NA,493.271,95.302,NA,1,1.058,357.974,NA,54.103,NA,1669.79,0.120830662270814,NA,NA,NA,1,2,NA,NA,100,0,0,100,0,0,0,0,0,0,0,0,0,1,3,"A",1,0,0,0,1,NA,NA,NA,0,"Occurs on mainland",1,0,"Neotropical",1,1,0,0,0,0,1,0,0,0,0,0,0,0,0,0,1,0,1,0,0,0,0,0,0,0,0,0,0,0,0,0,0,0,"Cynomops planirostris","Cynomops planirostris",1,0,NA,NA,31.50000002,NA,NA,NA,0,1,0,0,0.40768468,1.722259239,1.914899728,31.94866317,-13.39524469,29.58125094,-9.949014051,28.64852643,-15.42975676,-7.327661704,-7.25719384,9.994773286,3.62382038,-4.630012737,5.832860979,0.312092916,-0.031867058,-8.003561928,-5.594139838,0.906640619
4399,"Chiroptera","Pteropodidae","Cynopterus brachyotis",37.4,0.88,112.995,64.21,3686.5,251.71,251.71,0.0682788552827886,525,368.77,120,NA,1.1,2,227.031,11,42,25,1287.664,0.100032551200326,0.647058823529412,NA,NA,0,2,NA,NA,0,0,100,0,0,0,0,0,0,100,0,0,0,1,1,"Ar",1,0,0,0,1,1600,0,1600,NA,"Occurs on mainland",NA,NA,"Indomalayan",2,0,1,0,0,0,1,0,0,0,0,0,0,0,1,0,0,0,1,0,0,1,0,0,0,0,0,0,0,0,0,1,0,0,"Cynopterus brachyotis","Cynopterus brachyotis",1,0,43.93959042,7.699999997,66.56670006,8.999999991,0,NA,0,0,1,0,0.831433614,1.934804464,2.34734537,-72.6466326,5.653661317,-6.351750491,-20.17431206,4.854107294,11.00419577,-10.5755182,0.570163055,6.475301181,-6.18148396,0.56648829,-2.846433345,16.14158694,-14.08999461,-0.291534469,0.536335064,0.299556402
4400,"Chiroptera","Pteropodidae","Cynopterus horsfieldii",56.955,1.23,119.141,73.52,942.917,380.478,213.08,0.22597959311371,547.875,365.28,152.2,NA,2,1.933,228.92,NA,40,NA,1214.148,0.387393588194931,NA,NA,NA,0,2,NA,NA,0,0,100,0,0,0,0,0,0,100,0,0,0,1,1,"Ar",1,0,0,0,1,1460,0,1460,1,"Occurs on mainland",1,0,"Australasian, Indomalayan",3,0,1,0,0,0,1,0,0,0,0,0,0,1,1,0,0,0,1,0,0,1,0,0,1,0,0,0,0,0,0,1,0,0,"Cynopterus horsfieldii","Cynopterus horsfieldii",1,0,45.81874853,7.899999995,74.30000004,NA,NA,NA,0,0,0,1,1.226587123,2.23063913,2.45609451,-73.01659364,6.008277731,-4.881535617,-17.53369379,4.616144088,11.59492314,-11.46700756,-0.185743583,5.948476322,-6.086204836,1.773244224,-1.757953395,15.16041287,-15.76090264,-0.489530993,0.979688139,1.368086826
4401,"Chiroptera","Pteropodidae","Cynopterus luzoniensis",37.2,0.988,98.99,NA,3686.5,362.928,200.855,0.0544839278448393,525,320.855,120,NA,1,2,225.99,8.6,45.495,25,1323.183,0.0870351281703513,0.462365591397849,NA,NA,0,2,NA,NA,0,0,100,NA,NA,NA,NA,NA,NA,NA,NA,NA,NA,1,1,"Ar",1,0,0,0,1,1600,0,1600,NA,"Occurs only on isolated islands",NA,NA,"Australasian, Indomalayan",2,0,1,0,0,0,0,0,0,1,0,0,0,1,1,0,0,0,1,0,0,1,0,0,0,0,0,0,0,0,0,1,0,0,"Cynopterus luzoniensis","Cynopterus luzoniensis",1,0,NA,NA,NA,NA,NA,NA,NA,NA,NA,NA,0.687787086,2.159794488,2.377256609,-72.93074459,5.907224203,-5.301894685,-18.28646823,4.676139308,11.37799993,-11.15525939,0.047693639,6.096069291,-6.115102792,1.451279584,-2.04524938,15.44614395,-15.24698867,-0.437267509,0.856285038,1.096192541
4402,"Chiroptera","Pteropodidae","Cynopterus minutus",37.3,0.977,112.995,NA,3686.5,388.355,251.71,0.0682788552827886,525,371.71,120,NA,1.1,2,227.174,11,42,25,1336.142,0.100830055608301,0.648793565683646,NA,NA,0,2,NA,NA,0,0,100,NA,NA,NA,NA,NA,NA,NA,NA,NA,NA,1,1,"Ar",1,0,0,0,1,NA,NA,NA,1,"Occurs on large land bridge islands",1,0,"Australasian, Indomalayan",2,0,1,0,0,0,0,0,1,0,0,0,0,1,1,0,0,0,1,0,0,1,0,0,0,0,0,0,0,0,0,1,0,0,"Cynopterus minutus","Cynopterus minutus",1,0,NA,NA,NA,NA,NA,NA,NA,NA,NA,NA,1.247707771,1.959046117,2.34734537,-72.79762341,5.737082523,-6.013660847,-19.563467,4.777477987,11.02513051,-10.65085287,0.44147467,6.3741315,-6.184178552,0.867358153,-2.591032642,15.9655129,-14.34577059,-0.333399454,0.626643162,0.6060744
4403,"Chiroptera","Pteropodidae","Cynopterus nusatenggara",36.44,1.007,104.367,NA,4731.097,NA,431.171,0.0911355231144067,NA,557.734,130.824,NA,1.061,1.785,256.234,NA,66.463,NA,1811.092,0.117886824134022,NA,NA,NA,0,2,NA,NA,0,0,100,0,0,0,0,0,0,100,0,0,0,1,1,"Ar",1,0,0,0,1,NA,NA,NA,NA,"Occurs on large land bridge islands",NA,NA,"Australasian",2,0,1,0,0,0,0,0,1,0,0,0,0,1,0,0,0,0,1,0,0,1,0,0,0,0,0,0,0,0,0,1,0,0,"Cynopterus nusatenggara","Cynopterus nusatenggara",1,0,NA,NA,NA,NA,NA,NA,NA,NA,NA,NA,0.666510389,1.66942256,2.271169863,-72.52911196,5.536613421,-6.842080469,-21.05955311,4.937435483,10.86234531,-10.36059516,0.757222964,6.611805549,-6.198034793,0.160541186,-3.209332459,16.42448103,-13.55946452,-0.222557135,0.395893675,-0.008603528
4404,"Chiroptera","Pteropodidae","Cynopterus sphinx",37.4,1.061,112.995,71,3686.5,312.99,251.71,0.0682788552827886,525,319.37,120,NA,1.1,2,224.836,11,42,25,1285.253,0.0866323070663231,0.647058823529412,NA,NA,0,2,NA,1,0,0,100,0,0,0,0,0,0,100,0,0,0,1,1,"Ar",1,0,0,0,1,400,0,400,0,"Occurs on mainland",1,0,"Indomalayan",2,0,1,0,0,0,1,0,0,0,0,0,0,0,1,0,0,0,1,0,0,1,0,0,0,0,0,0,0,0,0,1,0,0,"Cynopterus sphinx","Cynopterus sphinx",1,0,45.05834467,6.700000005,71.50000003,2.000000002,0,NA,0,0,0,1,0.388383563,1.628902836,1.741850899,-72.40461383,5.465922457,-7.119650323,-21.55501246,4.994239287,10.81479304,-10.26481155,0.887604717,6.725540354,-6.213136849,-0.111939413,-3.460147287,16.59815976,-13.22213245,-0.176294972,0.294315905,-0.310609694
4405,"Chiroptera","Pteropodidae","Cynopterus titthaecheilus",41.055,1.028,112.995,76.94,3686.5,388.355,251.71,0.0682788552827886,525,371.71,120,NA,1,2,226.33,11,42,25,1341.873,0.100830055608301,0.535866520521252,NA,NA,0,2,NA,NA,0,0,100,0,0,0,0,0,0,100,0,0,0,1,1,"Ar",1,0,0,0,1,800,0,800,1,"Occurs on large land bridge islands",1,0,"Australasian, Indomalayan",2,0,1,0,0,0,0,0,1,0,0,0,0,1,1,0,0,0,1,0,0,1,0,0,0,0,0,0,0,0,0,1,0,0,"Cynopterus titthaecheilus","Cynopterus titthaecheilus",1,0,NA,NA,73.51999994,NA,NA,NA,NA,NA,NA,NA,0.443840684,2.498387181,2.679310846,-72.86236983,5.811563506,-5.711924824,-19.02808327,4.738736783,11.20097703,-10.89719766,0.25666269,6.249869881,-6.16013708,1.135631567,-2.344145425,15.76214614,-14.79591504,-0.381621028,0.734295178,0.85091922
4807,"Chiroptera","Emballonuridae","Cyttarops alecto",5.3,0.175,55,47,4590.177,NA,345.464,0.0752615857732719,NA,417.505,121.399,NA,1.022,1.145,350.595,NA,57.418,NA,1660.532,0.0909561875282805,NA,NA,NA,0,2,NA,NA,100,0,0,100,0,0,0,0,0,0,0,0,0,1,3,"A",1,0,0,0,1,500,NA,NA,0,"Occurs on mainland",1,0,"Neotropical",2,1,0,0,0,0,1,0,0,0,0,0,0,0,0,0,1,0,1,0,0,1,0,0,0,0,0,0,0,0,0,1,0,0,"Cyttarops alecto","Cyttarops alecto",1,0,NA,NA,47.00000001,1,NA,NA,0,0,0,1,0.836656784,1.227007082,1.462008935,24.82028306,-43.12283737,8.115955959,3.87427778,26.68904132,11.90503775,12.86963969,-0.615752519,-7.959319877,-4.064063721,4.295739749,-4.136220607,-0.867371665,-1.332158221,6.299687414,-2.558912146,-1.759843954
6540,"Chiroptera","Phyllostomidae","Dermanura anderseni",6.91,0.511,58.039,35.49,5829.655,NA,388.003,0.0665567687967813,NA,512.124,114.97,NA,0.98,1.849,242.16,NA,41.422,NA,2093.202,0.087848080203717,NA,NA,NA,0,2,NA,NA,10,0,90,10,0,0,0,0,0,80,10,0,0,1,2,"Ar",1,0,0,0,1,1300,NA,NA,0,"Occurs on mainland",1,0,"Neotropical",1,0,1,0,0,0,1,0,0,0,0,0,0,0,0,0,1,0,1,0,0,0,0,0,0,0,0,0,0,0,0,0,0,0,"Dermanura anderseni","Artibeus anderseni",1,0,NA,NA,35.48999997,NA,NA,NA,0,0,1,0,0.789905074,1.760631137,2.579876991,21.34263532,-50.11639287,-11.80948065,12.26105201,-11.82913738,12.00360823,-5.069397286,15.85824255,-0.3152038,11.32977783,-2.561100942,8.498016124,6.256992428,4.843507415,-4.682300858,6.835491178,3.733927565
6538,"Chiroptera","Phyllostomidae","Dermanura azteca",16.755,0.57,75,44.36,6307.819,NA,294.255,0.0466492459596574,NA,416.374,115.3,NA,0.99,2,221.613,NA,35.735,NA,1915.893,0.0660091863764639,NA,NA,NA,0,2,NA,NA,10,0,90,10,0,0,0,0,0,80,10,0,0,1,2,"Ar",1,0,0,0,1,3000,600,2400,0,"Occurs on mainland",1,0,"Neotropical",2,0,1,0,0,0,1,0,0,0,0,0,0,0,0,0,1,0,1,0,0,1,0,0,0,0,0,0,0,0,0,1,0,0,"Dermanura aztecus","Artibeus aztecus",0,0,NA,NA,44.35999995,NA,NA,NA,0,0,0,1,0.188965257,0.832488047,1.014344262,21.22336422,-50.10136176,-12.30667659,12.41466515,-12.61575818,11.58954739,-5.516437541,15.51346613,0.412267499,11.34069916,-2.936126281,8.624658153,5.79029182,4.367569689,-4.95360132,7.411148922,2.704128143
6618,"Chiroptera","Phyllostomidae","Dermanura bogotensis",12.505,0.476,47,NA,5899.32,NA,361.781,0.061325881627035,NA,481.573,117.993,NA,0.99,1.88,236.771,NA,38.649,NA,2108.266,0.0816319508011093,NA,NA,NA,0,2,NA,NA,10,0,90,10,0,0,0,0,0,80,10,0,0,1,2,"Ar",1,0,0,0,1,2600,100,2500,0,NA,0,0,"Neotropical",1,0,1,0,0,0,NA,NA,NA,NA,0,0,0,0,0,0,1,0,1,0,0,0,0,0,0,0,0,0,0,0,0,0,0,0,"Dermanura bogotensis","Artibeus bogotensis",1,0,NA,NA,NA,NA,NA,NA,NA,NA,NA,NA,0.44957582,1.514868634,1.822723355,21.32674186,-50.12192473,-11.91065343,12.29977577,-12.03031072,11.89723243,-5.213469894,15.77608483,-0.105148082,11.33054235,-2.665882974,8.509794143,6.129822481,4.710956664,-4.786823555,7.027720575,3.419374573
6539,"Chiroptera","Phyllostomidae","Dermanura cinerea",12.7,0.468,56.649,38.99,6081.847,NA,303.854,0.0499608096027407,NA,437.293,111.335,NA,0.99,1.968,233.383,NA,34.97,NA,1937.837,0.0719013483897244,NA,NA,NA,0,2,NA,NA,10,0,90,10,0,0,0,0,0,80,10,0,0,1,2,"Ar",1,0,0,0,1,NA,NA,NA,0,"Occurs on mainland",0,0,"Neotropical",3,0,1,0,0,0,1,0,0,0,0,0,0,0,0,0,1,0,1,1,0,1,0,0,0,0,0,0,0,0,0,1,0,0,"Dermanura cinereus","Artibeus cinereus",1,1,NA,NA,NA,NA,NA,NA,NA,NA,NA,NA,0.316860968,1.662062484,2.089171073,21.26633878,-50.08204832,-12.12954688,12.37958727,-12.3208549,11.80396991,-5.343230991,15.66821276,0.162913309,11.39205229,-2.802945543,8.592676346,6.029674551,4.588927508,-4.833181567,7.210119364,3.098190992
6537,"Chiroptera","Phyllostomidae","Dermanura glauca",12.505,0.476,47,NA,5984.62,NA,354.741,0.0592754427181676,NA,477.199,117.278,NA,0.99,1.904,235.076,NA,36.691,NA,2102.364,0.0797375606137065,NA,NA,NA,0,2,NA,NA,10,0,90,10,0,0,0,0,0,80,10,0,0,1,2,"Ar",1,0,0,0,1,NA,NA,NA,0,"Occurs on mainland",0,0,"Neotropical",1,0,1,0,0,0,1,0,0,0,0,0,0,0,0,0,1,0,1,0,0,0,0,0,0,0,0,0,0,0,0,0,0,0,"Dermanura glaucus","Artibeus glaucus",1,0,NA,NA,42.10000002,NA,NA,NA,0,0,1,0,0.267906658,1.624112694,2.149416485,21.25072226,-50.07743477,-12.19976593,12.40751567,-12.431404,11.7784985,-5.400401879,15.64854198,0.256642189,11.41400046,-2.853921284,8.615552726,5.981603051,4.535423426,-4.860696927,7.28215906,2.962462544
6624,"Chiroptera","Phyllostomidae","Dermanura gnoma",12.31,0.471,47,NA,5859.848,NA,367.406,0.0626988959440586,NA,485.258,117.169,NA,0.99,1.864,238.81,NA,40.633,NA,2108.511,0.0828106804135534,NA,NA,NA,0,2,NA,NA,20,0,80,NA,NA,NA,NA,NA,NA,NA,NA,NA,NA,1,2,"Ar",1,0,0,0,1,800,NA,NA,NA,"Occurs on mainland",NA,NA,"Neotropical",1,0,1,0,0,0,1,0,0,0,0,0,0,0,0,0,1,0,1,0,0,0,0,0,0,0,0,0,0,0,0,0,0,0,"Dermanura gnomus","Artibeus gnomus",1,0,36.544,6.0476,NA,NA,NA,NA,NA,NA,NA,NA,0.740229648,1.765555939,2.144393077,21.31817545,-50.12621686,-11.96376832,12.32164044,-12.12802888,11.86349609,-5.274961901,15.75132205,-0.015180578,11.33554163,-2.712092691,8.513820681,6.067313016,4.64349479,-4.816532862,7.101508433,3.261583247
6536,"Chiroptera","Phyllostomidae","Dermanura phaeotis",11.69,0.448,57.25,38.55,6207.577,NA,280.379,0.045167220640195,NA,404.335,111.805,NA,0.99,2,225.504,2.52,32.375,7.59,1880.237,0.0651357204268268,0.426826347305389,NA,NA,0,2,NA,NA,10,0,90,10,0,0,0,0,0,80,10,0,0,1,2,"Ar",1,0,0,0,1,1200,NA,NA,0,"Occurs on mainland",1,0,"Neotropical",2,0,1,0,0,0,1,0,0,0,0,0,0,0,0,0,1,0,1,0,0,1,0,0,0,0,0,0,0,0,0,1,0,0,"Dermanura phaeotis","Artibeus phaeotis",1,0,43.9804957,6.299999993,38.54999997,NA,NA,NA,0,0,1,0,0.267906658,1.231730157,1.622799071,21.11591851,-50.10988179,-12.74316519,12.52938252,-13.38262564,11.15578364,-5.944485868,15.1981319,0.983884957,11.21278948,-3.22823767,8.63196127,5.280343347,3.881165064,-5.090251131,7.697448063,1.822977978
6710,"Chiroptera","Phyllostomidae","Dermanura rava",11.69,0.448,57.25,38.55,6171.049,NA,284.198,0.0460534343512748,NA,408.769,112.265,NA,0.99,2,227.303,2.52,34.263,7.59,1894.143,0.0662397916464446,0.426826347305389,NA,NA,0,2,NA,NA,10,0,90,10,0,0,0,0,0,80,10,0,0,1,2,"Ar",1,0,0,0,1,2050,0,2050,0,NA,1,0,"Nearctic",1,0,1,0,0,0,NA,NA,NA,NA,0,0,0,0,0,1,0,0,1,0,0,0,0,0,0,0,0,0,0,0,0,0,0,0,"Dermanura rava","Artibeus ravus",1,0,NA,NA,NA,NA,NA,NA,NA,NA,NA,NA,0.524526927,1.379070107,1.679078014,21.33004978,-50.10959722,-11.86876367,12.28185272,-11.93974948,11.95017713,-5.140277206,15.81705276,-0.208256203,11.33776515,-2.615262938,8.512641653,6.201459835,4.784336128,-4.731150803,6.936961424,3.580741231
6530,"Chiroptera","Phyllostomidae","Dermanura rosenbergi",10.2,0.476,47,NA,5953.273,NA,354.435,0.0595361576732665,NA,481.62,117.151,NA,0.99,1.901,237.23,NA,34.344,NA,2101.864,0.0809000359970053,NA,NA,NA,0,2,NA,NA,20,0,80,10,0,0,0,0,0,80,10,0,0,1,2,"Ar",1,0,0,0,1,1000,0,1000,0,"Occurs on mainland",0,0,"Neotropical",1,0,1,0,0,0,1,0,0,0,0,0,0,0,0,0,1,0,1,0,0,0,0,0,0,0,0,0,0,0,0,0,0,0,"Dermanura rosenbergii","Artibeus rosenbergi",1,0,NA,NA,NA,NA,NA,NA,NA,NA,NA,NA,1.351060025,2.259233653,2.343304136,21.1457639,-50.13157499,-12.61139114,12.48880337,-13.12908996,11.32597595,-5.785941241,15.37083233,0.745882659,11.30075759,-3.138366123,8.708986076,5.464208229,4.051784315,-5.058147322,7.591926864,2.125741978
6535,"Chiroptera","Phyllostomidae","Dermanura tolteca",14.085,0.544,65,39.5,6213.954,NA,287.692,0.0462977357090188,NA,411.114,113.684,NA,0.99,2,225.425,NA,35.519,NA,1880.849,0.066159807426962,NA,NA,NA,0,2,NA,NA,10,0,90,10,0,0,0,0,0,80,10,0,0,1,2,"Ar",1,0,0,0,1,NA,NA,NA,0,"Occurs on mainland",1,0,"Neotropical",3,0,1,0,0,0,1,0,0,0,0,0,0,0,0,0,1,0,1,0,0,1,0,0,1,0,0,0,0,0,0,1,0,0,"Dermanura toltecus","Artibeus toltecus",1,0,NA,NA,39.2,NA,NA,NA,0,0,0,1,0.237541296,1.478137739,1.957455787,21.11550721,-50.1411285,-12.81044923,12.55559377,-13.54736865,11.00763811,-6.082827816,15.04597461,1.175750641,11.10689943,-3.292556706,8.53099994,5.094656108,3.707384936,-5.135009809,7.746447627,1.543627424
6534,"Chiroptera","Phyllostomidae","Dermanura watsoni",12.31,0.447,52.5,NA,6078.628,NA,334.701,0.0550619317385436,NA,466.957,112.813,NA,0.995,1.929,235.806,NA,37.599,NA,2049.614,0.0768194730784644,NA,NA,NA,0,2,NA,NA,20,0,80,NA,NA,NA,NA,NA,NA,NA,NA,NA,NA,1,2,"Ar",1,0,0,0,1,800,NA,NA,0,"Occurs on mainland",1,0,"Neotropical",2,0,1,0,0,0,1,0,0,0,0,0,0,0,0,0,1,0,1,0,0,1,0,0,0,0,0,0,0,0,0,1,0,0,"Dermanura watsoni","Artibeus watsoni",0,0,35.57847688,6.28,NA,NA,NA,NA,NA,NA,NA,NA,0.267906658,1.999725017,2.584305224,21.16050968,-50.12230942,-12.5416667,12.45860398,-13.04863847,11.35491098,-5.742548451,15.41363016,0.647540584,11.29039261,-3.086593599,8.68689554,5.514758873,4.106097545,-5.025206103,7.487922975,2.260717957
4460,"Chiroptera","Pteropodidae","Desmalopex microleucopterus",NA,NA,NA,NA,NA,NA,NA,NA,NA,NA,NA,NA,NA,NA,NA,NA,NA,NA,NA,NA,NA,NA,NA,NA,NA,NA,NA,NA,NA,NA,NA,NA,NA,NA,NA,NA,NA,NA,NA,NA,NA,NA,NA,NA,NA,NA,NA,NA,NA,NA,NA,NA,NA,NA,NA,NA,1,NA,NA,NA,NA,NA,NA,NA,NA,NA,0,0,0,0,0,0,0,0,1,0,0,1,0,0,0,0,0,0,0,0,0,1,0,0,"Desmalopex microleucopterus","Desmalopex microleucopterus",1,0,NA,NA,NA,NA,NA,NA,NA,NA,NA,NA,NA,NA,NA,-69.39685971,3.462101717,-14.02499778,-33.92755396,6.198258468,8.711195357,-6.527511468,4.406502444,7.569536732,-2.818328426,-8.087807204,-8.810813128,6.205718969,9.438402325,1.160652022,-2.596759786,-3.963762098
4905,"Chiroptera","Phyllostomidae","Desmodus rotundus",33.18,0.882,85.5,58.29,10658,285,285,0.0267404766372678,285,285,189,NA,1,1.26,288.777,8,274,NA,2779.798,0.0267404766372678,0.30379746835443,NA,NA,0,2,NA,NA,0,100,0,0,100,0,0,0,0,0,0,0,0,1,3,"G",1,0,0,0,1,2400,NA,NA,0,"Occurs on mainland",1,0,"Nearctic, Neotropical",3,0,0,1,0,0,1,0,0,0,0,0,0,0,0,1,1,0,1,0,0,1,0,1,1,0,0,0,0,0,0,1,0,0,"Desmodus rotundus","Desmodus rotundus",0,0,45.83315451,6.1,59.10000002,1010.000001,0,44.99999999,0,0,0,1,0,1.210481886,1.726114234,13.97843616,-42.70913802,-20.71842174,3.190434605,-21.0776886,-20.18629307,-0.770329815,-18.69038468,-0.977872111,-9.264170184,3.37123664,-5.458342274,5.02163978,7.387171237,2.872174563,-0.837271571,10.08613161
6531,"Chiroptera","Phyllostomidae","Diaemus youngi",36.6,0.97,115,50.78,7300,NA,585.355,0.0801856164383562,NA,740.942,258.74,NA,1,1.101,357.649,NA,212.258,NA,2495.806,0.101498904109589,NA,NA,NA,0,2,NA,NA,0,100,0,0,100,0,0,0,0,0,0,0,0,1,3,"G",1,0,0,0,1,NA,NA,NA,0,"Occurs on mainland",1,0,"Neotropical",3,0,0,1,0,0,1,0,0,0,0,0,0,0,0,0,1,0,1,0,0,1,0,0,1,0,0,0,0,0,0,1,0,0,"Diaemus youngi","Diaemus youngii",1,0,52.04264724,8.500000006,49.87500004,30.00000002,0,9.000000001,0,0,0,1,0.562101911,1.203787506,1.569461844,16.71597192,-44.44183942,-20.08233749,6.372833361,-22.44963457,-18.46517296,-3.475387582,-17.61031629,1.745357086,-9.657658333,3.072934564,-5.814483515,1.644754338,3.160021491,2.374926073,-0.23170723,7.036539136
4808,"Chiroptera","Emballonuridae","Diclidurus albus",18.5,0.429,75.995,66,5005.187,NA,422.125,0.0843375082689218,NA,512.582,109.985,NA,1,1,360.944,0.51,59.458,NA,1851.126,0.102410159700327,0.0275675675675676,NA,NA,1,2,NA,1,100,0,0,100,0,0,0,0,0,0,0,0,0,1,3,"A",1,0,0,0,1,NA,NA,NA,0,"Occurs on mainland",1,0,"Neotropical",2,1,0,0,0,0,1,0,0,0,0,0,0,0,0,0,1,0,1,0,0,1,0,0,0,0,0,0,0,0,0,1,0,0,"Diclidurus albus","Diclidurus albus",1,0,40,5.400000002,66.00000007,2.500000002,1,0,0,0,1,0,0.229494357,1.228029071,1.614616266,24.9800758,-42.65213984,8.45436916,3.772744781,27.14140071,11.76199199,12.8941954,-1.063376271,-7.780258783,-4.437061632,4.280448336,-4.573837178,-0.783074469,-1.09904077,6.320457069,-1.163652089,-1.704414113
4809,"Chiroptera","Emballonuridae","Diclidurus ingens",12.3,0.337,79,71.5,3857.008,NA,340.998,0.0884099799637439,NA,401.629,106.378,NA,1.039,1.062,357.32,NA,54.378,NA,1529.201,0.104129677719102,NA,NA,NA,1,2,NA,NA,100,0,0,100,0,0,0,0,0,0,0,0,0,1,3,"A",1,0,0,0,1,NA,NA,NA,0,"Occurs on mainland",0,0,"Neotropical",2,1,0,0,0,0,1,0,0,0,0,0,0,0,0,0,1,0,1,0,0,1,0,0,0,0,0,0,0,0,0,1,0,0,"Diclidurus ingens","Diclidurus ingens",1,0,NA,NA,71.50000003,NA,NA,4.999999999,0,0,1,0,NA,NA,NA,24.97597135,-42.69333484,8.393896437,3.785219422,27.03488565,11.78397,12.8788462,-0.969191398,-7.820115069,-4.353808559,4.292788909,-4.482031887,-0.807837632,-1.165981526,6.327342769,-1.518472939,-1.714961406
4810,"Chiroptera","Emballonuridae","Diclidurus isabella",12.61,0.34,79,54,3884.269,NA,340.309,0.0876121092540192,NA,401.224,106.471,NA,1.043,1.063,357.516,NA,54.525,NA,1535.779,0.103294596743943,NA,NA,NA,1,2,NA,NA,100,0,0,100,0,0,0,0,0,0,0,0,0,1,3,"A",1,0,0,0,1,NA,NA,NA,0,"Occurs on mainland",0,0,"Neotropical",2,1,0,0,0,0,1,0,0,0,0,0,0,0,0,0,1,0,1,0,0,1,0,0,0,0,0,0,0,0,0,1,0,0,"Diclidurus isabellus","Diclidurus isabella",1,0,NA,NA,54.00000002,NA,NA,NA,NA,NA,NA,NA,1.363813383,1.525893585,1.681785004,24.8731805,-43.02374936,8.20377208,3.847490705,26.79083644,11.88885471,12.84286252,-0.681635341,-7.894659135,-4.145554365,4.261762726,-4.24111844,-0.914000352,-1.280730804,6.301021113,-2.217835268,-1.766726942
4811,"Chiroptera","Emballonuridae","Diclidurus scutatus",13.62,0.349,79,54.5,4007.137,NA,339.179,0.0846437244346774,NA,402.132,107.453,NA,1.036,1.055,358.138,NA,55.052,NA,1574.187,0.100353943476352,NA,NA,NA,1,2,NA,NA,100,0,0,100,0,0,0,0,0,0,0,0,0,1,3,"A",1,0,0,0,1,1000,NA,NA,0,"Occurs on mainland",0,0,"Neotropical",2,1,0,0,0,0,1,0,0,0,0,0,0,0,0,0,1,0,1,0,0,1,0,0,0,0,0,0,0,0,0,1,0,0,"Diclidurus scutatus","Diclidurus scutatus",1,0,NA,NA,54.49999997,NA,NA,NA,0,0,1,0,1.429278568,1.667244982,1.786228189,24.87355577,-42.97500256,8.258312827,3.838415613,26.88089639,11.87905091,12.86131156,-0.758974539,-7.873128242,-4.225913226,4.258054279,-4.329094793,-0.880659088,-1.221630074,6.320842917,-1.942921245,-1.759278948
4907,"Chiroptera","Phyllostomidae","Diphylla ecaudata",28.11,0.802,82.495,54.99,2974.75,273.96,312.849,0.10516816539205,NA,412.099,213.08,NA,1,1.5,263.327,4.8,113.549,NA,1606.678,0.138532313639802,0.256136606189968,NA,NA,0,2,NA,NA,0,100,0,0,100,0,0,0,0,0,0,0,0,1,3,"G",1,0,0,0,1,1900,NA,NA,0,"Occurs on mainland",1,0,"Nearctic, Neotropical",4,0,0,1,0,0,1,0,0,0,0,0,0,0,0,1,1,0,1,0,0,1,0,0,1,0,0,0,0,0,0,0,0,0,"Diphylla ecaudata","Diphylla ecaudata",1,0,51.4934486,6.700000005,54.99000004,1.5,0,2,0,0,0,1,0.196302652,1.16848795,1.860827102,17.08200224,-44.82262459,-19.96894359,6.908780161,-22.69521015,-18.09229531,-3.885711986,-17.3827368,2.236474177,-9.721678517,3.047715505,-5.874456976,0.985178382,2.300908198,2.349200405,-0.06298706,6.381542603
4416,"Chiroptera","Pteropodidae","Dobsonia anderseni",312.4,4.627,214.115,122.55,4492.542,714.83,714.83,0.159114817401818,NA,871.26,156.43,NA,0.99,1,362.543,64.45,173.1,162,2217.915,0.193934747855446,0.204242957746479,NA,NA,0,2,NA,NA,0,0,100,NA,NA,NA,NA,NA,NA,NA,NA,NA,NA,1,1,"Ar",1,0,0,0,1,1500,0,1500,1,"Occurs only on isolated islands",0,0,"Australasian",3,0,1,0,0,0,0,0,0,1,0,0,0,1,0,0,0,0,1,0,0,1,0,0,1,0,0,0,0,0,0,1,0,0,"Dobsonia anderseni","Dobsonia anderseni",1,0,NA,NA,NA,NA,NA,NA,NA,NA,NA,NA,1.701867725,2.796857207,3.014623231,-72.32166965,5.415897026,-7.37954903,-22.05967983,5.08076827,10.89429855,-10.28450226,1.013620905,6.832110821,-6.179850063,-0.437794039,-3.725246233,16.6418578,-12.97517967,-0.136983239,0.199246288,-0.72821454
4417,"Chiroptera","Pteropodidae","Dobsonia beauforti",165.35,3.254,161.28,105.74,4558.859,NA,679.503,0.149051111253934,NA,824.641,152.71,NA,0.99,1,359.315,NA,123.081,NA,2217.741,0.180887586126265,NA,NA,NA,0,2,NA,NA,0,0,100,0,0,0,0,0,0,100,0,0,0,1,1,"Ar",1,0,0,0,1,NA,NA,NA,1,"Occurs on large land bridge islands",0,0,"Australasian",3,0,1,0,0,0,0,0,1,0,0,0,0,1,0,0,0,0,1,0,0,1,0,0,1,0,0,0,0,0,0,1,0,0,"Dobsonia beauforti","Dobsonia beauforti",1,0,NA,NA,NA,NA,NA,NA,NA,NA,NA,NA,1.730266383,1.794028722,1.748013933,-71.35485774,4.897349397,-9.736722647,-26.46655141,5.739330002,10.88829851,-9.628170757,2.229154683,7.273385233,-5.328726222,-3.615787906,-5.880911142,15.81957319,-8.047330909,0.20763068,-0.848185708,-5.033605761
4418,"Chiroptera","Pteropodidae","Dobsonia chapmani",269.61,4.339,202.74,127.5,1061.542,NA,618.304,0.582458348327245,NA,767.922,157.337,NA,1.026,1.557,280.141,NA,124.623,NA,2190,0.723402371267458,NA,NA,NA,0,2,NA,NA,0,0,100,0,0,0,0,0,0,100,0,0,0,1,1,"Ar",1,0,0,0,1,860,0,860,NA,"Occurs only on isolated islands",NA,NA,"Indomalayan",2,0,1,0,0,0,0,0,0,1,0,0,0,0,1,0,0,0,1,0,0,1,0,0,1,0,0,0,0,0,0,1,0,0,"Dobsonia chapmani","Dobsonia chapmani",1,0,NA,NA,NA,NA,NA,NA,NA,NA,NA,NA,NA,NA,NA,-72.04104649,5.272718528,-8.045281162,-23.31514475,5.280494372,10.95090195,-10.15269865,1.400768541,7.060047749,-6.006111152,-1.383633627,-4.433663999,16.57889539,-11.78679817,-0.023305388,-0.113547492,-2.052086375
4419,"Chiroptera","Pteropodidae","Dobsonia crenulata",229.435,3.443,178.14,122.37,3769.492,NA,563.949,0.14960875364638,NA,710.293,149.739,NA,0.998,1.673,271.385,NA,116.068,NA,2030.147,0.188432022139853,NA,NA,NA,0,2,NA,NA,0,0,100,NA,NA,NA,NA,NA,NA,NA,NA,NA,NA,1,1,"Ar",1,0,0,0,1,1000,0,1000,1,"Occurs only on isolated islands",0,0,"Australasian",4,0,1,0,0,0,0,0,0,1,0,0,0,1,0,0,0,0,1,0,0,1,0,1,1,0,0,0,0,0,0,1,0,0,"Dobsonia crenulata","Dobsonia crenulata",1,0,NA,NA,NA,NA,NA,NA,NA,NA,NA,NA,1.597583875,1.597583875,1.597583875,-71.86108615,5.176449254,-8.484078741,-24.13581877,5.403496975,10.95133616,-10.03196638,1.614943499,7.112606693,-5.822695835,-1.993554793,-4.827754266,16.41136061,-10.91694499,0.036670897,-0.303846823,-2.934636354
4420,"Chiroptera","Pteropodidae","Dobsonia emersa",201.06,3.043,164.32,115.64,4056.611,NA,554.034,0.136575579960711,NA,700.625,146.653,NA,0.996,1.694,269.528,NA,110.588,NA,2006.614,0.172711901634147,NA,NA,NA,0,2,NA,NA,0,0,100,0,0,0,0,0,0,100,0,0,0,1,1,"Ar",1,0,0,0,1,NA,NA,NA,1,"Occurs only on isolated islands",0,0,"Australasian",2,0,1,0,0,0,0,0,0,1,0,0,0,1,0,0,0,0,1,0,0,1,0,0,1,0,0,0,0,0,0,1,0,0,"Dobsonia emersa","Dobsonia emersa",1,0,NA,NA,NA,NA,NA,NA,NA,NA,NA,NA,NA,NA,NA,-71.68911796,5.077299764,-8.936617877,-24.9811483,5.52530589,10.93507886,-9.896250486,1.815611825,7.140033697,-5.629770511,-2.551458002,-5.16661629,16.16800681,-9.941786951,0.090118855,-0.484135305,-3.70610024
4421,"Chiroptera","Pteropodidae","Dobsonia exoleta",302.03,4.409,202.74,114.76,1061.542,NA,607.659,0.572430483202737,NA,755.13,156.574,NA,1.028,1.553,280.636,NA,125.34,NA,2047.982,0.711351976652831,NA,NA,NA,0,2,NA,NA,0,0,100,0,0,0,0,0,0,100,0,0,0,1,1,"Ar",1,0,0,0,1,NA,NA,NA,1,"Occurs only on isolated islands",1,0,"Australasian",3,0,1,0,0,0,0,0,0,1,0,0,0,1,0,0,0,0,1,0,0,1,0,0,1,0,0,0,0,0,0,1,0,0,"Dobsonia exoleta","Dobsonia exoleta",1,0,NA,NA,NA,NA,NA,NA,NA,NA,NA,NA,1.791419476,1.88880503,2.017372325,-71.61823,5.041585648,-9.094474648,-25.27384085,5.568415376,10.9175519,-9.825231125,1.92756039,7.194782502,-5.573371357,-2.798215684,-5.345211171,16.08382004,-9.457393073,0.123954884,-0.582067371,-4.046051705
4422,"Chiroptera","Pteropodidae","Dobsonia inermis",152.6,2.7,173.98,107.25,4091.803,NA,318.318,0.0777940677984742,NA,413.582,135.754,NA,0.99,2,252.258,NA,107.613,NA,1665.854,0.101075736050831,NA,NA,NA,0,2,NA,NA,0,0,100,0,0,0,0,0,0,100,0,0,0,1,1,"Ar",1,0,0,0,1,1300,0,1300,1,"Occurs only on isolated islands",0,0,"Australasian",3,0,1,0,0,0,0,0,0,1,0,0,0,1,0,0,0,0,1,0,0,1,0,0,1,0,0,0,0,0,0,1,0,0,"Dobsonia inermis","Dobsonia inermis",1,0,NA,NA,107.25,NA,NA,NA,1,0,0,0,2.809137394,2.809137394,2.809137394,-71.7823084,5.137223861,-8.651644587,-24.44335238,5.446912933,10.93597699,-9.970385024,1.694119989,7.121424625,-5.747084318,-2.202131017,-4.949901352,16.29965432,-10.52228217,0.058580453,-0.376357483,-3.255710981
6713,"Chiroptera","Pteropodidae","Dobsonia magna",417.15,4.43,242,148.84,4492.542,755.15,734.99,0.163602254581037,NA,891.42,156.43,NA,0.995,1,361.632,64.45,166.2,162,2011.279,0.198422185034664,0.153728275200767,NA,NA,0,2,NA,NA,0,0,100,0,0,0,0,0,0,100,0,0,0,1,1,"Ar",1,0,0,0,1,2700,0,2700,NA,NA,NA,NA,NA,4,0,1,0,0,0,NA,NA,NA,NA,0,0,0,0,0,0,0,0,1,0,0,1,0,1,1,0,0,0,0,0,0,1,0,0,"Dobsonia moluccensis","Dobsonia moluccensis",1,0,NA,NA,NA,NA,NA,NA,NA,NA,NA,NA,0.532713402,2.185133227,2.588028826,-72.23855291,5.358433723,-7.681315022,-22.64469769,5.17624606,10.94893479,-10.25886179,1.169018997,6.924776241,-6.105826012,-0.826424035,-4.010562753,16.61638937,-12.58469375,-0.096175715,0.086034601,-1.269384914
4423,"Chiroptera","Pteropodidae","Dobsonia minor",80.1,1.885,135.579,80,4490.465,NA,609.348,0.135698196066554,NA,755.429,143.081,NA,0.995,1.5,277.529,NA,105.813,NA,2106.478,0.16822957087963,NA,NA,NA,0,2,NA,1,0,0,100,0,0,0,0,0,0,100,0,0,0,1,1,"Ar",1,0,0,0,1,NA,NA,NA,1,"Occurs on large land bridge islands",1,0,"Australasian",2,0,1,0,0,0,0,0,1,0,0,0,0,1,0,0,0,0,1,0,0,1,0,0,0,0,0,0,0,0,0,1,0,0,"Dobsonia minor","Dobsonia minor",1,0,NA,NA,80,1,0,NA,0,0,1,0,1.781436535,1.781436535,1.781436535,-71.29063509,4.847996242,-9.972056728,-26.90870189,5.798307047,10.84670606,-9.51528087,2.353740522,7.292049578,-5.223664333,-3.913730742,-6.062436129,15.66338086,-7.368087613,0.2382554,-0.959347532,-5.411325706
4424,"Chiroptera","Pteropodidae","Dobsonia moluccensis",404.3,4.43,242,138.69,4492.542,714.83,714.83,0.159114817401818,NA,871.26,156.43,NA,0.995,1,360.379,64.45,173.1,162,2011.279,0.193934747855446,0.15861427158051,NA,NA,0,2,NA,NA,0,0,100,0,0,0,0,0,0,100,0,0,0,1,1,"Ar",1,0,0,0,1,2700,0,2700,1,"Occurs on mainland",1,0,"Australasian",4,0,1,0,0,0,1,0,0,0,0,0,0,1,0,0,0,0,1,0,0,1,0,1,1,0,0,0,0,0,0,1,0,0,"Dobsonia moluccensis","Dobsonia moluccensis",1,0,47.8911323,6.800000005,143.3999999,NA,0,NA,0,0,0,1,0.532713402,2.185133227,2.588028826,-72.23855291,5.358433723,-7.681315022,-22.64469769,5.17624606,10.94893479,-10.25886179,1.169018997,6.924776241,-6.105826012,-0.826424035,-4.010562753,16.61638937,-12.58469375,-0.096175715,0.086034601,-1.269384914
4425,"Chiroptera","Pteropodidae","Dobsonia pannietensis",358.35,4.713,214.115,110.83,4492.542,714.83,714.83,0.159114817401818,NA,871.26,156.43,NA,0.99,1,363.425,64.45,173.1,162,2254.02,0.193934747855446,0.178053578903307,NA,NA,0,2,NA,NA,0,0,100,0,0,0,0,0,0,100,0,0,0,1,1,"Ar",1,0,0,0,1,1800,0,1800,1,"Occurs only on isolated islands",0,0,"Australasian",2,0,1,0,0,0,0,0,0,1,0,0,0,1,0,0,0,0,1,0,0,0,0,0,1,0,0,0,0,0,0,0,0,0,"Dobsonia pannietensis","Dobsonia pannietensis",1,0,NA,NA,110.8299999,NA,NA,NA,0,0,0,1,NA,NA,NA,-72.13386871,5.311523814,-7.886311337,-23.02604692,5.237482622,10.97737438,-10.23824339,1.272364031,6.996079256,-6.07059512,-1.078848779,-4.205488161,16.63523416,-12.28696329,-0.065213901,0.001005728,-1.632751689
4426,"Chiroptera","Pteropodidae","Dobsonia peronii",226.51,3.861,185.959,115.1,3403.435,NA,646.027,0.189816171015459,NA,786.927,155.932,NA,0.98,1.507,288.962,52.4,135.714,NA,2124.664,0.231215521965309,0.3416514237782,NA,NA,0,2,NA,NA,0,0,100,0,0,0,0,0,0,100,0,0,0,1,1,"Ar",1,0,0,0,1,2200,0,2200,1,"Occurs on large land bridge islands",0,0,"Australasian",3,0,1,0,0,0,0,0,1,0,0,0,0,1,0,0,0,0,1,0,0,1,0,0,1,0,0,0,0,0,0,1,0,0,"Dobsonia peronii","Dobsonia peronii",1,0,NA,NA,115.1,NA,NA,NA,NA,NA,NA,NA,2.01002114,2.01002114,2.01002114,-71.16745815,4.783014784,-10.23837909,-27.38955486,5.858042547,10.78014458,-9.376822852,2.468766363,7.273752721,-5.087536929,-4.228572744,-6.23124357,15.46338155,-6.63415064,0.267538655,-1.069425181,-5.803713946
4427,"Chiroptera","Pteropodidae","Dobsonia praedatrix",179.12,2.975,161.13,116.5,4238.303,NA,408.065,0.0962802801026732,NA,528.922,140.793,NA,1,2,256.319,32,109.781,NA,1818.855,0.124795702430902,0.357302367128182,NA,NA,0,2,NA,NA,0,0,100,0,0,0,0,0,0,100,0,0,0,1,1,"Ar",1,0,0,0,1,300,0,300,1,"Occurs only on isolated islands",0,0,"Australasian",1,0,1,0,0,0,0,0,0,1,0,0,0,1,0,0,0,0,1,0,0,1,0,0,1,0,0,0,0,0,0,1,0,0,"Dobsonia praedatrix","Dobsonia praedatrix",1,0,NA,NA,116.4999999,NA,NA,NA,0,0,0,1,1.5842493,1.882516822,2.22102104,-71.89816996,5.201145534,-8.366656304,-23.91559566,5.373275035,10.98398047,-10.1123862,1.527328382,7.098219849,-5.89571376,-1.777993025,-4.69331305,16.49942843,-11.29517074,0.015110502,-0.228292968,-2.585436731
4428,"Chiroptera","Pteropodidae","Dobsonia viridis",240.66,3.829,184.065,115.01,3643.739,NA,530.518,0.145597146228092,NA,672.449,151.057,NA,1,1.686,271.406,NA,115.228,NA,1966.334,0.184549167764211,NA,NA,NA,0,2,NA,NA,0,0,100,0,0,0,0,0,0,100,0,0,0,1,1,"Ar",1,0,0,0,1,1000,0,1000,1,"Occurs only on isolated islands",0,0,"Australasian",3,0,1,0,0,0,0,0,0,1,0,0,0,1,0,0,0,0,1,0,0,1,0,0,1,0,0,0,0,0,0,1,0,0,"Dobsonia viridis","Dobsonia viridis",1,0,42.60019704,6.700000005,115.0099999,NA,NA,NA,0,0,0,1,1.772711572,1.772711572,1.772711572,-71.44632955,4.95607026,-9.460677757,-25.94738772,5.665124284,10.90294099,-9.717925173,2.096914085,7.24520055,-5.448802844,-3.246359121,-5.640731006,15.99451667,-8.781295426,0.166396184,-0.719591853,-4.602505272
4928,"Chiroptera","Phyllostomidae","Dryadonycteris capixaba",NA,NA,NA,NA,NA,NA,NA,NA,NA,NA,NA,NA,NA,NA,NA,NA,NA,NA,NA,NA,NA,NA,NA,NA,NA,NA,NA,NA,NA,NA,NA,NA,NA,NA,NA,NA,NA,NA,NA,NA,NA,NA,NA,NA,0,0,0,1,NA,NA,NA,NA,NA,NA,NA,"Neotropical",1,NA,NA,NA,NA,NA,NA,NA,NA,NA,0,0,0,0,0,0,1,0,1,0,0,0,0,0,0,0,0,0,0,0,0,0,0,0,"Dryadonycteris capixaba","Dryadonycteris capixaba",1,0,NA,NA,NA,NA,NA,NA,NA,NA,NA,NA,NA,NA,NA,16.21899438,-44.07754096,-20.27646843,5.65234253,-22.05660347,-18.80751404,-2.853254643,-17.81016374,1.133923044,-9.534916823,3.086275461,-5.751521351,2.302509673,4.117223195,2.498068527,-0.310014499,7.687890415
4389,"Chiroptera","Pteropodidae","Dyacopterus brooksi",83.05,1.861,140.65,81.45,10950,NA,529.514,0.0483574429223744,NA,661.489,141.76,NA,1.5,1.599,287.176,NA,91.144,NA,1825,0.0604099543378995,NA,NA,NA,0,2,NA,NA,0,1,99,NA,NA,NA,NA,NA,NA,NA,NA,NA,NA,1,1,"Ar",1,0,0,0,1,NA,NA,NA,1,"Occurs on large land bridge islands",1,0,"Indomalayan",1,0,1,0,0,0,0,0,1,0,0,0,0,0,1,0,0,0,1,0,0,0,0,0,0,0,0,0,0,0,0,0,0,0,"Dyacopterus brooksi","Dyacopterus brooksi",1,0,NA,NA,NA,NA,NA,NA,NA,NA,NA,NA,NA,NA,NA,-74.52001396,8.430630999,7.557172475,6.173571009,1.602623769,13.41517044,-16.69800663,-7.754876875,0.071522899,-4.3312218,9.848491676,5.464060615,0.634288487,-9.197832482,-0.233882814,1.592050259,9.528942582
4390,"Chiroptera","Pteropodidae","Dyacopterus rickarti",NA,NA,NA,NA,NA,NA,NA,NA,NA,NA,NA,NA,NA,NA,NA,NA,NA,NA,NA,NA,NA,NA,NA,NA,NA,NA,NA,NA,NA,NA,NA,NA,NA,NA,NA,NA,NA,NA,NA,NA,NA,NA,NA,NA,NA,NA,NA,NA,NA,NA,NA,NA,NA,NA,NA,NA,NA,NA,NA,NA,NA,NA,NA,NA,NA,NA,0,0,0,0,0,0,0,0,1,0,0,0,0,0,1,0,0,0,0,0,0,0,0,0,"Dyacopterus rickarti","Dyacopterus rickarti",1,0,NA,NA,NA,NA,NA,NA,NA,NA,NA,NA,NA,NA,NA,-74.51636548,8.501460435,8.041715386,7.157361025,1.438703757,13.27706159,-16.69816969,-8.044929989,-0.200508849,-4.275102671,10.12766899,5.701031991,0.303840267,-8.183143607,-0.198823777,1.481815386,9.653425397
4391,"Chiroptera","Pteropodidae","Dyacopterus spadiceus",85,1.958,140.65,79.66,10950,NA,653.226,0.0596553424657534,NA,793.358,144.256,NA,1.5,1.35,327.94,NA,94.62,NA,2465.795,0.0724527853881279,NA,NA,NA,0,2,NA,NA,0,1,99,NA,NA,NA,NA,NA,NA,NA,NA,NA,NA,1,1,"Ar",1,0,0,0,1,NA,NA,NA,1,"Occurs on mainland",1,0,"Indomalayan",2,0,1,0,0,0,1,0,0,0,0,0,0,0,1,0,0,0,1,0,0,0,0,0,1,0,0,0,0,0,0,0,0,0,"Dyacopterus spadiceus","Dyacopterus spadiceus",1,0,0.004652783,6.239599994,79.65999999,NA,NA,NA,0,1,0,0,1.791135395,1.791135395,1.791135395,-74.40666047,8.355053877,7.146915577,5.366303184,1.747725935,13.64499661,-16.87797308,-7.650722857,0.236554321,-4.374164692,9.536168092,5.172127272,1.078745635,-10.14918602,-0.247549847,1.670770981,9.543083071
5054,"Chiroptera","Phyllostomidae","Ectophylla alba",5.55,0.529,47,28.65,6169.197,NA,353.28,0.0572651513641078,NA,477.994,122.092,NA,0.995,2,243.012,NA,24.98,NA,2190,0.0774807483048442,NA,NA,NA,0,2,NA,NA,0,0,100,0,0,0,0,0,0,100,0,0,0,1,1,"Ar",1,0,0,0,1,700,NA,NA,0,"Occurs on mainland",0,0,"Neotropical",1,0,1,0,0,0,1,0,0,0,0,0,0,0,0,0,1,0,1,0,0,0,0,0,0,0,0,0,0,0,0,0,0,0,"Ectophylla alba","Ectophylla alba",1,0,NA,NA,28.64999998,3.499999997,NA,NA,0,0,1,0,1.79270284,2.435989892,3.070272266,21.58136632,-50.23227575,-10.94792039,11.98382163,-10.52864521,12.41119058,-4.394457631,15.93829093,-1.334248194,10.7211842,-1.870918927,7.703706272,6.336090794,5.011614551,-4.019127472,5.026344237,4.904389951
4413,"Chiroptera","Pteropodidae","Eidolon dupreanum",297.58,4.822,202.5,127.72,7968.863,NA,626.889,0.0786673079961345,NA,779.523,164.36,NA,1.08,1,364.75,49.99,62.915,112.53,2190,0.0978211069759889,0.181427515290006,NA,NA,0,2,NA,NA,0,0,100,0,0,0,0,0,0,100,0,0,0,1,1,"Ar",2,0,0,0,1,1200,10,1190,1,"Occurs only on isolated islands",1,0,"Afrotropical",2,0,1,0,0,0,0,0,0,1,0,1,0,0,0,0,0,0,1,0,0,1,0,0,1,0,0,0,0,0,0,1,0,0,"Eidolon dupreanum","Eidolon dupreanum",1,0,NA,NA,NA,NA,0,NA,NA,NA,NA,NA,NA,NA,NA,-69.62292208,3.649607211,-13.71853387,-33.46549992,6.289857118,9.102012596,-6.934254375,4.357653787,7.596107128,-3.133133943,-7.989659687,-8.684384769,7.860217978,8.303263717,1.082398857,-2.608374777,-5.120627593
4414,"Chiroptera","Pteropodidae","Eidolon helvum",280.43,4.433,198.79,120.5,7968.863,NA,534.874,0.0671204913423659,NA,698.089,219.68,NA,1.04,1,364.75,49.14,62.915,112.53,1825,0.0876020832583017,0.182240131227044,NA,NA,0,2,NA,NA,0,0,100,0,0,0,0,0,0,100,0,0,0,1,1,"Ar",2,0,0,0,1,2000,0,2000,NA,"Occurs on mainland",NA,NA,"Afrotropical",3,0,1,0,0,0,1,0,0,0,0,1,0,0,0,0,0,0,1,1,0,1,0,0,0,0,0,0,0,0,0,1,0,0,"Eidolon helvum","Eidolon helvum",1,1,47.11269039,6.900000004,123.15,549999.9994,1,NA,0,0,0,1,0.020779007,1.12876395,1.486843773,-69.61600661,3.651692616,-13.7028015,-33.43348477,6.287611115,9.121321307,-6.965165104,4.338188262,7.602359555,-3.171228888,-7.966366979,-8.678972713,8.056814492,8.150239196,1.075972266,-2.613332232,-5.242383054
4827,"Chiroptera","Emballonuridae","Emballonura alecto",5.25,0.21,60.979,45.99,3635.331,NA,344.923,0.0948807687663104,NA,408.992,118.45,NA,1.081,1.092,354.937,NA,58.008,NA,1452.357,0.112504748535965,NA,NA,NA,0,2,NA,NA,90,0,10,90,0,0,0,0,0,10,0,0,0,1,3,"A",2,0,0,0,1,450,0,450,1,"Occurs on large land bridge islands",1,0,"Australasian, Indomalayan",3,1,0,0,0,0,0,0,1,0,0,0,0,1,1,0,0,0,1,0,0,1,0,0,1,0,0,0,0,0,0,1,0,0,"Emballonura alecto","Emballonura alecto",1,0,NA,NA,45.99000005,NA,NA,NA,0,0,0,1,1.061008571,2.121512181,2.295764181,25.46001235,-38.92460218,11.12654169,2.840257894,29.89037336,9.724428013,12.07116579,-4.576322622,-5.468970615,-7.149735439,3.451094296,-7.51679551,-0.325455648,0.969945789,5.636152753,7.412210616,-0.456336948
4828,"Chiroptera","Emballonuridae","Emballonura beccarii",4.31,0.218,62.286,41,3597.789,NA,334.453,0.0929607044771108,NA,391.974,119.22,NA,1.089,1.122,352.133,NA,56.317,NA,1467.574,0.108948579252424,NA,NA,NA,0,2,NA,NA,90,0,10,90,0,0,0,0,0,10,0,0,0,1,3,"A",2,0,0,0,1,1500,0,1500,1,"Occurs on large land bridge islands",0,0,"Australasian",2,1,0,0,0,0,0,0,1,0,0,0,0,1,0,0,0,0,1,0,0,0,0,0,1,0,0,0,0,0,0,0,0,0,"Emballonura beccarii","Emballonura beccarii",1,0,NA,NA,41.00000003,NA,NA,NA,1,0,0,0,1.672389622,2.026762652,1.672389622,25.336384,-39.91074977,10.54415672,3.083148431,29.37993744,10.26018191,12.32335822,-3.791681,-6.020715467,-6.574548742,3.644182402,-6.897682284,-0.33418331,0.57538862,5.797303071,6.02600338,-0.811307748
4829,"Chiroptera","Emballonuridae","Emballonura dianae",13.21,0.368,74.866,44.49,3735.422,NA,338.063,0.0905019566731684,NA,394.368,108.644,NA,1.5,1.074,355.395,NA,53.946,NA,1500.57,0.105575220149156,NA,NA,NA,1,2,NA,NA,90,0,10,90,0,0,0,0,0,10,0,0,0,1,3,"A",2,0,0,0,1,1400,0,1400,1,"Occurs on large land bridge islands",0,0,"Australasian",2,1,0,0,0,0,0,0,1,0,0,0,0,1,0,0,0,0,1,0,0,0,0,0,1,0,0,0,0,0,0,0,0,0,"Emballonura dianae","Emballonura dianae",1,0,NA,NA,44.49000003,NA,NA,NA,1,0,0,0,2.192238591,2.192238591,2.192238591,25.21138546,-40.7265562,10.00832152,3.297541218,28.94876816,10.64207024,12.56947702,-3.244939508,-6.459284353,-6.10267913,3.840482713,-6.38778033,-0.299472974,0.214707562,5.891361206,4.765788077,-1.100117345
4830,"Chiroptera","Emballonuridae","Emballonura furax",15.94,0.409,75.661,47.5,3845.656,NA,337.182,0.0876786691269318,NA,394.43,108.04,NA,1.145,1.065,356.331,NA,54.649,NA,1513.892,0.10256507602344,NA,NA,NA,1,2,NA,NA,90,0,10,90,0,0,0,0,0,10,0,0,0,1,3,"A",2,0,0,0,1,1500,0,1500,1,"Occurs on large land bridge islands",1,0,"Australasian",2,1,0,0,0,0,0,0,1,0,0,0,0,1,0,0,0,0,1,0,0,0,0,0,1,0,0,0,0,0,0,0,0,0,"Emballonura furax","Emballonura furax",1,0,NA,NA,NA,NA,NA,NA,NA,NA,NA,NA,2.192238591,2.682966331,2.698779522,25.23248899,-40.30518929,10.31970729,3.176754034,29.23980467,10.44904064,12.44657888,-3.547894815,-6.195725635,-6.390196539,3.724721684,-6.715962459,-0.394682112,0.427267,5.829605898,5.558155714,-0.925914017
4831,"Chiroptera","Emballonuridae","Emballonura monticola",5,0.163,58.12,44,2463.435,365.25,365.25,0.148268576195434,365.25,381.641,115.55,NA,1,1.527,284.533,1.125,56.167,NA,1184.956,0.154922293464208,0.343575,NA,NA,0,2,NA,NA,90,0,10,90,0,0,0,0,0,10,0,0,0,1,3,"A",2,0,0,0,1,NA,NA,NA,1,"Occurs on mainland",1,0,"Australasian, Indomalayan",3,1,0,0,0,0,1,0,0,0,0,0,0,1,1,0,0,0,1,0,0,0,0,1,1,0,0,0,0,0,0,0,0,0,"Emballonura monticola","Emballonura monticola",1,0,33.26616243,7.699999997,45.15000004,2.000000002,1,NA,0,0,0,1,1.408362851,1.862064504,2.501995887,25.61472762,-38.42935907,11.44879142,2.697674578,30.09355209,9.517845737,11.88848498,-4.799012026,-5.221724984,-7.292416819,3.335479598,-7.70383251,-0.36589865,1.104664707,5.587639455,7.881459232,-0.331717967
4832,"Chiroptera","Emballonuridae","Emballonura raffrayana",5.61,0.174,60.806,42.5,2794.245,NA,339.446,0.121480399893352,NA,384.594,118.546,NA,1.086,1.136,344.368,NA,55.124,NA,1269.498,0.137637895030679,NA,NA,NA,0,2,NA,NA,90,0,10,90,0,0,0,0,0,10,0,0,0,1,3,"A",2,0,0,0,1,1600,0,1600,1,"Occurs on large land bridge islands",0,0,"Australasian",2,1,0,0,0,0,0,0,1,0,0,0,0,1,0,0,0,0,1,0,0,0,0,0,1,0,0,0,0,0,0,0,0,0,"Emballonura raffrayana","Emballonura raffrayana",1,0,NA,NA,42.5,NA,NA,NA,0,0,0,1,2.056722832,2.356583315,2.217403951,25.37024398,-39.49730627,10.82509705,2.994834882,29.67244547,10.01845985,12.19560519,-4.187006019,-5.724434739,-6.889450563,3.520303492,-7.219986724,-0.310273645,0.797564803,5.679084203,6.797278608,-0.644875591
4833,"Chiroptera","Emballonuridae","Emballonura semicaudata",6.29,0.184,47,46.5,5454.59,NA,360.95,0.066173626248719,NA,438.609,125.837,NA,1.047,1.25,335.05,NA,56.122,NA,1845.787,0.0804109933102213,NA,NA,NA,0,2,NA,NA,90,0,10,90,0,0,0,0,0,10,0,0,0,1,3,"A",2,0,0,0,1,NA,NA,NA,NA,"Occurs only on isolated islands",NA,NA,"Oceanian",2,1,0,0,0,0,0,0,0,1,0,0,0,0,0,0,0,1,1,0,0,0,0,1,1,0,0,0,0,0,0,0,0,0,"Emballonura semicaudata","Emballonura semicaudata",1,0,32.09806459,7.100000005,44.64999998,191.4999999,1,NA,1,0,0,0,NA,NA,NA,25.34332044,-39.74904579,10.65777288,3.041950405,29.50323292,10.12288949,12.27101828,-3.990165096,-5.889040469,-6.716355177,3.595926195,-7.027094958,-0.330058981,0.652032886,5.724355093,6.360967923,-0.74874465
4834,"Chiroptera","Emballonuridae","Emballonura serii",5.75,0.22,59.906,NA,3793.851,NA,340.864,0.0898464383551173,NA,405.809,116.583,NA,1.073,1.087,356.013,NA,54.711,NA,1495.83,0.106964928248368,NA,NA,NA,0,2,NA,NA,100,0,0,NA,NA,NA,NA,NA,NA,NA,NA,NA,NA,1,3,"A",2,0,0,0,1,300,0,300,NA,"Occurs on large land bridge islands",NA,NA,"Australasian",2,1,0,0,0,0,0,0,1,0,0,0,0,1,0,0,0,0,1,0,0,0,0,0,1,0,0,0,0,0,0,0,0,0,"Emballonura serii","Emballonura serii",1,0,NA,NA,NA,NA,NA,NA,NA,NA,NA,NA,NA,NA,NA,25.23342076,-40.41077072,10.22232302,3.220488544,29.14753372,10.55266131,12.48478155,-3.417634133,-6.27276125,-6.278210973,3.753188614,-6.600171143,-0.392729705,0.340790439,5.884295962,5.220489125,-0.994371703
5055,"Chiroptera","Phyllostomidae","Enchisthenes hartii",16.99,0.51,68.5,39.82,5522.029,NA,451.156,0.081701128335255,NA,566.384,118.392,NA,0.99,1.681,246.796,NA,61.077,NA,2140.667,0.102568095893738,NA,NA,NA,0,2,NA,NA,10,0,90,10,0,0,0,0,0,80,10,0,0,1,1,"Ar",1,0,0,0,1,3540,0,3540,0,"Occurs on mainland",1,0,"Nearctic, Neotropical",1,0,1,0,0,0,1,0,0,0,0,0,0,0,0,1,1,0,1,0,0,0,0,0,0,0,0,0,0,0,0,0,0,0,"Enchisthenes hartii","Enchisthenes hartii",1,0,NA,NA,NA,NA,NA,NA,NA,NA,NA,NA,0.670194133,1.825337505,2.584305224,21.616545,-50.23898763,-10.79073804,11.92146025,-10.2877873,12.4524511,-4.259466097,15.91269678,-1.524275017,10.57098352,-1.739956968,7.545422811,6.313787407,5.002308611,-3.87325474,4.655271517,5.088823279
4538,"Chiroptera","Pteropodidae","Eonycteris major",80.85,1.674,128.05,79.76,4946.176,NA,594.151,0.120123303335749,NA,743.147,143.455,NA,1,1.721,271.005,12.99,92.545,NA,2134.841,0.150246776499664,0.276509461966605,NA,NA,0,2,NA,NA,0,0,100,0,0,0,0,0,0,0,100,0,0,1,1,"Ar",1,0,0,0,1,1100,0,1100,1,"Occurs on large land bridge islands",1,0,"Indomalayan",1,0,1,0,0,0,0,0,1,0,0,0,0,0,1,0,0,0,1,0,0,1,0,0,1,0,0,0,0,0,0,1,0,0,"Eonycteris major","Eonycteris major",1,0,NA,NA,76.75999999,NA,NA,NA,NA,NA,NA,NA,2.883798328,3.026294396,3.096946537,-35.09751729,-19.13755715,-26.75657023,-30.80784796,-7.224494178,-26.17300872,22.50217436,-9.920265694,-19.87770216,5.447823457,5.393809127,10.43052881,20.17891431,1.395124689,-2.979848283,0.947820023,-5.775223727
4539,"Chiroptera","Pteropodidae","Eonycteris robusta",78.36,1.548,125,NA,5072.755,NA,591.957,0.116693394417826,NA,744.301,143.875,NA,1,1.719,271.21,12.99,88.97,NA,2190,0.14672520159164,0.284964395099541,NA,NA,0,2,NA,NA,0,0,100,NA,NA,NA,NA,NA,NA,NA,NA,NA,NA,1,1,"Ar",1,0,0,0,1,1100,0,1100,1,"Occurs only on isolated islands",0,0,"Indomalayan",2,0,1,0,0,0,0,0,0,1,0,0,0,0,1,0,0,0,1,0,0,1,0,0,1,0,0,0,0,0,0,1,0,0,"Eonycteris robusta","Eonycteris robusta",1,0,NA,NA,NA,NA,NA,NA,NA,NA,NA,NA,1.534460763,2.061895629,2.251703125,-36.23855043,-18.49782035,-26.69329545,-31.43244872,-6.817816055,-25.86718355,22.61874936,-9.450485021,-19.85483944,5.703353472,5.550604646,10.84827372,19.3728524,0.125392504,-3.089005477,1.137812554,-6.540489333
4540,"Chiroptera","Pteropodidae","Eonycteris spelaea",55.15,1.18,123.83,69,1825,357.41,357.41,0.195841095890411,NA,509.59,152.18,NA,1,2,244.752,14.6,59.95,NA,979.323,0.279227397260274,0.529465095194923,NA,NA,0,2,NA,NA,0,0,100,0,0,0,0,0,0,0,100,0,0,1,1,"Ar",1,0,0,0,1,1000,0,1000,NA,"Occurs on mainland",NA,NA,"Indomalayan",3,0,1,0,0,0,1,0,0,0,0,0,0,0,1,0,0,0,1,0,0,1,0,0,1,0,0,0,0,0,0,1,0,0,"Eonycteris spelaea","Eonycteris spelaea",1,0,55.17504796,8.599999995,63.89999998,NA,0,NA,1,0,0,0,0.879136278,1.796805325,2.204943276,-38.1093043,-17.59309932,-26.73788803,-32.34623276,-6.201879644,-25.32812512,22.8553078,-8.702659687,-19.67682969,6.021819668,5.581074644,11.15021355,18.18568111,-1.53131749,-3.011564914,1.278585847,-7.334011993
4541,"Chiroptera","Pteropodidae","Epomophorus angolensis",88.75,2.731,151.688,86.5,5743.192,NA,607.486,0.105774976702851,NA,757.875,152.767,NA,1,1.727,273.246,NA,118.381,NA,2231.575,0.131960589163657,NA,NA,NA,0,2,NA,NA,0,0,100,0,0,0,0,0,0,100,0,0,0,1,1,"Ar",1,0,0,0,1,NA,NA,NA,0,"Occurs on mainland",1,0,"Afrotropical",1,0,1,0,0,0,1,0,0,0,0,1,0,0,0,0,0,0,0,1,0,0,0,0,0,0,0,0,0,0,0,0,0,0,"Epomophorus angolensis","Epomophorus angolensis",0,1,NA,NA,NA,NA,NA,NA,NA,NA,NA,NA,0.169078795,0.170158527,0.171022312,-59.43116572,-6.514089382,-23.14222097,-40.09915809,0.716445242,-9.839039673,13.63160136,3.424473156,-6.443387441,6.109932385,3.840038171,8.827774721,-14.4347856,-9.167143018,-1.198952704,2.6979666,-0.439383352
4542,"Chiroptera","Pteropodidae","Epomophorus anselli",65.6,2.186,136.567,NA,5330.486,NA,513.437,0.0963208607995594,NA,651.535,151.269,NA,1.005,1.796,267.672,NA,127.874,NA,2060.733,0.122228067009275,NA,NA,NA,0,2,NA,NA,0,0,100,NA,NA,NA,NA,NA,NA,NA,NA,NA,NA,1,1,"Ar",1,0,0,0,1,NA,NA,NA,NA,"Occurs on mainland",NA,NA,"Afrotropical",1,0,1,0,0,0,1,0,0,0,0,1,0,0,0,0,0,0,0,1,0,0,0,0,0,0,0,0,0,0,0,0,0,0,"Epomophorus anselli","Epomophorus anselli",0,0,NA,NA,NA,NA,NA,NA,NA,NA,NA,NA,NA,NA,NA,-59.23185726,-6.672253441,-23.2706634,-40.07504899,0.555142372,-10.28325337,13.93116026,3.105600623,-6.840203301,6.121408784,4.039539779,9.065924915,-13.87859698,-9.576471367,-1.242087477,2.727517462,-0.698109338
4543,"Chiroptera","Pteropodidae","Epomophorus crypturus",87.52,3.372,159.41,80.49,10220,NA,672.017,0.0657550880626223,NA,813.407,150,NA,1,1.5,287.227,10,60.41,NA,2533.681,0.0795897260273973,0.171389396709324,NA,NA,0,2,NA,NA,0,0,100,NA,NA,NA,NA,NA,NA,NA,NA,NA,NA,1,1,"Ar",1,0,0,0,1,2185,500,1685,0,"Occurs on mainland",1,0,"Afrotropical",1,0,1,0,0,0,1,0,0,0,0,1,0,0,0,0,0,0,1,1,0,1,0,0,0,0,0,0,0,0,0,1,0,0,"Epomophorus crypturus","Epomophorus crypturus",0,0,NA,NA,NA,NA,NA,NA,NA,NA,NA,NA,0.143443798,0.398592488,0.492897154,-57.8968642,-7.44125109,-23.80765828,-39.93709013,-0.068425185,-12.35739648,15.6910838,2.086539043,-8.753290291,6.48210702,4.634972187,10.18674692,-11.22322122,-11.21812177,-1.527473642,2.862317215,-2.458496645
4545,"Chiroptera","Pteropodidae","Epomophorus gambianus",80,4.328,159.41,85.27,10220,NA,664.291,0.0649991193737769,NA,805.705,150,NA,1,1.5,287.736,9.98,59.99,NA,2535.058,0.0788361056751468,0.187125,NA,NA,0,2,NA,NA,0,0,100,0,0,0,0,0,0,100,0,0,0,1,1,"Ar",1,0,0,0,1,NA,NA,NA,NA,"Occurs on mainland",NA,NA,"Afrotropical",2,0,1,0,0,0,1,0,0,0,0,1,0,0,0,0,0,0,1,1,0,0,0,0,0,0,0,0,0,0,0,0,0,0,"Epomophorus gambianus","Epomophorus gambianus",1,1,49.94339586,5.900000005,83.90000003,25.49999997,0,3.999999999,0,0,1,0,0.245779787,0.71998595,0.89368924,-57.18129735,-7.998776094,-24.07849092,-39.41606213,-0.760798123,-14.33339497,17.06194432,0.801586038,-10.24823219,6.361943847,5.161724678,10.68347142,-7.840555787,-11.81900056,-1.650737087,2.775971752,-4.079598158
4546,"Chiroptera","Pteropodidae","Epomophorus grandis",49.42,2.948,192.98,63.56,5151.957,NA,528.979,0.102675352298166,NA,678.356,152.406,NA,1.006,1.766,268.596,NA,126.633,NA,2083.057,0.131669577211145,NA,NA,NA,0,2,NA,NA,0,0,100,0,0,0,0,0,0,100,0,0,0,1,1,"Ar",1,0,0,0,1,NA,NA,NA,NA,"Occurs on mainland",NA,NA,"Afrotropical",2,0,1,0,0,0,1,0,0,0,0,1,0,0,0,0,0,0,1,1,0,0,0,0,0,0,0,0,0,0,0,0,0,0,"Epomophorus grandis","Epomophorus grandis",1,1,NA,NA,NA,NA,NA,NA,NA,NA,NA,NA,NA,NA,NA,-57.77552811,-7.528402392,-23.83271436,-39.80439844,-0.19959584,-12.77624916,16.02633159,1.880824199,-9.076406414,6.507954723,4.707929015,10.31577445,-10.49978196,-11.34510037,-1.575239338,2.843203786,-2.892623978
4548,"Chiroptera","Pteropodidae","Epomophorus labiatus",69.65,1.589,94.33,73.23,5594.036,NA,516.483,0.0923274358620502,NA,656.55,156.43,NA,0.99,2,269.438,11,151.901,NA,2081.61,0.117366066289169,0.312706389088299,NA,NA,0,2,NA,NA,0,0,100,0,0,0,0,0,0,100,0,0,0,1,1,"Ar",1,0,0,0,1,2200,0,2200,0,"Occurs on mainland",1,0,"Afrotropical",1,0,1,0,0,0,1,0,0,0,0,1,0,0,0,0,0,0,1,1,1,1,0,0,0,0,0,0,0,0,0,0,0,0,"Epomophorus labiatus","Epomophorus labiatus",0,1,52.25866784,5.9,68.43333307,NA,NA,NA,NA,NA,NA,NA,0.037459917,0.700814612,1.042973786,-56.98718212,-8.11254671,-24.16166835,-39.37085955,-0.882291573,-14.72220935,17.36999511,0.629690353,-10.54722077,6.444466454,5.140482183,10.77705028,-7.297163561,-11.98788296,-1.714665083,2.827924504,-4.532222826
6719,"Chiroptera","Pteropodidae","Epomophorus minimus",68.15,2.088,133.611,NA,5230.128,NA,497.536,0.0951288381469823,NA,635.613,150.654,NA,1.006,1.826,265.885,NA,128.812,NA,2020.36,0.121529148043795,NA,NA,NA,0,2,NA,NA,0,0,100,0,0,0,0,0,0,100,0,0,0,1,1,"Ar",1,0,0,0,1,NA,NA,NA,NA,"Occurs on mainland",NA,NA,"Afrotropical",2,0,1,0,0,0,1,0,0,0,0,1,0,0,0,0,0,0,1,1,0,0,0,0,0,0,0,0,0,0,0,0,0,0,"Epomophorus minimus","Epomophorus minor",1,0,NA,NA,NA,NA,NA,NA,NA,NA,NA,NA,0.567327751,0.573359248,0.572857972,-58.47291782,-7.15996638,-23.64001404,-40.03738715,0.163147088,-11.52423538,14.94469839,2.400022527,-8.05259451,6.334334535,4.42672601,9.745284217,-12.2496637,-10.54806909,-1.397386526,2.784379624,-1.653147336
4549,"Chiroptera","Pteropodidae","Epomophorus minor",57.205,1.589,94.33,65.21,5409.812,NA,487.935,0.090194446683175,NA,624.071,156.43,NA,0.99,2,266.866,11,149.514,NA,2039.766,0.115359091961052,0.38073594965475,NA,NA,0,2,NA,NA,0,0,100,0,0,0,0,0,0,100,0,0,0,1,1,"Ar",1,0,0,0,1,1950,0,1950,NA,"Occurs on mainland",NA,NA,"Afrotropical",1,0,1,0,0,0,1,0,0,0,0,1,0,0,0,0,0,0,1,1,1,1,0,0,0,0,0,0,0,0,0,0,0,0,"Epomophorus minimus","Epomophorus minor",0,1,67.46196111,NA,65.20999997,NA,NA,NA,NA,NA,NA,NA,0.567327751,0.573359248,0.572857972,-58.47291782,-7.15996638,-23.64001404,-40.03738715,0.163147088,-11.52423538,14.94469839,2.400022527,-8.05259451,6.334334535,4.42672601,9.745284217,-12.2496637,-10.54806909,-1.397386526,2.784379624,-1.653147336
4551,"Chiroptera","Pteropodidae","Epomophorus wahlbergi",86.795,1.961,131.69,80.66,3686.5,243.52,243.52,0.0660572358605724,NA,399.95,156.43,NA,1,2,277.084,NA,668.8,NA,1761.976,0.108490438084904,NA,NA,NA,0,2,NA,NA,0,0,100,0,0,0,0,0,0,100,0,0,0,1,1,"Ar",1,0,0,0,1,2000,0,2000,0,"Occurs on mainland",1,0,"Afrotropical",2,0,1,0,0,0,1,0,0,0,0,1,0,0,0,0,0,0,1,1,1,1,0,0,0,0,0,0,0,0,0,1,0,0,"Epomophorus wahlbergi","Epomophorus wahlbergi",0,1,NA,NA,78.89999996,51.5,1,2,0,0,1,0,0.195632009,0.748916136,1.06953308,-58.88302698,-6.917714508,-23.45398096,-40.07898134,0.3620197,-10.87724258,14.39646116,2.731618259,-7.438654615,6.207408861,4.245481773,9.392505985,-13.07410704,-9.986175598,-1.320373897,2.751113378,-1.121111165
4552,"Chiroptera","Pteropodidae","Epomops buettikoferi",135.67,2.539,180,90.16,790.833,275.89,275.89,0.348859999519494,NA,365,139.92,NA,0.98,2,240.844,23.23,55.65,47.26,1330.732,0.461538656075303,0.335599616717034,NA,NA,0,2,NA,NA,0,0,100,0,0,0,0,0,0,100,0,0,0,1,1,"Ar",1,0,0,0,1,1200,0,1200,0,"Occurs on mainland",0,0,"Afrotropical",2,0,1,0,0,0,1,0,0,0,0,1,0,0,0,0,0,0,1,1,1,1,0,0,0,0,0,0,0,0,0,1,0,0,"Epomops buettikoferi","Epomops buettikoferi",1,0,NA,NA,NA,NA,NA,NA,NA,NA,NA,NA,0.99835677,1.665111927,2.220547703,-55.7379886,-8.84098389,-24.54686267,-39.04802649,-1.432209494,-16.41842966,18.84337773,-0.18919473,-12.10042543,6.698555377,5.334958714,11.30539158,-4.335917987,-12.46772401,-1.872286398,2.646745522,-6.20132552
6720,"Chiroptera","Pteropodidae","Epomops dobsonii",122.08,2.583,152.056,84.49,5144.87,NA,492.641,0.0957538285709843,NA,619.084,149.834,NA,1.008,1.836,264.404,NA,112.021,NA,2008.713,0.120330348483052,NA,NA,NA,0,2,NA,NA,0,0,100,0,0,0,0,0,0,100,0,0,0,1,1,"Ar",1,0,0,0,1,1890,NA,NA,0,"Occurs on mainland",0,0,"Afrotropical",1,0,1,0,0,0,1,0,0,0,0,1,0,0,0,0,0,0,0,0,0,0,0,0,0,0,0,0,0,0,0,0,0,0,"Epomops dobsonii","Epomophorus dobsonii",0,0,NA,NA,NA,NA,NA,NA,NA,NA,NA,NA,0.753760594,0.931167434,1.042973786,-56.05000914,-8.650554848,-24.45789559,-39.13791626,-1.310674113,-16.08566666,18.5790477,0.078491498,-11.69762411,6.676914685,5.237700752,11.16972707,-5.263324813,-12.33867676,-1.838024253,2.696894253,-5.788072845
4553,"Chiroptera","Pteropodidae","Epomops franqueti",118.99,2.213,135.03,89.44,1152.792,NA,290.824,0.252277947799777,NA,399.565,161.77,NA,1,2,248.024,20,114.004,70,1419.15,0.346606326206289,0.33616270274813,NA,NA,0,2,NA,1.5,0,0,100,0,0,0,0,0,0,100,0,0,0,1,1,"Ar",1,0,0,0,1,NA,NA,NA,0,"Occurs on mainland",1,0,"Afrotropical",1,0,1,0,0,0,1,0,0,0,0,1,0,0,0,0,0,0,1,1,0,1,0,0,0,0,0,0,0,0,0,1,0,0,"Epomops franqueti","Epomops franqueti",1,0,40.612485,6.500000005,88.24999999,2.000000002,NA,NA,NA,NA,NA,NA,0.452789065,1.576997368,2.228358526,-55.32718184,-9.076919515,-24.60913335,-38.88670545,-1.590481878,-16.86381878,19.19774764,-0.520282091,-12.59421291,6.711749677,5.411560818,11.42332307,-3.129840981,-12.50509404,-1.921058591,2.60291744,-6.634104097
5537,"Chiroptera","Vespertilionidae","Eptesicus anatolicus",15.66,0.342,74.94,42.95,4380,NA,367.554,0.0839164383561644,NA,421.43,72.839,NA,2,1,364.455,NA,43.093,NA,1719.364,0.096216894977169,NA,NA,NA,1,2,NA,NA,100,0,0,100,0,0,0,0,0,0,0,0,0,1,3,"A",1,0,0,0,1,NA,NA,NA,NA,NA,NA,NA,NA,3,1,0,0,0,0,NA,NA,NA,NA,0,0,0,0,0,0,0,0,1,0,1,1,0,0,0,0,0,0,0,0,0,1,0,0,"Eptesicus bottae","Eptesicus anatolicus",0,0,NA,NA,NA,NA,NA,NA,NA,NA,NA,NA,0.27925398,0.27925398,0.27925398,32.96973395,36.88404217,-30.09338582,14.71261036,11.0447007,-2.431911145,-3.298132888,3.196170064,-3.806986719,-4.493175037,-1.267098477,0.083943796,-0.327772355,-0.339461467,-4.400214056,0.255411608,-1.658468539
5538,"Chiroptera","Vespertilionidae","Eptesicus andinus",9.2,0.245,72,NA,6732.843,NA,430.117,0.0638834144803317,NA,486.424,72.67,NA,1.46,1.013,364.56,NA,45.996,NA,2109.494,0.0722464492340011,NA,NA,NA,1,2,NA,NA,100,0,0,NA,NA,NA,NA,NA,NA,NA,NA,NA,NA,1,3,"A",1,0,0,0,1,3300,100,3200,NA,"Occurs on mainland",NA,NA,"Neotropical",NA,1,0,0,0,0,1,0,0,0,0,0,0,0,0,0,1,0,1,0,0,0,0,0,0,1,0,0,0,0,0,0,0,0,"Eptesicus andinus","Eptesicus andinus",0,0,NA,NA,NA,NA,NA,NA,NA,NA,NA,NA,0.923184993,1.94653381,2.495762738,35.56022577,25.01167448,4.349796654,-4.857913932,-13.43025135,12.91768613,13.77493277,-14.32275066,14.50475702,8.736830488,-4.221942591,8.013226517,1.810147335,0.285063585,13.27200641,2.582291532,0.051569836
6721,"Chiroptera","Vespertilionidae","Eptesicus bobrinskoi",7.725,0.214,65.375,35.99,5863.037,NA,396.06,0.0675520212476913,NA,457.334,72.268,NA,1.524,1.013,364.506,NA,41.006,NA,1970.048,0.0780029189650347,NA,NA,NA,1,2,NA,NA,100,0,0,100,0,0,0,0,0,0,0,0,0,1,3,"A",1,0,0,0,1,NA,NA,NA,0,"Occurs on mainland",0,0,"Palearctic",1,1,0,0,0,0,1,0,0,0,1,0,0,0,0,0,0,0,0,0,0,0,0,0,0,1,0,0,0,0,0,0,0,0,"Eptesicus bobrinskoi","Eptesicus gobiensis",0,0,NA,NA,35.99000003,NA,NA,NA,NA,NA,NA,NA,0.042171417,0.078181341,0.112385334,32.91444312,36.85506503,-30.11111194,14.7707696,11.08882324,-2.488995502,-3.466633367,3.3923902,-4.147225591,-5.675872581,-2.388599917,1.145432858,-0.34571327,-0.287987513,-3.522174035,0.47839397,-1.647891575
5539,"Chiroptera","Vespertilionidae","Eptesicus bottae",15.66,0.342,74.94,42.95,4380,NA,367.554,0.0839164383561644,NA,421.43,72.839,NA,2,1,364.455,NA,43.093,NA,1719.364,0.096216894977169,NA,NA,NA,1,2,NA,NA,100,0,0,100,0,0,0,0,0,0,0,0,0,1,3,"A",1,0,0,0,1,NA,NA,NA,0,"Occurs on mainland",1,0,NA,3,1,0,0,0,0,1,0,0,0,0,0,0,0,0,0,0,0,1,0,1,1,0,1,0,1,0,0,0,0,0,1,0,0,"Eptesicus bottae","Eptesicus bottae",0,0,NA,NA,42.94999998,NA,NA,NA,NA,NA,NA,NA,0.024726323,0.078188787,0.101551793,32.96973395,36.88404217,-30.09338582,14.71261036,11.0447007,-2.431911145,-3.298132888,3.196170064,-3.806986719,-4.493175037,-1.267098477,0.083943796,-0.327772355,-0.339461467,-4.400214056,0.255411608,-1.658468539
5540,"Chiroptera","Vespertilionidae","Eptesicus brasiliensis",9.2,0.198,72,43,5076.612,NA,373.903,0.0736520734694714,NA,431.522,78.875,NA,1.46,1.034,364.367,NA,41.684,NA,1813.531,0.0850019658780305,NA,NA,NA,1,2,NA,NA,100,0,0,100,0,0,0,0,0,0,0,0,0,1,3,"A",1,0,0,0,1,NA,NA,NA,0,"Occurs on mainland",1,0,"Neotropical",1,1,0,0,0,0,1,0,0,0,0,0,0,0,0,0,1,0,1,0,0,0,0,0,0,0,0,0,0,0,0,0,0,0,"Eptesicus brasiliensis","Eptesicus brasiliensis",1,0,33.5575,6.332899995,39.79999999,NA,NA,NA,NA,NA,NA,NA,0.42924365,1.833724554,2.346736117,32.86043395,36.75869139,-30.0753297,14.76722609,11.08479558,-2.583631727,-3.646056882,3.65184826,-4.593360665,-7.099231031,-3.793547624,2.558450361,-0.434410529,-0.217663664,-2.272847697,0.726780298,-1.526346309
5541,"Chiroptera","Vespertilionidae","Eptesicus chiriquinus",9.2,0.22,72,NA,6146.6,NA,395.105,0.0642802524973156,NA,442.406,73.594,NA,1.46,1.015,364.788,NA,42.685,NA,1964.709,0.071975726417857,NA,NA,NA,1,2,NA,NA,100,0,0,NA,NA,NA,NA,NA,NA,NA,NA,NA,NA,1,3,"A",1,0,0,0,1,1900,50,1850,NA,"Occurs on mainland",NA,NA,"Neotropical",1,1,0,0,0,0,1,0,0,0,0,0,0,0,0,0,1,0,1,0,0,0,0,0,0,0,0,0,0,0,0,0,0,0,"Eptesicus chiriquinus","Eptesicus chiriquinus",1,0,NA,NA,NA,NA,NA,NA,NA,NA,NA,NA,0.740229648,1.33657114,1.528806393,32.88218633,36.77987659,-30.03980167,14.74347485,11.06798423,-2.543778181,-3.580453427,3.564193661,-4.467157012,-6.762095717,-3.484193488,2.25768972,-0.410260517,-0.239852153,-2.514234804,0.675430306,-1.576339509
5542,"Chiroptera","Vespertilionidae","Eptesicus diminutus",5.99,0.173,60.915,34.5,3468.31,NA,334.962,0.0965778722201879,NA,408.356,76.513,NA,1.7,1.056,361.848,NA,43.918,NA,1678.026,0.117739187096886,NA,NA,NA,1,2,NA,NA,100,0,0,100,0,0,0,0,0,0,0,0,0,1,3,"A",1,0,0,0,1,NA,NA,NA,0,"Occurs on mainland",1,0,"Neotropical",2,1,0,0,0,0,1,0,0,0,0,0,0,0,0,0,1,0,1,0,0,1,0,0,0,0,0,0,0,0,0,1,0,0,"Eptesicus diminutus","Eptesicus diminutus",1,0,NA,NA,34.49999999,NA,NA,NA,NA,NA,NA,NA,0.310471759,1.388241014,1.658108423,32.83603057,36.76934101,-30.10228401,14.79455459,11.08197778,-2.632915829,-3.735408795,3.718123565,-4.686585924,-7.391846362,-4.034996259,2.746087195,-0.440695704,-0.204474925,-2.117855339,0.768165762,-1.526930798
6722,"Chiroptera","Vespertilionidae","Eptesicus dimissus",13.03,0.231,70.036,41.99,3234.295,NA,343.502,0.106206143842785,NA,407.882,82.171,NA,1.736,1.032,362.348,NA,45.226,NA,1620.905,0.126111563725634,NA,NA,NA,1,2,NA,NA,100,0,0,100,0,0,0,0,0,0,0,0,0,1,3,"A",1,0,0,0,1,NA,NA,NA,0,"Occurs on mainland",0,0,"Indomalayan, Palearctic",NA,1,0,0,0,0,1,0,0,0,1,0,0,0,1,0,0,0,1,0,0,0,0,0,0,1,0,0,0,0,0,0,0,0,"Eptesicus dimissus","Cassistrellus dimissus",0,0,NA,NA,41.99000004,NA,NA,NA,NA,NA,NA,NA,1.558638004,1.558638004,1.558638004,33.1838583,35.66612926,-26.99168296,12.25202785,8.303663475,0.510736717,1.609405574,-2.562313284,4.558126781,12.49453294,9.953866667,-8.696915846,0.704235877,-0.078245807,-1.625492771,-0.583659826,0.691292801
5543,"Chiroptera","Vespertilionidae","Eptesicus floweri",7.2,0.189,61.159,35.99,4250.593,NA,344.689,0.0810919794014623,NA,421.306,75.247,NA,1.687,1.025,361.751,NA,43.415,NA,1768.89,0.0991169937935719,NA,NA,NA,1,2,NA,NA,100,0,0,100,0,0,0,0,0,0,0,0,0,1,3,"A",1,0,0,0,1,NA,0,NA,0,"Occurs on mainland",0,0,"Afrotropical",2,1,0,0,0,0,1,0,0,0,0,1,0,0,0,0,0,0,0,0,1,1,0,0,0,1,0,0,0,0,0,0,0,0,"Eptesicus floweri","Eptesicus floweri",0,0,NA,NA,NA,NA,NA,NA,NA,NA,NA,NA,NA,NA,NA,33.5276757,31.84539553,-16.13424946,6.309700722,0.415540921,6.006987245,7.21504001,-8.262612637,10.6290115,14.39285057,5.435407819,-2.132837967,1.480858029,-0.288517416,9.643462086,1.394200387,0.777890452
5544,"Chiroptera","Vespertilionidae","Eptesicus furinalis",7.7,0.19,64,39.15,2217.727,338.33,338.33,0.152557100129998,NA,430.87,92.54,NA,1.86,2,296.711,1.34,43.718,NA,1464.564,0.194284508417853,0.647376623376623,NA,NA,1,2,NA,NA,100,0,0,100,0,0,0,0,0,0,0,0,0,1,3,"A",1,0,0,0,1,NA,NA,NA,0,"Occurs on mainland",1,0,"Neotropical",2,1,0,0,0,0,1,0,0,0,0,0,0,0,0,0,1,0,1,0,0,1,0,0,0,0,0,0,0,0,0,1,0,0,"Eptesicus furinalis","Eptesicus furinalis",1,0,NA,NA,39.14999996,10,NA,3.999999999,0,0,0,1,0.170958734,1.291917749,1.886846779,32.86461974,36.7553313,-30.05312487,14.75536775,11.08337264,-2.57656008,-3.630870936,3.632289395,-4.568037639,-7.020773146,-3.71208323,2.475284999,-0.430244818,-0.224039882,-2.343374423,0.713764299,-1.54022184
5545,"Chiroptera","Vespertilionidae","Eptesicus fuscus",17.195,0.214,75,46.69,7300,395.29,471.145,0.0645404109589041,730,438.86,43.57,NA,1.925,1,364.75,3.555,34.18,15.2,2400.936,0.0601178082191781,0.397986333236406,NA,NA,1,2,NA,NA,100,0,0,100,0,0,0,0,0,0,0,0,0,1,3,"A",1,0,0,0,1,3100,300,2800,0,"Occurs on mainland",1,0,"Nearctic, Neotropical",4,1,0,0,0,0,1,0,0,0,0,0,0,0,0,1,1,0,1,0,0,1,0,1,1,0,0,0,0,0,0,1,0,0,"Eptesicus fuscus","Eptesicus fuscus",1,0,37.38196663,6.4,48.42499996,352.4999997,0,NA,0,0,0,1,0.017351926,0.677588636,1.143792933,32.81349396,36.79646389,-30.10782415,14.82480045,11.07976786,-2.628961963,-3.787800213,3.744777118,-4.709512886,-7.580645286,-4.214973556,2.872735577,-0.406137729,-0.180029186,-1.965683977,0.784018081,-1.523629951
5546,"Chiroptera","Vespertilionidae","Eptesicus gobiensis",13,0.259,69.623,NA,5657.5,NA,418.681,0.0740045956694653,NA,481.495,71.955,NA,1.25,1.001,364.75,NA,44.664,NA,2057.403,0.0851073795846222,NA,NA,NA,1,2,NA,NA,100,0,0,NA,NA,NA,NA,NA,NA,NA,NA,NA,NA,1,3,"A",1,0,0,0,1,NA,NA,NA,NA,"Occurs on mainland",NA,NA,"Palearctic",3,1,0,0,0,0,1,0,0,0,1,0,0,0,0,0,0,0,0,0,1,1,0,0,0,1,0,0,0,0,0,0,0,0,"Eptesicus gobiensis","Eptesicus gobiensis",0,0,NA,NA,NA,NA,NA,NA,NA,NA,NA,NA,0.042171417,0.078181341,0.112385334,32.91965017,36.86846541,-30.12801407,14.77810021,11.09578459,-2.479130025,-3.444997915,3.359099196,-4.084967304,-5.466892193,-2.179374626,0.933731631,-0.33359376,-0.295842958,-3.704479567,0.441776371,-1.654573555
5547,"Chiroptera","Vespertilionidae","Eptesicus guadeloupensis",18.99,0.409,85.422,50.49,6111.509,NA,430.236,0.0703976710170925,NA,507.704,88.868,NA,1.412,1.025,363.589,NA,43.907,NA,2037.157,0.0830734275282913,NA,NA,NA,0,2,NA,NA,100,0,0,100,0,0,0,0,0,0,0,0,0,1,3,"A",1,0,0,0,1,300,0,300,1,"Occurs only on isolated islands",0,0,"Neotropical",1,1,0,0,0,0,0,0,0,1,0,0,0,0,0,0,1,0,1,0,0,0,0,0,0,0,0,0,0,0,0,0,0,0,"Eptesicus guadeloupensis","Eptesicus guadeloupensis",1,0,NA,NA,NA,NA,NA,NA,NA,NA,NA,NA,0.838898467,0.838898467,0.838898467,32.90063007,36.82430169,-30.088493,14.76523906,11.09016243,-2.532213774,-3.550822703,3.516257829,-4.36806269,-6.38306802,-3.087127978,1.849384998,-0.390573964,-0.258724152,-2.913005799,0.597570788,-1.608194676
5548,"Chiroptera","Vespertilionidae","Eptesicus hottentotus",30.33,0.62,94.618,49.5,6407.817,NA,482.212,0.0752537096486994,NA,580.604,104.354,NA,1.391,1.011,362.305,NA,57.717,NA,2285.843,0.0906087049614557,NA,NA,NA,1,2,NA,NA,100,0,0,100,0,0,0,0,0,0,0,0,0,1,3,"A",1,0,0,0,1,NA,0,NA,0,"Occurs on mainland",1,0,"Afrotropical",6,1,0,0,0,0,1,0,0,0,0,1,0,0,0,0,0,0,1,1,1,1,1,1,0,0,0,0,0,0,0,0,0,0,"Eptesicus hottentotus","Eptesicus hottentotus",0,1,45.05617128,7.199999993,49.50000001,NA,NA,NA,0,0,0,1,0.142700837,0.169590723,0.185724655,32.98186143,36.89991744,-30.07090612,14.69540505,11.02158288,-2.417425628,-3.269435359,3.149816092,-3.719391555,-4.232423455,-1.033023053,-0.137482795,-0.309253593,-0.349578495,-4.541678459,0.188589831,-1.65045505
5549,"Chiroptera","Vespertilionidae","Eptesicus innoxius",7.49,1.352,69.089,36.5,5190.976,NA,391.992,0.0755141229703239,NA,460.679,83.993,NA,1.532,1.037,362.825,NA,49.276,NA,1897.413,0.0887461240429545,NA,NA,NA,1,2,NA,NA,100,0,0,100,0,0,0,0,0,0,0,0,0,1,3,"A",1,0,0,0,1,430,0,430,0,"Occurs on mainland",1,0,"Neotropical",1,1,0,0,0,0,1,0,0,0,0,0,0,0,0,0,1,0,1,0,0,0,0,0,0,0,0,0,0,0,0,0,0,0,"Eptesicus innoxius","Eptesicus innoxius",1,0,NA,NA,NA,NA,NA,NA,NA,NA,NA,NA,0.149646178,0.828680181,1.127363274,32.88892327,36.79782988,-30.0647124,14.75520315,11.08102766,-2.537730571,-3.564060729,3.538224225,-4.414653707,-6.55989311,-3.268943641,2.034112739,-0.400189374,-0.249431261,-2.737699599,0.636722587,-1.593941493
5550,"Chiroptera","Vespertilionidae","Eptesicus isabellinus",18.2,0.31,73.995,50.3,7665,NA,406.73,0.0530632746249185,NA,457.614,66.72,NA,1.5,1,364.384,5.3,30.8,14.74,2197.751,0.0597017612524462,0.436813186813187,NA,NA,1,2,NA,NA,100,0,0,100,0,0,0,0,0,0,0,0,0,1,3,"A",1,0,0,0,1,1800,0,1800,NA,"Occurs on mainland",NA,NA,"Palearctic",4,1,0,0,0,0,1,0,0,0,1,0,0,0,0,0,0,0,1,0,1,1,0,0,0,0,0,0,0,0,0,1,0,0,"Eptesicus isabellinus","Eptesicus isabellinus",0,0,NA,NA,NA,NA,NA,NA,NA,NA,NA,NA,0.052671921,0.575049708,0.670125339,33.07200569,36.66580342,-29.71132665,14.33158759,10.84191573,-2.166762747,-2.646871962,2.633141893,-2.855581144,-1.506251299,1.237502683,-2.051309444,-0.349064284,-0.347974975,-5.70502471,-0.198013171,-1.388294204
5551,"Chiroptera","Vespertilionidae","Eptesicus japonensis",13,0.261,70.024,NA,7300,NA,420.987,0.0576694520547945,NA,486.497,70.74,NA,1.5,1,364.75,NA,41.184,NA,2199.014,0.0666434246575342,NA,NA,NA,1,2,NA,NA,100,0,0,NA,NA,NA,NA,NA,NA,NA,NA,NA,NA,1,3,"A",1,0,0,0,1,NA,700,NA,NA,"Occurs only on isolated islands",NA,NA,"Palearctic",1,1,0,0,0,0,0,0,0,1,1,0,0,0,0,0,0,0,1,0,0,1,0,0,0,0,0,0,0,0,0,1,0,0,"Eptesicus japonensis","Eptesicus japonensis",0,0,NA,NA,NA,NA,NA,NA,NA,NA,NA,NA,NA,NA,NA,33.23591292,32.63442411,-18.49371335,7.563895518,2.015979165,4.877747878,6.213113172,-7.268778973,9.546424887,14.35801456,6.605416547,-3.625532505,1.449105843,-0.182601984,7.728451597,0.952627212,0.935346675
6723,"Chiroptera","Vespertilionidae","Eptesicus kobayashii",14.53,NA,NA,45.99,NA,NA,NA,NA,NA,NA,NA,NA,NA,NA,NA,NA,NA,NA,NA,NA,NA,NA,NA,NA,2,NA,NA,NA,NA,NA,100,0,0,0,0,0,0,0,0,0,1,3,"A",1,0,0,0,1,NA,NA,NA,NA,NA,NA,NA,"Palearctic",NA,1,0,0,0,0,NA,NA,NA,NA,1,0,0,0,0,0,0,0,1,0,0,0,0,0,0,1,0,0,0,0,0,0,0,0,"Eptesicus kobayashii","Eptesicus serotinus",0,0,NA,NA,NA,NA,NA,NA,NA,NA,NA,NA,0.124600915,0.895015496,1.06795292,32.90628147,34.20302813,-23.47170775,10.2915561,5.615536535,2.358544403,3.754968611,-4.881077106,7.054278952,13.93439132,8.880622167,-6.706632419,1.225809247,-0.039710697,3.594615252,0.261578861,0.983966847
6724,"Chiroptera","Vespertilionidae","Eptesicus lobatus",18.2,0.31,73.995,50.3,7665,NA,402.163,0.0524674494455316,NA,455.15,66.72,NA,1.5,1,364.383,5.3,30.8,14.74,2143.815,0.0593803000652316,0.436813186813187,NA,NA,1,2,NA,NA,100,0,0,100,0,0,0,0,0,0,0,0,0,1,3,"A",1,0,0,0,1,NA,NA,NA,NA,NA,NA,NA,NA,1,1,0,0,0,0,NA,NA,NA,NA,0,0,0,0,0,0,0,0,0,0,0,0,0,0,0,0,0,0,0,0,0,0,0,0,"Eptesicus lobatus","Eptesicus serotinus",0,0,NA,NA,NA,NA,NA,NA,NA,NA,NA,NA,0.124600915,0.895015496,1.06795292,32.30157662,36.16898044,-30.4182074,15.07391115,11.07877489,-3.043609032,-4.483675741,4.589797324,-5.841142764,-11.32993129,-8.125426291,6.880618902,-0.663366717,0.188569495,1.82102836,0.65418754,-0.073358566
5552,"Chiroptera","Vespertilionidae","Eptesicus nilssonii",13,0.242,54,40.24,7300,NA,395.692,0.0542043835616438,NA,466.874,71.632,NA,1.5,1,364.75,4.52,26,NA,2300.887,0.0639553424657534,0.521538461538462,NA,NA,1,2,NA,NA,100,0,0,100,0,0,0,0,0,0,0,0,0,1,3,"A",1,0,0,0,1,2300,0,2300,0,"Occurs on mainland",1,1,"Palearctic",5,1,0,0,0,0,1,0,0,0,1,0,0,0,0,0,0,0,1,0,0,1,1,0,1,1,0,0,0,0,0,1,0,0,"Eptesicus nilssonii","Eptesicus nilssonii",0,0,38.6564893,6.600000007,40.49999998,45.00000002,0,NA,0,0,0,1,0.306471463,1.484415292,1.759852217,32.90449691,36.83456078,-30.10240484,14.77136172,11.09704532,-2.525876259,-3.534545039,3.490897945,-4.318139933,-6.198807694,-2.893871334,1.64991994,-0.380703607,-0.26697308,-3.104621573,0.563610463,-1.621851319
5553,"Chiroptera","Vespertilionidae","Eptesicus ognevi",15.66,0.342,74.94,42.95,4380,NA,367.554,0.0839164383561644,NA,421.43,72.839,NA,2,1,364.455,NA,43.093,NA,1719.364,0.096216894977169,NA,NA,NA,1,2,NA,NA,100,0,0,100,0,0,0,0,0,0,0,0,0,1,3,"A",1,0,0,0,1,NA,NA,NA,NA,NA,NA,NA,NA,3,1,0,0,0,0,NA,NA,NA,NA,0,0,0,0,0,0,0,0,1,0,1,1,0,1,0,1,0,0,0,0,0,1,0,0,"Eptesicus bottae","Eptesicus ognevi",0,0,NA,NA,NA,NA,NA,NA,NA,NA,NA,NA,NA,NA,NA,32.96973395,36.88404217,-30.09338582,14.71261036,11.0447007,-2.431911145,-3.298132888,3.196170064,-3.806986719,-4.493175037,-1.267098477,0.083943796,-0.327772355,-0.339461467,-4.400214056,0.255411608,-1.658468539
5554,"Chiroptera","Vespertilionidae","Eptesicus pachyomus",18.2,0.31,73.995,50.3,7665,NA,408.178,0.0532521852576647,NA,456.903,66.72,NA,1.5,1,364.388,5.3,30.8,14.74,2194.955,0.0596090019569472,0.436813186813187,NA,NA,1,2,NA,NA,100,0,0,100,0,0,0,0,0,0,0,0,0,1,3,"A",1,0,0,0,1,NA,NA,NA,NA,NA,NA,NA,NA,4,1,0,0,0,0,NA,NA,NA,NA,0,0,0,0,0,0,0,0,1,0,1,1,0,0,1,0,0,0,0,0,0,1,0,0,"Eptesicus pachyomus","Eptesicus pachyomus",0,0,NA,NA,NA,NA,NA,NA,NA,NA,NA,NA,1.0435764,1.686261111,2.275814987,32.94772373,36.84139056,-30.08069104,14.71437533,11.05648836,-2.469363475,-3.369890428,3.301731039,-4.001701745,-5.129148637,-1.889354816,0.704376354,-0.366917585,-0.313035939,-3.883845573,0.387410257,-1.640694555
5555,"Chiroptera","Vespertilionidae","Eptesicus pachyotis",8.1,0.158,57.777,38.49,2612.065,NA,310.142,0.118734411279964,NA,386.02,77.918,NA,1.838,1.059,360.444,NA,39.016,NA,1554.136,0.147783458681158,NA,NA,NA,1,2,NA,NA,100,0,0,100,0,0,0,0,0,0,0,0,0,1,3,"A",1,0,0,0,1,NA,NA,NA,0,"Occurs on mainland",1,0,"Indomalayan",1,1,0,0,0,0,1,0,0,0,0,0,0,0,1,0,0,0,1,0,0,0,0,0,0,0,0,0,0,0,0,0,0,0,"Eptesicus pachyotis","Eptesicus pachyotis",1,0,NA,NA,NA,NA,NA,NA,NA,NA,NA,NA,NA,NA,NA,33.14021153,35.36646072,-26.2606123,11.85013842,7.796153199,0.931934643,2.112936358,-3.121396131,5.214205366,13.0908395,9.898621193,-8.386160827,0.872166973,-0.054635325,-0.354968242,-0.309433498,0.766019325
5556,"Chiroptera","Vespertilionidae","Eptesicus platyops",18.2,0.297,73.995,NA,7665,NA,409.676,0.053447619047619,NA,456.262,66.72,NA,1.5,1,364.409,5.3,30.8,14.74,2192.206,0.0595253750815395,0.436813186813187,NA,NA,1,2,NA,NA,100,0,0,100,0,0,0,0,0,0,0,0,0,1,3,"A",1,0,0,0,1,NA,NA,NA,NA,"Occurs on mainland",NA,NA,"Afrotropical",NA,1,0,0,0,0,1,0,0,0,0,1,0,0,0,0,0,0,1,0,0,0,0,0,0,1,0,0,0,0,0,0,0,0,"Eptesicus platyops","Eptesicus platyops",0,0,NA,NA,NA,NA,NA,NA,NA,NA,NA,NA,NA,NA,NA,33.08786212,35.85260204,-28.18486627,12.96138274,9.360134593,-0.77680998,-0.041482592,-0.436256398,1.844119318,9.238400689,9.220501447,-8.971717987,0.050044502,-0.128787127,-6.185990018,-1.324505929,0.164435314
5557,"Chiroptera","Vespertilionidae","Eptesicus serotinus",18.2,0.31,73.995,50.3,7665,NA,408.178,0.0532521852576647,NA,456.903,66.72,NA,1.5,1,364.388,5.3,30.8,14.74,2194.955,0.0596090019569472,0.436813186813187,NA,NA,1,2,NA,NA,100,0,0,100,0,0,0,0,0,0,0,0,0,1,3,"A",1,0,0,0,1,NA,NA,NA,0,"Occurs on mainland",1,1,NA,4,1,0,0,0,0,1,0,0,0,0,0,0,0,0,0,0,0,1,1,1,1,1,1,1,0,0,0,0,0,0,1,1,1,"Eptesicus serotinus","Eptesicus serotinus",1,0,43.34358967,6.500000005,49.45000001,30.00000002,0,NA,0,0,0,1,0.124600915,0.895015496,1.06795292,32.90949304,36.84727456,-30.11772274,14.77773623,11.10280598,-2.514928191,-3.511132895,3.455780741,-4.252927152,-5.975423782,-2.666412058,1.417694443,-0.36769463,-0.276133987,-3.314675316,0.52442488,-1.634131426
5558,"Chiroptera","Vespertilionidae","Eptesicus taddeii",NA,NA,NA,NA,NA,NA,NA,NA,NA,NA,NA,NA,NA,NA,NA,NA,NA,NA,NA,NA,NA,NA,NA,NA,NA,NA,NA,NA,NA,NA,NA,NA,NA,NA,NA,NA,NA,NA,NA,NA,NA,NA,NA,NA,0,0,0,1,NA,NA,NA,NA,NA,NA,NA,"Neotropical",1,NA,NA,NA,NA,NA,NA,NA,NA,NA,0,0,0,0,0,0,1,0,1,0,0,0,0,0,0,0,0,0,0,0,0,0,0,0,NA,"Eptesicus taddeii",1,0,NA,NA,NA,NA,NA,NA,NA,NA,NA,NA,NA,NA,NA,NA,NA,NA,NA,NA,NA,NA,NA,NA,NA,NA,NA,NA,NA,NA,NA,NA
5559,"Chiroptera","Vespertilionidae","Eptesicus tatei",13.65,0.269,75.074,45,6392.633,NA,434.289,0.067935856790152,NA,494.077,78.524,NA,1.402,1.015,364.68,NA,43.694,NA,2045.22,0.0772884975564842,NA,NA,NA,1,2,NA,NA,100,0,0,100,0,0,0,0,0,0,0,0,0,1,3,"A",1,0,0,0,1,NA,NA,NA,0,"Occurs on mainland",0,0,"Indomalayan",1,1,0,0,0,0,1,0,0,0,0,0,0,0,1,0,0,0,1,0,0,0,0,0,0,0,0,0,0,0,0,0,0,0,"Eptesicus tatei","Eptesicus tatei",1,0,NA,NA,NA,NA,NA,NA,NA,NA,NA,NA,NA,NA,NA,32.1633923,35.91238431,-30.32788244,15.05372032,11.09008406,-3.140139636,-4.587032436,4.666011144,-5.940044805,-11.909472,-8.845587413,7.670721935,-0.699070499,0.254779302,2.604133158,0.510054092,0.262404382
4910,"Chiroptera","Phyllostomidae","Erophylla bombifrons",16.1,0.576,75.149,47.11,4540.443,NA,499.464,0.110003363107961,NA,634.855,136.98,NA,1,1,345.228,4.5,60.88,NA,2118.557,0.139822259634137,0.279503105590062,NA,NA,0,2,NA,NA,40,0,60,40,0,0,0,0,0,30,30,0,0,3,2,"Ar",1,0,0,0,1,NA,NA,NA,1,"Occurs only on isolated islands",1,0,"Neotropical",1,0,1,0,0,0,0,0,0,1,0,0,0,0,0,0,1,0,0,0,0,0,0,0,1,0,0,0,0,0,0,0,0,0,"Erophylla bombifrons","Erophylla bombifrons",0,0,37.74412858,6.230000005,47.10999997,NA,NA,NA,NA,NA,NA,NA,0.531798649,1.084059433,1.364391013,18.82773313,-47.99002433,-19.35113072,10.57973558,-23.43209589,-11.56916246,-8.715361124,-11.24205145,7.69289858,-8.258813908,-0.187952064,-7.232083791,-6.132493813,-4.180646374,1.158181111,-2.09166192,-2.452786178
4911,"Chiroptera","Phyllostomidae","Erophylla sezekorni",16.1,0.581,75.085,47.5,4513.78,NA,499.176,0.11058935083234,NA,635.096,136.98,NA,1,1,345.057,4.5,60.88,NA,2120.295,0.140701584924387,0.279503105590062,NA,NA,0,2,NA,NA,30,0,70,30,0,0,0,0,0,40,30,0,0,3,2,"Ar",1,0,0,0,1,NA,NA,NA,1,"Occurs only on isolated islands",0,0,"Neotropical",1,0,1,0,0,0,0,0,0,1,0,0,0,0,0,0,1,0,0,0,0,0,0,0,1,0,0,0,0,0,0,0,0,0,"Erophylla sezekorni","Erophylla sezekorni",0,0,51.66646649,6.1,47.50000004,NA,NA,12,1,0,0,0,0.496220891,1.174400211,1.274791718,18.7502702,-47.89519479,-19.50355756,10.43962083,-23.56458229,-12.097106,-8.559408097,-11.70713077,7.525223059,-8.413257218,-0.01108152,-7.215978603,-5.901339247,-4.096396827,1.160563255,-1.871782426,-2.26546299
5684,"Chiroptera","Vespertilionidae","Euderma maculatum",16.17,0.312,71.317,49.5,7962.581,NA,426.959,0.0536206790235478,NA,515.706,72.586,NA,1,1.001,364.706,3.7,47.669,NA,2164.317,0.0647661857380164,0.229047619047619,NA,NA,1,2,NA,NA,100,0,0,100,0,0,0,0,0,0,0,0,0,1,3,"A",1,0,0,0,1,3000,NA,NA,0,"Occurs on mainland",1,0,"Nearctic, Neotropical",3,1,0,0,0,0,1,0,0,0,0,0,0,0,0,1,1,0,1,0,0,0,0,0,1,1,0,0,0,0,0,0,0,0,"Euderma maculatum","Euderma maculatum",0,0,NA,NA,49.50000001,1,NA,0,0,0,0,1,0.101512868,0.258724078,0.349028648,30.84241655,33.74384645,-28.30634756,14.13922993,10.37872855,-3.410368889,-4.95482437,4.756886371,-5.770052295,-14.6208065,-13.22897801,12.60127933,-1.187729339,0.409848082,8.878295836,-0.480188657,2.264965135
4671,"Chiroptera","Megadermatidae","Eudiscoderma thongareeae",NA,NA,NA,NA,NA,NA,NA,NA,NA,NA,NA,NA,NA,NA,NA,NA,NA,NA,NA,NA,NA,NA,NA,NA,NA,NA,NA,NA,NA,NA,NA,NA,NA,NA,NA,NA,NA,NA,NA,NA,NA,NA,NA,NA,0,0,0,1,NA,0,NA,NA,NA,NA,NA,"Indomalayan",1,NA,NA,NA,NA,NA,NA,NA,NA,NA,0,0,0,0,1,0,0,0,1,0,0,0,0,0,0,0,0,0,0,0,0,0,0,0,"Eudiscoderma thongareeae","Eudiscoderma thongareeae",1,0,NA,NA,NA,NA,NA,NA,NA,NA,NA,NA,NA,NA,NA,36.89378134,14.53406079,25.33857692,-14.98981941,-9.842440887,-9.575219463,-11.66239285,11.68332642,-8.322781419,1.653115699,6.017252743,-5.573211955,0.324042182,-0.288729355,9.797162402,4.780781568,-1.484022049
5382,"Chiroptera","Vespertilionidae","Eudiscopus denticulus",7.2,0.216,63.46,35.99,5988.172,NA,387.752,0.0647529830472472,NA,465.256,83.073,NA,1.616,1.01,364.339,NA,43.438,NA,1947.75,0.0776958310482732,NA,NA,NA,1,2,NA,NA,100,0,0,NA,NA,NA,NA,NA,NA,NA,NA,NA,NA,1,3,"A",1,0,0,0,1,NA,NA,NA,NA,"Occurs on mainland",NA,NA,"Indomalayan",1,1,0,0,0,0,1,0,0,0,0,0,0,0,1,0,0,0,1,0,0,0,0,0,0,0,0,0,0,0,0,0,0,0,"Eudiscopus denticulus","Eudiscopus denticulus",1,0,NA,NA,35.99000003,NA,NA,NA,0,1,0,0,0.559055117,1.727478178,1.858279869,35.91890902,11.88340249,26.029777,-14.63786138,-4.15921869,-16.13591312,-16.68339526,10.77746222,-3.104481652,7.165282654,3.450681903,0.353440454,1.490980113,-0.601944783,10.17009374,-3.830631238,0.061017974
5199,"Chiroptera","Molossidae","Eumops auripendulus",28.49,0.612,92,61.5,4496.28,NA,405.125,0.0901022623146245,NA,492.319,89.283,NA,0.99,1.118,352.616,NA,49.932,NA,1814.743,0.109494737872197,NA,NA,NA,1,2,NA,NA,100,0,0,100,0,0,0,0,0,0,0,0,0,1,3,"A",1,0,0,0,1,1800,25,1775,0,"Occurs on mainland",1,0,"Neotropical",1,1,0,0,0,0,1,0,0,0,0,0,0,0,0,0,1,0,1,1,0,1,0,0,0,0,0,0,0,0,0,1,0,0,"Eumops auripendulus","Eumops auripendulus",1,0,NA,NA,62.86699994,NA,NA,2,0,0,0,1,0.698251204,1.845288948,2.903771969,31.64842342,-15.77672595,28.14655181,-8.422416835,31.81043003,-12.40625119,-4.338927819,-8.171736208,8.875663191,0.932498234,-4.407325179,3.780198405,0.090643805,0.960159708,-7.605526003,4.506832985,0.623861577
5200,"Chiroptera","Molossidae","Eumops bonariensis",12.22,0.358,68,40.12,4193.349,NA,426.95,0.101815994805107,NA,523.161,94.49,NA,1,1,360.893,3,48.99,NA,1795.117,0.124759708767384,0.245499181669394,NA,NA,0,2,NA,NA,100,0,0,100,0,0,0,0,0,0,0,0,0,1,3,"A",1,0,0,0,1,300,80,220,0,"Occurs on mainland",1,0,"Neotropical",2,1,0,0,0,0,1,0,0,0,0,0,0,0,0,0,1,0,1,0,0,1,0,0,0,0,0,0,0,0,0,1,0,0,"Eumops bonariensis","Eumops bonariensis",1,0,NA,NA,43.89999998,NA,NA,14,0,0,0,1,0.205547982,0.469651838,0.488969667,31.50501359,-16.8846892,27.30986731,-7.652733208,33.07383726,-10.73736184,-2.71529546,-8.534784376,8.11771111,-0.281077215,-4.006313841,2.545982022,0.079063291,1.420056324,-6.782438511,9.386491713,0.351265991
5203,"Chiroptera","Molossidae","Eumops dabbenei",58.5,0.835,125,76.5,5069.46,NA,519.713,0.102518414190072,NA,642.78,85,NA,1,1,359.752,7.53,45.66,NA,2061.271,0.12679456983584,0.128717948717949,NA,NA,0,2,NA,NA,100,0,0,100,0,0,0,0,0,0,0,0,0,1,3,"A",1,0,0,0,1,NA,NA,NA,0,"Occurs on mainland",1,0,"Neotropical",2,1,0,0,0,0,1,0,0,0,0,0,0,0,0,0,1,0,1,1,0,1,0,0,0,0,0,0,0,0,0,1,0,0,"Eumops dabbenei","Eumops dabbenei",1,0,NA,NA,79.55,NA,NA,NA,0,0,0,1,0.488969667,0.842768142,0.894124216,31.6111684,-16.2783733,27.81668179,-8.090891715,32.40336832,-11.7441206,-3.73332304,-8.278615323,8.616084658,0.541643094,-4.267869171,3.359670016,0.118662725,1.169061423,-7.234784391,6.407115595,0.572267329
5204,"Chiroptera","Molossidae","Eumops delticus",12.22,0.318,68,40.12,4878.087,NA,489.309,0.100307559090275,NA,602.586,96.171,NA,1,1,362.625,3,48.99,NA,1963.937,0.123529162149015,0.245499181669394,NA,NA,0,2,NA,NA,100,0,0,100,0,0,0,0,0,0,0,0,0,1,3,"A",1,0,0,0,1,300,80,220,NA,NA,NA,NA,"Neotropical",1,1,0,0,0,0,NA,NA,NA,NA,0,0,0,0,0,0,1,0,1,0,0,0,0,0,0,0,0,0,0,0,0,0,0,0,"Eumops bonariensis","Eumops delticus",1,0,NA,NA,NA,NA,NA,NA,NA,NA,NA,NA,NA,NA,NA,31.50501359,-16.8846892,27.30986731,-7.652733208,33.07383726,-10.73736184,-2.71529546,-8.534784376,8.11771111,-0.281077215,-4.006313841,2.545982022,0.079063291,1.420056324,-6.782438511,9.386491713,0.351265991
5205,"Chiroptera","Molossidae","Eumops ferox",36.4,0.656,95,59.73,5175.002,NA,527.859,0.102001699709488,NA,646.229,93.43,NA,1.02,1,361.798,4.27,38.49,NA,2062.382,0.124875120821209,0.119653846153846,NA,NA,1,2,NA,NA,100,0,0,100,0,0,0,0,0,0,0,0,0,1,3,"A",1,0,0,0,1,2750,150,2600,NA,NA,NA,NA,NA,1,1,0,0,0,0,NA,NA,NA,NA,0,0,0,0,0,0,0,0,1,0,0,0,0,0,0,0,0,0,0,0,0,0,0,0,"Eumops ferox","Eumops ferox",1,0,NA,NA,NA,NA,NA,NA,NA,NA,NA,NA,0.80270989,0.828913302,0.844635349,31.57948073,-16.48488303,27.68862704,-7.964568454,32.64843618,-11.45044653,-3.421882974,-8.370646347,8.444928893,0.207864569,-4.224060665,3.111040375,0.093850173,1.256328145,-7.109360541,7.467735515,0.484354776
5206,"Chiroptera","Molossidae","Eumops floridanus",38.4,0.656,95,59.73,4849.506,NA,464.298,0.0957412981858358,NA,569.929,90.843,NA,1.02,1,361.026,4.27,38.49,NA,1956.471,0.117523104415171,0.113421875,NA,NA,1,2,NA,NA,100,0,0,100,0,0,0,0,0,0,0,0,0,1,3,"A",1,0,0,0,1,2750,150,2600,NA,"Occurs on mainland",NA,NA,"Nearctic",2,1,0,0,0,0,1,0,0,0,0,0,0,0,0,1,0,0,1,0,0,1,0,0,0,0,0,0,0,0,0,1,0,0,"Eumops floridanus","Eumops floridanus",0,0,NA,NA,NA,NA,NA,NA,NA,NA,NA,NA,NA,NA,NA,31.57664105,-16.61649788,27.61547631,-7.894087617,32.74110059,-11.25037368,-3.238488316,-8.391767795,8.347443875,0.095316802,-4.172575005,2.991484715,0.110302887,1.305571557,-7.045502727,7.930634268,0.462233411
5207,"Chiroptera","Molossidae","Eumops glaucinus",36.4,0.656,95,59.73,4954.147,NA,501.337,0.101195422743814,NA,616.563,92.242,NA,1.02,1,361.213,4.27,38.49,NA,2008.781,0.124453917092085,0.119653846153846,NA,NA,1,2,NA,NA,100,0,0,100,0,0,0,0,0,0,0,0,0,1,3,"A",1,0,0,0,1,2750,150,2600,0,"Occurs on mainland",1,0,"Neotropical",2,1,0,0,0,0,1,0,0,0,0,0,0,0,0,0,1,0,1,0,0,1,0,0,0,0,0,0,0,0,0,1,0,0,"Eumops glaucinus","Eumops glaucinus",1,0,48.9,7.800000006,60.12499995,20.5,NA,6.000000002,0,0,0,1,0.149646178,1.173639723,1.755399859,31.56264155,-16.67481453,27.55777795,-7.839975187,32.86684114,-11.13794875,-3.109635758,-8.44657682,8.304507716,-0.001783793,-4.133023147,2.872576079,0.093089488,1.331926178,-6.943558173,8.329769713,0.429174867
5208,"Chiroptera","Molossidae","Eumops hansae",15.47,0.399,75,38.29,2639.499,NA,316.609,0.119950414832512,NA,390.303,92.393,NA,1.015,1.069,355.649,NA,52.065,NA,1359.991,0.147870107168065,NA,NA,NA,0,2,NA,NA,100,0,0,100,0,0,0,0,0,0,0,0,0,1,3,"A",1,0,0,0,1,320,45,275,0,"Occurs on mainland",0,0,"Neotropical",3,1,0,0,0,0,1,0,0,0,0,0,0,0,0,0,1,0,1,1,1,0,0,0,0,0,0,0,0,0,1,0,0,0,"Eumops hansae","Eumops hansae",1,0,NA,NA,38.28999997,NA,NA,NA,0,1,0,0,1.235500347,1.522443098,1.484956087,31.39339706,-17.10631526,26.87867541,-7.372615812,33.14652626,-9.968083607,-1.984611397,-8.718817469,7.801185571,-0.846563549,-3.833077367,1.981007265,0.017245178,1.553469494,-6.633394696,11.01106961,0.211073231
5209,"Chiroptera","Molossidae","Eumops maurus",20.66,0.5,86.012,52,3381.734,NA,337.702,0.099860604056972,NA,409.263,88.021,NA,1.009,1.152,346.861,NA,51.748,NA,1542.285,0.121021641560217,NA,NA,NA,1,2,NA,NA,100,0,0,100,0,0,0,0,0,0,0,0,0,1,3,"A",1,0,0,0,1,NA,NA,NA,0,"Occurs on mainland",0,0,"Neotropical",2,1,0,0,0,0,1,0,0,0,0,0,0,0,0,0,1,0,1,1,0,1,0,0,0,0,0,0,0,0,0,1,0,0,"Eumops maurus","Eumops maurus",1,0,NA,NA,52.4,NA,NA,NA,NA,NA,NA,NA,1.408920356,2.397770494,3.184778962,31.6248018,-15.83994629,28.06464269,-8.353487005,31.95915668,-12.30865217,-4.214842041,-8.246840289,8.860545297,0.842678005,-4.38023218,3.67180357,0.073870544,0.994316899,-7.534618836,4.96647242,0.596932157
5210,"Chiroptera","Molossidae","Eumops nanus",12.22,0.358,68,40.12,4193.349,NA,426.95,0.101815994805107,NA,523.161,94.49,NA,1,1,360.893,3,48.99,NA,1795.117,0.124759708767384,0.245499181669394,NA,NA,0,2,NA,NA,100,0,0,100,0,0,0,0,0,0,0,0,0,1,3,"A",1,0,0,0,1,300,80,220,NA,NA,NA,NA,"Neotropical",2,1,0,0,0,0,NA,NA,NA,NA,0,0,0,0,0,0,1,0,1,0,0,1,0,0,0,0,0,0,0,0,0,1,0,0,"Eumops bonariensis","Eumops nanus",1,0,NA,NA,NA,NA,NA,NA,NA,NA,NA,NA,0.423268271,1.155277066,1.549526672,31.50501359,-16.8846892,27.30986731,-7.652733208,33.07383726,-10.73736184,-2.71529546,-8.534784376,8.11771111,-0.281077215,-4.006313841,2.545982022,0.079063291,1.420056324,-6.782438511,9.386491713,0.351265991
5211,"Chiroptera","Molossidae","Eumops patagonicus",12.22,0.365,68,NA,4908.655,NA,484.72,0.0987480277183872,NA,592.121,95.357,NA,1,1,361.769,3,48.99,NA,1898.251,0.120627952056113,0.245499181669394,NA,NA,NA,2,NA,NA,100,0,0,NA,NA,NA,NA,NA,NA,NA,NA,NA,NA,1,3,"A",1,0,0,0,1,NA,NA,NA,NA,"Occurs on mainland",NA,NA,"Neotropical",2,1,0,0,0,0,1,0,0,0,0,0,0,0,0,0,1,0,1,0,0,1,0,0,0,0,0,0,0,0,0,1,0,0,"Eumops patagonicus","Eumops patagonicus",1,0,NA,NA,NA,NA,NA,NA,NA,NA,NA,NA,0.315921689,0.781051102,1.188180379,31.45404148,-17.05213904,27.07754662,-7.492241985,33.13475549,-10.27227487,-2.280041392,-8.621773027,7.905710001,-0.607752238,-3.894412994,2.216112868,0.064529565,1.511116354,-6.687243594,10.38396067,0.274789129
5212,"Chiroptera","Molossidae","Eumops perotis",56.5,0.802,125,75.49,4913.723,NA,451.417,0.0918686299573663,NA,559.38,85,NA,1,1,359.507,7.53,45.66,NA,1954.046,0.113840360964588,0.133274336283186,NA,NA,0,2,NA,NA,100,0,0,100,0,0,0,0,0,0,0,0,0,1,3,"A",1,0,0,0,1,NA,NA,NA,0,"Occurs on mainland",1,0,"Nearctic, Neotropical",2,1,0,0,0,0,1,0,0,0,0,0,0,0,0,1,1,0,1,0,0,1,0,0,1,0,0,0,0,0,0,1,0,0,"Eumops perotis","Eumops perotis",1,0,66.61250934,9.499999994,78.14999994,100,0,17,0,0,0,1,0.058195066,0.329033466,0.531716712,31.61607362,-16.17261282,27.89302994,-8.164264296,32.30178045,-11.93814895,-3.90465397,-8.254310554,8.70153107,0.667604216,-4.315231615,3.502138972,0.117749364,1.109061867,-7.290868913,5.855199782,0.592673705
5213,"Chiroptera","Molossidae","Eumops trumbulli",56.5,0.797,125,NA,5018.429,NA,463.212,0.0923021925785938,NA,586.555,85,NA,1,1,359.347,7.53,45.66,NA,1982.887,0.116880202947974,0.133274336283186,NA,NA,0,2,NA,NA,100,0,0,NA,NA,NA,NA,NA,NA,NA,NA,NA,NA,1,3,"A",1,0,0,0,1,300,100,200,NA,"Occurs on mainland",NA,NA,"Neotropical",3,1,0,0,0,0,1,0,0,0,0,0,0,0,0,0,1,0,1,0,0,1,0,1,0,0,0,0,0,0,0,1,0,0,"Eumops trumbulli","Eumops trumbulli",1,0,NA,NA,NA,NA,NA,NA,NA,NA,NA,NA,1.429278568,1.429278568,1.429278568,31.47651787,-17.02094118,27.15935572,-7.544072742,33.13837965,-10.47609156,-2.473955191,-8.571159872,7.992201311,-0.445448869,-3.935705035,2.366365403,0.095420754,1.48622435,-6.718727741,10.00756871,0.315273258
5214,"Chiroptera","Molossidae","Eumops underwoodi",59.835,0.774,112,71.24,5111.141,NA,534.245,0.104525584404735,NA,661.251,101.476,NA,1,1,360.511,NA,51.509,NA,2065.673,0.129374439092954,NA,NA,NA,0,2,NA,NA,100,0,0,100,0,0,0,0,0,0,0,0,0,1,3,"A",1,0,0,0,1,1300,NA,NA,0,"Occurs on mainland",1,0,"Nearctic, Neotropical",2,1,0,0,0,0,1,0,0,0,0,0,0,0,0,1,1,0,1,0,0,0,0,0,0,1,0,0,0,0,0,0,0,0,"Eumops underwoodi","Eumops underwoodi",1,0,NA,NA,71.24000003,NA,NA,NA,0,0,1,0,0.131186976,0.524469386,0.657508717,31.59634215,-16.42562991,27.72310647,-8.002572586,32.55773381,-11.58674377,-3.57826201,-8.302372765,8.51760693,0.398205324,-4.234527157,3.242603157,0.12920369,1.22385421,-7.143929558,6.964779201,0.537746726
5215,"Chiroptera","Molossidae","Eumops wilsoni",36.4,0.656,95,59.73,4732.242,NA,435.637,0.092057210937226,NA,547.436,91.923,NA,1.02,1,359.606,4.27,38.49,NA,1927.624,0.115682165028754,0.119653846153846,NA,NA,0,2,NA,NA,100,0,0,100,0,0,0,0,0,0,0,0,0,1,3,"A",1,0,0,0,1,100,10,90,NA,"Occurs on mainland",NA,NA,"Neotropical",1,1,0,0,0,0,1,0,0,0,0,0,0,0,0,0,1,0,1,0,0,0,0,0,0,0,0,0,0,0,0,0,0,0,"Eumops wilsoni","Eumops wilsoni",0,0,NA,NA,NA,NA,NA,NA,NA,NA,NA,NA,0.154126223,0.154126223,0.154126223,31.54471612,-16.81242953,27.43598456,-7.743957865,32.96670658,-10.9216793,-2.906482967,-8.476404118,8.206660128,-0.116111858,-4.073710368,2.741974517,0.110359051,1.382805853,-6.86306418,8.843428797,0.400153829
5736,"Chiroptera","Vespertilionidae","Falsistrellus mackenziei",23,3.015,119.518,NA,7625.176,NA,582.21,0.0763536474436787,NA,679.79,138.315,NA,1.308,0.965,366.651,NA,85.808,NA,2555,0.0891507291110395,NA,NA,NA,1,2,NA,NA,100,0,0,NA,NA,NA,NA,NA,NA,NA,NA,NA,NA,1,3,"A",1,0,0,0,1,NA,NA,NA,0,"Occurs on mainland",0,0,"Australasian",1,1,0,0,0,0,1,0,0,0,0,0,0,1,0,0,0,0,1,0,0,0,0,0,0,0,0,0,0,0,0,0,0,0,"Falsistrellus mackenziei","Falsistrellus mackenziei",0,0,NA,NA,NA,NA,NA,NA,NA,NA,NA,NA,NA,NA,NA,33.09317927,35.87075774,-28.22545196,12.98519931,9.397355466,-0.815631717,-0.0980265,-0.355105415,1.723839744,9.030213589,9.103378693,-8.892334019,0.018223793,-0.130533106,-6.370580823,-1.341714935,0.115961878
6728,"Chiroptera","Vespertilionidae","Falsistrellus mordax",10.46,1.176,85.402,41,4682.165,NA,430.329,0.0919081236991862,NA,502.552,97.221,NA,1.414,0.999,365.304,NA,55.497,NA,1972.292,0.107333252886218,NA,NA,NA,1,2,NA,NA,100,0,0,100,0,0,0,0,0,0,0,0,0,1,3,"A",1,0,0,0,1,NA,NA,NA,1,"Occurs on mainland",1,0,"Indomalayan",NA,1,0,0,0,0,1,0,0,0,0,0,0,0,1,0,0,0,1,0,0,0,0,0,0,1,0,0,0,0,0,0,0,0,"Falsistrellus mordax","Hypsugo mordax",0,0,NA,NA,NA,NA,NA,NA,NA,NA,NA,NA,NA,NA,NA,33.10227851,35.89904568,-28.28045867,13.01645539,9.441572503,-0.85107638,-0.149808107,-0.284728287,1.621446235,8.843309128,8.98461104,-8.800570361,-0.007417113,-0.131724365,-6.480545912,-1.340398096,0.07276908
6729,"Chiroptera","Vespertilionidae","Falsistrellus petersi",9.05,1.571,91.554,38.99,5537.353,NA,443.518,0.0800956702597793,NA,504.743,102.26,NA,1.432,0.981,367.093,NA,58.507,NA,2120.857,0.0911523971832751,NA,NA,NA,1,2,NA,NA,100,0,0,100,0,0,0,0,0,0,0,0,0,1,3,"A",1,0,0,0,1,NA,NA,NA,1,"Occurs on large land bridge islands",0,0,"Australasian, Indomalayan",1,1,0,0,0,0,0,0,1,0,0,0,0,1,1,0,0,0,1,0,0,0,0,0,0,0,0,0,0,0,0,0,0,0,"Falsistrellus petersi","Hypsugo petersi",1,0,NA,NA,38.98999998,NA,NA,NA,NA,NA,NA,NA,1.788461429,1.788461429,1.788461429,33.1109813,35.92490717,-28.32706828,13.04237273,9.476029171,-0.873286102,-0.182004097,-0.243120574,1.562787287,8.734588564,8.910413129,-8.739048077,-0.021829996,-0.131781702,-6.51851682,-1.336731257,0.05385555
5737,"Chiroptera","Vespertilionidae","Falsistrellus tasmaniensis",22.54,2.06,106.682,49.99,6386.869,NA,507.708,0.0794924711936318,NA,604.328,121.404,NA,1.324,0.98,365.796,NA,67.539,NA,2299.532,0.0946203844168402,NA,NA,NA,1,2,NA,NA,100,0,0,100,0,0,0,0,0,0,0,0,0,1,3,"A",1,0,0,0,1,NA,NA,NA,0,"Occurs on mainland",1,0,"Australasian",1,1,0,0,0,0,1,0,0,0,0,0,0,1,0,0,0,0,1,0,0,0,0,0,0,0,0,0,0,0,0,0,0,0,"Falsistrellus tasmaniensis","Falsistrellus tasmaniensis",0,0,52.58074813,9,49.99,NA,NA,NA,NA,NA,NA,NA,0.175204476,0.949811448,1.284792972,33.09636197,35.88167518,-28.24988961,12.99934692,9.418857533,-0.834429092,-0.1239576,-0.321254319,1.677275666,8.953416032,9.059705191,-8.861520736,0.006870579,-0.131101226,-6.424705085,-1.341346618,0.097738337
4874,"Chiroptera","Furipteridae","Furipterus horrens",3.15,0.127,43,35.49,5768.689,NA,396.976,0.0688156355802852,NA,488.415,133.607,NA,1,1.457,318.608,NA,64.446,NA,2026.659,0.0846665507535594,NA,NA,NA,0,2,NA,NA,100,0,0,100,0,0,0,0,0,0,0,0,0,1,3,"A",1,0,0,0,1,NA,NA,NA,0,"Occurs on mainland",1,0,"Neotropical",2,1,0,0,0,0,1,0,0,0,0,0,0,0,0,0,1,0,1,0,0,0,0,0,1,0,0,0,0,0,0,0,0,0,"Furipterus horrens","Furipterus horrens",1,0,NA,NA,37.50000002,154.5000001,NA,1,0,0,0,1,0.895721421,1.900626915,2.54167355,-8.712688572,-33.13684878,-25.89090785,-14.58750117,-15.67568901,-27.33679046,12.45567191,-18.75949543,-13.82629907,-3.119579468,4.280386639,0.726295232,21.47132339,17.38100403,0.417071683,-2.271439061,11.08811287
4994,"Chiroptera","Phyllostomidae","Gardnerycteris crenulatum",13.91,0.34,75,48.84,7300,547.875,547.875,0.0750513698630137,547.875,724.921,144.393,NA,0.995,1,365.101,NA,273.96,NA,2443.84,0.0993042465753425,NA,NA,NA,0,2,NA,NA,50,0,50,50,0,0,0,0,0,50,0,0,0,2,3,"S",1,0,0,0,1,NA,NA,NA,0,"Occurs on mainland",1,0,"Neotropical",3,0,0,0,0,1,1,0,0,0,0,0,0,0,0,0,1,0,1,1,0,1,0,0,0,0,0,0,0,0,0,1,0,0,"Mimon crenulatum","Gardnerycteris crenulatum",1,0,32.99117477,8.299999993,48.50000004,NA,NA,NA,0,0,0,1,0.580831258,1.834446695,2.230919003,19.61584392,-49.46340861,-18.07119833,11.91252696,-21.93158567,-5.106554736,-9.473508999,-4.86787572,8.284809545,-5.01988132,-1.830757054,-5.633719532,-7.938226559,-5.389072077,1.334448678,-3.465903876,-5.472100831
4996,"Chiroptera","Phyllostomidae","Gardnerycteris koepckeae",13.91,1.711,75,NA,7300,547.875,547.875,0.0750513698630137,547.875,708.66,146.838,NA,0.995,1,356.492,NA,273.96,NA,2334.099,0.0970767123287671,NA,NA,NA,0,2,NA,NA,20,0,80,NA,NA,NA,NA,NA,NA,NA,NA,NA,NA,2,2,"S",1,0,0,0,1,1600,NA,NA,NA,"Occurs on mainland",NA,NA,"Neotropical",NA,0,0,0,0,1,1,0,0,0,0,0,0,0,0,0,1,0,1,0,0,0,0,0,0,0,0,0,0,0,0,0,0,0,"Mimon koepckeae","Gardnerycteris koepckeae",0,0,NA,NA,NA,NA,NA,NA,NA,NA,NA,NA,NA,NA,NA,22.81925363,-49.0285923,-1.097247481,8.581918321,11.27960836,14.6701494,5.65990156,9.149470944,-5.920995798,2.479352739,1.580953136,1.299953446,0.159548322,-0.882127226,0.930631521,-9.169600206,2.381877305
5561,"Chiroptera","Vespertilionidae","Glauconycteris alboguttata",9.05,0.219,66.617,38.99,6208.963,NA,387.559,0.0624192799989306,NA,446.041,74.32,NA,1.478,1.009,364.598,NA,42.497,NA,2017.108,0.0718382441641221,NA,NA,NA,1,2,NA,NA,100,0,0,100,0,0,0,0,0,0,0,0,0,1,3,"A",1,0,0,0,1,NA,0,NA,0,"Occurs on mainland",0,0,"Afrotropical",1,1,0,0,0,0,1,0,0,0,0,1,0,0,0,0,0,0,1,0,0,0,0,0,0,0,0,0,0,0,0,0,0,0,"Glauconycteris alboguttata","Glauconycteris alboguttata",1,0,NA,NA,NA,NA,NA,NA,NA,NA,NA,NA,2.038121972,2.038121972,2.038121972,33.15710356,36.30353445,-29.06910979,13.58509119,10.14403757,-1.575975878,-1.292494466,1.124389637,-0.55101574,4.144260098,5.558053809,-5.814831145,-0.391116346,-0.229193381,-6.940370478,-0.950452656,-0.727500844
5562,"Chiroptera","Vespertilionidae","Glauconycteris argentata",9.3,0.219,67.755,40.5,5434.859,NA,377.204,0.0694045604494983,NA,437.919,76,NA,1.53,1.016,363.676,NA,44.606,NA,1870.09,0.0805759634242581,NA,NA,NA,1,2,NA,NA,100,0,0,100,0,0,0,0,0,0,0,0,0,1,3,"A",1,0,0,0,1,NA,0,NA,0,"Occurs on mainland",0,0,"Afrotropical",2,1,0,0,0,0,1,0,0,0,0,1,0,0,0,0,0,0,1,1,0,0,0,0,0,0,0,0,0,0,0,0,0,0,"Glauconycteris argentata","Glauconycteris argentata",1,1,NA,NA,40.49999998,2.500000002,NA,NA,NA,NA,NA,NA,0.635945025,1.247544401,2.038121972,32.60083868,36.61377795,-30.39179353,15.01535229,11.12520269,-2.833669836,-4.152955153,4.172294968,-5.293826638,-9.434574581,-6.046137578,4.664822051,-0.526828247,-0.011989561,-0.492102196,0.934928288,-1.048368919
5564,"Chiroptera","Vespertilionidae","Glauconycteris beatrix",7.5,0.144,56.618,37,2760.495,NA,302.039,0.109414796983874,NA,386.598,77.34,NA,1.799,1.053,359.665,NA,39.894,NA,1550.174,0.140046622073215,NA,NA,NA,1,2,NA,NA,100,0,0,100,0,0,0,0,0,0,0,0,0,1,3,"A",1,0,0,0,1,NA,0,NA,0,"Occurs on mainland",0,0,"Afrotropical",1,1,0,0,0,0,1,0,0,0,0,1,0,0,0,0,0,0,1,0,0,0,0,0,0,0,0,0,0,0,0,0,0,0,"Glauconycteris beatrix","Glauconycteris beatrix",1,0,NA,NA,NA,NA,NA,NA,NA,NA,NA,NA,0.927290259,1.256501906,1.778363993,35.64382924,24.82506998,4.788432366,-5.075334523,-13.60622207,13.03943346,13.84433462,-14.28604998,14.39433386,8.47292704,-4.420815118,8.171417064,1.789763808,0.282702419,12.99865859,2.544469109,-0.039148753
5565,"Chiroptera","Vespertilionidae","Glauconycteris curryae",6.4,1.436,67.009,NA,5672.231,NA,382.004,0.0673463404434693,NA,444.471,81.25,NA,1.519,1.019,363.269,NA,49.62,NA,1940.898,0.078359114782173,NA,NA,NA,1,2,NA,NA,100,0,0,NA,NA,NA,NA,NA,NA,NA,NA,NA,NA,1,3,"A",1,0,0,0,1,NA,NA,NA,NA,"Occurs on mainland",NA,NA,"Afrotropical",1,1,0,0,0,0,1,0,0,0,0,1,0,0,0,0,0,0,1,0,0,0,0,0,0,0,0,0,0,0,0,0,0,0,"Glauconycteris curryae","Glauconycteris curryae",1,0,NA,NA,NA,NA,NA,NA,NA,NA,NA,NA,NA,NA,NA,31.97587147,35.47283125,-29.88574974,14.84830491,10.91755965,-3.232248822,-4.693710719,4.771277684,-6.142334838,-13.01590933,-10.17392086,9.119393151,-0.77362245,0.366451188,4.198331337,0.349352884,0.828209491
5566,"Chiroptera","Vespertilionidae","Glauconycteris egeria",8.41,0.218,65.766,38,5887.456,NA,387.763,0.0658625729007571,NA,455.296,76.18,NA,1.495,1.012,364.446,NA,42.433,NA,1990.041,0.0773332318746841,NA,NA,NA,1,2,NA,NA,100,0,0,100,0,0,0,0,0,0,0,0,0,1,3,"A",1,0,0,0,1,NA,NA,NA,0,"Occurs on mainland",0,0,"Afrotropical",1,1,0,0,0,0,1,0,0,0,0,1,0,0,0,0,0,0,1,0,0,0,0,0,0,1,0,0,0,0,0,0,0,0,"Glauconycteris egeria","Glauconycteris egeria",1,0,NA,NA,38.00000003,NA,NA,NA,NA,NA,NA,NA,NA,NA,NA,32.63850861,36.65962417,-30.34854626,14.98514955,11.10230576,-2.812567635,-4.124081165,4.143044877,-5.256408809,-9.284558388,-5.887523924,4.506367296,-0.516031496,-0.029965771,-0.597682255,0.928547059,-1.104098218
5567,"Chiroptera","Vespertilionidae","Glauconycteris gleni",10.81,0.237,69.892,40,6466.26,NA,403.838,0.0624531027208928,NA,463.086,76.313,NA,1.425,1.008,364.683,NA,43.294,NA,2008.419,0.0716157407836988,NA,NA,NA,1,2,NA,NA,100,0,0,100,0,0,0,0,0,0,0,0,0,1,3,"A",1,0,0,0,1,NA,NA,NA,NA,"Occurs on mainland",NA,NA,"Afrotropical",1,1,0,0,0,0,1,0,0,0,0,1,0,0,0,0,0,0,1,0,0,0,0,0,0,0,0,0,0,0,0,0,0,0,"Glauconycteris gleni","Glauconycteris gleni",1,0,NA,NA,40,NA,NA,NA,NA,NA,NA,NA,NA,NA,NA,32.13704871,35.85020073,-30.26832109,15.02706601,11.07321639,-3.160223546,-4.610475327,4.690006731,-5.983002301,-12.10068259,-9.061883225,7.901476973,-0.713427245,0.272741523,2.832781784,0.486647111,0.347930785
5568,"Chiroptera","Vespertilionidae","Glauconycteris humeralis",5.49,0.232,63.336,NA,5206.04,NA,369.073,0.0708932317077856,NA,437.446,78.899,NA,1.555,1.025,363.6,NA,44.383,NA,1899.857,0.0840266306059884,NA,NA,NA,1,2,NA,NA,100,0,0,NA,NA,NA,NA,NA,NA,NA,NA,NA,NA,1,3,"A",1,0,0,0,1,NA,NA,NA,0,"Occurs on mainland",1,0,"Afrotropical",1,1,0,0,0,0,1,0,0,0,0,1,0,0,0,0,0,0,1,0,0,0,0,0,0,0,0,0,0,0,0,0,0,0,"Glauconycteris humeralis","Glauconycteris humeralis",1,0,NA,NA,NA,NA,NA,NA,NA,NA,NA,NA,NA,NA,NA,32.74763598,36.73082478,-30.19504171,14.88165833,11.09367466,-2.708272299,-3.929020304,3.93495292,-4.981224225,-8.389512912,-5.011167119,3.671054235,-0.461857118,-0.113640967,-1.255682033,0.880956264,-1.330858031
5569,"Chiroptera","Vespertilionidae","Glauconycteris kenyacola",7.17,0.205,63.974,40.5,5732.624,NA,379.82,0.0662558716566794,NA,439.759,74.739,NA,1.522,1.019,364.316,NA,41.681,NA,1941.653,0.0767116419984984,NA,NA,NA,1,2,NA,NA,100,0,0,100,0,0,0,0,0,0,0,0,0,1,3,"A",1,0,0,0,1,NA,NA,NA,NA,"Occurs on mainland",NA,NA,"Afrotropical",NA,1,0,0,0,0,1,0,0,0,0,1,0,0,0,0,0,0,1,0,0,0,0,0,0,1,0,0,0,0,0,0,0,0,"Glauconycteris kenyacola","Glauconycteris kenyacola",0,0,NA,NA,40.5,NA,NA,NA,NA,NA,NA,NA,NA,NA,NA,35.41077159,25.23731,3.307610603,-4.270852806,-12.80407152,12.73784882,13.60730925,-14.27912864,14.68561632,9.219345557,-3.937399771,7.82164997,1.826253066,0.266405629,13.96986954,2.740952591,0.14461688
5570,"Chiroptera","Vespertilionidae","Glauconycteris machadoi",11.1,0.234,69.919,NA,6396.862,NA,426.142,0.0666173508198238,NA,483.923,77.583,NA,1.4,1.009,364.882,NA,44.446,NA,2019.194,0.0756500609204951,NA,NA,NA,1,2,NA,NA,100,0,0,NA,NA,NA,NA,NA,NA,NA,NA,NA,NA,1,3,"A",1,0,0,0,1,NA,NA,NA,NA,"Occurs on mainland",NA,NA,"Afrotropical",1,1,0,0,0,0,1,0,0,0,0,1,0,0,0,0,0,0,1,0,0,0,0,0,0,0,0,0,0,0,0,0,0,0,"Glauconycteris machadoi","Glauconycteris machadoi",1,0,NA,NA,NA,NA,NA,NA,NA,NA,NA,NA,NA,NA,NA,32.69750192,36.7197465,-30.27587824,14.93871483,11.09837886,-2.758032692,-4.026365752,4.010859802,-5.078538356,-8.762602089,-5.370457463,3.984897135,-0.477354534,-0.076937408,-1.030732927,0.916177961,-1.265134959
5571,"Chiroptera","Vespertilionidae","Glauconycteris poensis",6.91,0.205,63.564,37.5,3636.157,NA,346.365,0.095255787910148,NA,406.184,76.099,NA,1.734,1.045,362.237,NA,40.363,NA,1642.426,0.111706947747306,NA,NA,NA,1,2,NA,NA,100,0,0,100,0,0,0,0,0,0,0,0,0,1,3,"A",1,0,0,0,1,NA,0,NA,0,"Occurs on mainland",0,0,"Afrotropical",1,1,0,0,0,0,1,0,0,0,0,1,0,0,0,0,0,0,1,0,0,0,0,0,0,0,0,0,0,0,0,0,0,0,"Glauconycteris poensis","Glauconycteris poensis",1,0,NA,NA,37.5,NA,NA,NA,NA,NA,NA,NA,0.946298839,1.555734402,2.018977177,35.72614497,24.83970269,5.276028996,-5.371130468,-13.95303744,13.08469403,13.86593466,-14.22195992,14.20225271,8.122032385,-4.561135788,8.213318929,1.732756997,0.286774384,12.39151448,2.474930561,-0.079497484
5572,"Chiroptera","Vespertilionidae","Glauconycteris superba",15,0.324,77.748,46.5,6712.408,NA,435.473,0.0648758239963959,NA,503.932,80.788,NA,1.379,1.007,364.639,NA,45.242,NA,2077.239,0.0750746974856117,NA,NA,NA,1,2,NA,NA,100,0,0,100,0,0,0,0,0,0,0,0,0,1,3,"A",1,0,0,0,1,NA,0,NA,NA,"Occurs on mainland",NA,NA,"Afrotropical",1,1,0,0,0,0,1,0,0,0,0,1,0,0,0,0,0,0,1,0,0,0,0,0,0,0,0,0,0,0,0,0,0,0,"Glauconycteris superba","Glauconycteris superba",1,0,50.4196951,6.548,44.73,NA,NA,NA,NA,NA,NA,NA,0.47099935,0.47099935,0.47099935,33.17049651,32.89443249,-19.19591823,7.934323321,2.493687361,4.487398965,5.852237163,-6.920213838,9.168219853,14.31789965,6.983450065,-4.118700861,1.426464159,-0.156863902,7.099922962,0.803938134,0.960247954
5573,"Chiroptera","Vespertilionidae","Glauconycteris variegata",11.25,0.24,69.882,43.54,6823.061,NA,431.726,0.0632745332336909,NA,515.647,91.32,NA,1.06,1,364.698,NA,45.66,NA,2161.22,0.0755741448009918,NA,NA,NA,1,2,NA,NA,100,0,0,100,0,0,0,0,0,0,0,0,0,1,3,"A",1,0,0,0,1,NA,0,NA,0,"Occurs on mainland",1,0,"Afrotropical",2,1,0,0,0,0,1,0,0,0,0,1,0,0,0,0,0,0,1,1,1,1,0,0,0,0,0,0,0,0,0,1,0,0,"Glauconycteris variegata","Glauconycteris variegata",0,1,0.003654803,6.227493261,43.54000003,NA,NA,NA,NA,NA,NA,NA,0.253815524,0.489214121,0.522948857,32.66167473,36.68039907,-30.30917969,14.96055978,11.09365457,-2.788606318,-4.0814252,4.086454636,-5.178034684,-9.045313899,-5.647169504,4.262904769,-0.498410794,-0.050775812,-0.798931519,0.919558389,-1.173888841
5624,"Chiroptera","Vespertilionidae","Glischropus bucephalus",4.445,0.099,57.622,29,1192.225,NA,217.854,0.182728931200067,NA,315.366,82.691,NA,1,2,313.688,1.25,45.843,NA,1352.827,0.264518861792027,0.562429696287964,NA,NA,1,2,NA,NA,100,0,0,100,0,0,0,0,0,0,0,0,0,1,3,"A",1,0,0,0,1,NA,NA,NA,NA,NA,NA,NA,NA,1,1,0,0,0,0,NA,NA,NA,NA,0,0,0,0,0,0,0,0,1,0,0,0,0,0,0,0,0,0,0,0,0,0,0,0,"Glischropus bucephalus","Glischropus bucephalus",1,0,NA,NA,NA,NA,NA,NA,NA,NA,NA,NA,NA,NA,NA,33.0434397,35.00301788,-25.53136821,11.45279944,7.286118358,1.268208862,2.523063492,-3.587292315,5.745077816,13.44642533,9.694687464,-7.961359635,1.0057581,-0.038795781,1.005344343,-0.057903955,0.835771774
5625,"Chiroptera","Vespertilionidae","Glischropus javanus",5.37,0.149,55.582,32.49,3122.561,NA,322.619,0.103318718193175,NA,395.806,75.525,NA,1.603,1.071,360.375,NA,45.502,NA,1694.166,0.126756851187215,NA,NA,NA,1,2,NA,NA,100,0,0,100,0,0,0,0,0,0,0,0,0,1,3,"A",1,0,0,0,1,NA,NA,NA,NA,"Occurs on large land bridge islands",NA,NA,"Indomalayan",1,1,0,0,0,0,0,0,1,0,0,0,0,0,1,0,0,0,1,0,0,0,0,0,0,0,0,0,0,0,0,0,0,0,"Glischropus javanus","Glischropus javanus",1,0,NA,NA,NA,NA,NA,NA,NA,NA,NA,NA,NA,NA,NA,33.07241677,35.15191018,-25.83150266,11.61133991,7.454242209,1.158905977,2.392078328,-3.445074655,5.576199551,13.3264688,9.766212872,-8.112292956,0.95485659,-0.049616671,0.489153404,-0.182243713,0.802658452
5626,"Chiroptera","Vespertilionidae","Glischropus tylopus",4.445,0.099,57.622,29,1192.225,NA,217.854,0.182728931200067,NA,315.366,82.691,NA,1,2,313.688,1.25,45.843,NA,1352.827,0.264518861792027,0.562429696287964,NA,NA,1,2,NA,NA,100,0,0,100,0,0,0,0,0,0,0,0,0,1,3,"A",1,0,0,0,1,NA,NA,NA,1,"Occurs on mainland",1,0,NA,1,1,0,0,0,0,1,0,0,0,0,0,0,0,0,0,0,0,1,0,0,0,0,1,0,0,0,0,0,0,0,0,0,0,"Glischropus tylopus","Glischropus tylopus",1,0,NA,NA,30.49999998,NA,NA,NA,0,0,0,1,1.150656676,2.230285485,2.764829473,33.06499517,35.09169432,-25.69774864,11.54123004,7.391223863,1.199378168,2.443334499,-3.504360909,5.645275891,13.37277629,9.735008305,-8.050314669,0.975414959,-0.044354344,0.695142559,-0.116010295,0.812226457
4934,"Chiroptera","Phyllostomidae","Glossophaga commissarisi",9.3,0.428,65,34.37,4711.636,NA,299.445,0.0635543577644792,NA,407.623,110.677,NA,1,2,235.451,NA,51.72,NA,1829.014,0.0865141110221588,NA,NA,NA,0,2,NA,NA,40,0,60,40,0,0,0,0,0,30,30,0,0,3,2,"Ar",1,0,0,0,1,2400,NA,NA,0,"Occurs on mainland",1,0,"Neotropical",1,0,1,0,0,0,1,0,0,0,0,0,0,0,0,0,1,0,1,0,0,0,0,0,0,0,0,0,0,0,0,0,0,0,"Glossophaga commissarisi","Glossophaga commissarisi",1,0,NA,NA,34.36999999,NA,NA,NA,0,0,0,1,0.410674104,1.401836741,1.984779079,19.15043472,-48.59213476,-18.81757084,11.21099969,-22.79760138,-8.795158122,-9.298274671,-8.599810028,8.290687364,-7.183741736,-1.023524191,-7.10665671,-7.528051619,-4.656191598,1.401935913,-3.288756274,-3.695575302
4935,"Chiroptera","Phyllostomidae","Glossophaga leachii",10.7,0.477,59,35.71,4015,NA,268.763,0.0669397260273973,NA,383.259,107.255,NA,1,2,228.318,0.38,46.65,NA,1637.825,0.0954567870485679,0.0710280373831776,NA,NA,0,2,NA,NA,40,0,60,40,0,0,0,0,0,30,30,0,0,3,2,"Ar",1,0,0,0,1,2400,NA,NA,0,"Occurs on mainland",1,0,"Neotropical",2,0,1,0,0,0,1,0,0,0,0,0,0,0,0,0,1,0,1,0,0,1,0,0,1,0,0,0,0,0,0,1,0,0,"Glossophaga leachii","Glossophaga leachii",0,0,NA,NA,36.95000002,NA,NA,3.999999999,1,0,0,0,0.329681142,1.483096532,2.050839259,19.13450259,-48.51220747,-18.80875875,11.17396752,-22.82629478,-8.950573897,-9.317525215,-8.764950074,8.332754176,-7.285302152,-1.008375161,-7.175134658,-7.529163888,-4.624882846,1.379335799,-3.187056854,-3.584838818
4936,"Chiroptera","Phyllostomidae","Glossophaga longirostris",10.9,0.435,53.995,38.49,4015,NA,275.191,0.0685407222914072,NA,391.563,107.255,NA,1,2,235.849,NA,46.65,NA,1652.084,0.0975250311332503,NA,NA,NA,0,2,NA,NA,40,0,60,40,0,0,0,0,0,30,30,0,0,3,2,"Ar",1,0,0,0,1,2250,0,2250,0,"Occurs on mainland",1,0,"Neotropical",3,0,1,0,0,0,1,0,0,0,0,0,0,0,0,0,1,0,1,0,1,0,0,0,1,0,0,0,0,0,0,0,0,0,"Glossophaga longirostris","Glossophaga longirostris",0,0,40.91016418,6.439999995,38.17500002,NA,NA,9.000000001,0,0,0,1,0.120377661,0.969124715,1.423584557,19.12285295,-48.47027534,-18.82006217,11.14181154,-22.87043066,-9.116738042,-9.314358216,-8.941160189,8.33676355,-7.385041274,-0.970872837,-7.227564791,-7.476696373,-4.598815916,1.368473132,-3.128172133,-3.491815462
4937,"Chiroptera","Phyllostomidae","Glossophaga morenoi",8.54,0.398,58,34.5,4791.508,NA,345.628,0.0721334494276124,NA,460.409,111.288,NA,1,1.796,248.584,NA,51.861,NA,1948.082,0.0960885383056858,NA,NA,NA,0,2,NA,NA,40,0,60,40,0,0,0,0,0,30,30,0,0,3,2,"Ar",1,0,0,0,1,1500,0,1500,0,"Occurs on mainland",1,0,"Neotropical",3,0,1,0,0,0,1,0,0,0,0,0,0,0,0,0,1,0,1,0,0,1,0,0,1,0,0,0,0,0,0,1,0,0,"Glossophaga morenoi","Glossophaga morenoi",0,0,NA,NA,34.49999999,NA,NA,NA,0,0,0,1,0.368685209,0.748612116,0.973046111,19.10667545,-48.40969171,-18.82486524,11.11919474,-22.88849649,-9.242881517,-9.314637311,-9.093613857,8.354386779,-7.485415202,-0.943065064,-7.298919376,-7.451006008,-4.550047924,1.370862897,-3.070583714,-3.362851509
4938,"Chiroptera","Phyllostomidae","Glossophaga soricina",10.25,0.39,53.995,35.7,4015,NA,274.371,0.0683364881693649,NA,390.925,107.255,NA,1,2,243.993,NA,46.65,NA,1670.54,0.0973661270236613,NA,NA,NA,0,2,NA,NA,40,0,60,40,0,0,0,0,0,30,30,0,0,3,1,"Ar",1,0,0,0,1,NA,NA,NA,0,"Occurs on mainland",1,0,"Neotropical",4,0,1,0,0,0,1,0,0,0,0,0,0,0,0,0,1,0,1,1,0,1,0,0,1,0,0,0,0,0,0,1,0,0,"Glossophaga soricina","Glossophaga soricina",1,0,47.79920543,6.4,37.30000002,1000,0,29.99999999,0,0,0,1,0.003347875,1.330129605,1.987272435,19.06090315,-48.31589148,-18.88958769,11.00706301,-22.98211374,-9.644579585,-9.24716322,-9.45297563,8.295421467,-7.619612328,-0.857673081,-7.31247727,-7.293504949,-4.458910172,1.304627971,-2.848608643,-3.22432496
4944,"Chiroptera","Phyllostomidae","Glyphonycteris behnii",14.53,0.514,72.72,45.99,5291.026,NA,383.005,0.0723876616746922,NA,499.028,114.908,NA,0.989,1.698,251.892,NA,70.92,NA,2055.284,0.094315922847478,NA,NA,NA,0,2,NA,NA,80,0,20,80,0,0,0,0,0,20,0,0,0,2,2,"S",1,0,0,0,1,NA,NA,NA,0,"Occurs on mainland",0,0,"Neotropical",2,0,0,0,0,1,1,0,0,0,0,0,0,0,0,0,1,0,1,1,0,0,0,0,0,0,0,0,0,0,0,0,0,0,"Glyphonycteris behnii","Glyphonycteris behnii",1,0,NA,NA,NA,NA,NA,NA,NA,NA,NA,NA,NA,NA,NA,20.18443554,-50.07718214,-16.63141247,12.52615241,-20.1157056,0.930297082,-9.155169099,2.230338177,7.443679649,0.524339771,-3.329332,-0.762678649,-5.925870356,-5.255409218,-0.640419712,0.25957969,-7.947385345
4945,"Chiroptera","Phyllostomidae","Glyphonycteris daviesi",18.61,0.7,88,55.5,5170.514,NA,431.955,0.0835419844139287,NA,561.05,120.837,NA,0.98,1.492,279.762,NA,75.167,NA,2102.41,0.108509521490513,NA,NA,NA,0,2,NA,NA,80,0,20,80,0,0,0,0,0,20,0,0,0,2,2,"S",1,0,0,0,1,500,0,500,0,"Occurs on mainland",0,0,"Neotropical",1,0,0,0,0,1,1,0,0,0,0,0,0,0,0,0,1,0,1,0,0,0,0,0,0,0,0,0,0,0,0,0,0,0,"Glyphonycteris daviesi","Glyphonycteris daviesi",1,0,27.5779,6.2407,55.49999998,NA,NA,NA,0,1,0,0,1.008852531,2.095279033,2.913176061,20.18891218,-50.0765161,-16.59469424,12.52980578,-20.03612249,1.170044596,-9.116291425,2.599331241,7.347384086,0.877285026,-3.398950477,-0.411039027,-5.715030025,-5.116782759,-0.846792795,0.544078308,-7.932123693
4946,"Chiroptera","Phyllostomidae","Glyphonycteris sylvestris",8.91,0.427,70,40.5,5202.459,NA,437.355,0.0840669767892452,NA,546.413,115.217,NA,0.995,1.589,276.191,NA,75.391,NA,2076.976,0.105029756121096,NA,NA,NA,0,2,NA,NA,80,0,20,80,0,0,0,0,0,20,0,0,0,2,3,"S",1,0,0,0,1,1100,15,1085,0,"Occurs on mainland",1,0,"Neotropical",2,0,0,0,0,1,1,0,0,0,0,0,0,0,0,0,1,0,1,0,0,0,0,0,1,0,0,0,0,0,0,0,0,0,"Glyphonycteris sylvestris","Glyphonycteris sylvestris",1,0,NA,NA,40.49999998,NA,NA,NA,0,1,0,0,0.558252715,1.428789957,1.637373334,20.15725445,-50.06117984,-16.72947039,12.45073655,-20.3028555,0.467499009,-9.197671961,1.700543202,7.564844297,0.128320083,-3.243867419,-1.107187136,-6.254904178,-5.37246091,-0.493959274,0.04929627,-7.843790442
4392,"Chiroptera","Pteropodidae","Haplonycteris fischeri",18.125,0.667,75.3,50.56,3650,192.91,156.455,0.0428643835616438,315,410.62,132.365,NA,1,1,306.518,2.74,73.02,NA,1350.04,0.112498630136986,0.151172413793103,NA,NA,0,2,NA,NA,0,0,100,0,0,0,0,0,0,100,0,0,0,1,1,"Ar",1,0,0,0,1,2250,150,2100,1,"Occurs only on isolated islands",1,0,"Indomalayan",2,0,1,0,0,0,0,0,0,1,0,0,0,0,1,0,0,0,1,0,0,1,0,0,0,0,0,0,0,0,0,1,0,0,"Haplonycteris fischeri","Haplonycteris fischeri",1,0,NA,NA,50.55999997,NA,0,NA,NA,NA,NA,NA,1.388683911,1.828061074,1.907028496,-74.04234706,7.545390206,2.297328503,-4.236631589,3.244110817,14.32657465,-16.17336788,-4.651652119,2.9245489,-5.080098289,6.409533853,2.399589008,6.340803206,-17.40142634,-0.577384517,2.143040908,6.254807545
5339,"Chiroptera","Vespertilionidae","Harpiocephalus harpia",15.26,0.442,82.257,48.21,6017.017,NA,363.943,0.0604856193691991,NA,432.585,90.765,NA,1.395,1.016,364.083,NA,50.487,NA,1844.736,0.0718935977744454,NA,NA,NA,1,2,NA,NA,100,0,0,100,0,0,0,0,0,0,0,0,0,1,3,"A",1,0,0,0,1,NA,NA,NA,0,"Occurs on mainland",1,0,NA,1,1,0,0,0,0,1,0,0,0,0,0,0,0,0,0,0,0,1,0,0,0,0,0,0,0,0,0,0,0,0,0,0,0,"Harpiocephalus harpia","Harpiocephalus harpia",1,0,28.84933465,5.200000004,44.92000004,NA,NA,NA,0,0,1,0,0.921102471,1.519909245,2.258107526,37.66099719,18.22463558,22.7447271,-14.41610721,-18.48516253,5.980182183,3.185283317,3.581261782,-7.326141429,-6.786728884,1.4241678,-4.188078238,-1.00018449,0.340415115,-5.412555865,1.16128579,0.622282414
5340,"Chiroptera","Vespertilionidae","Harpiola grisea",5.61,0.33,73.981,32.99,5818.829,NA,417.1,0.0716810890988548,NA,503.134,107.434,NA,1.305,1.019,363.246,NA,54.478,NA,1969.088,0.0864665381986651,NA,NA,NA,0,2,NA,NA,100,0,0,100,0,0,0,0,0,0,0,0,0,1,3,"A",1,0,0,0,1,1692,1367,325,NA,"Occurs on mainland",NA,NA,"Indomalayan",1,1,0,0,0,0,1,0,0,0,0,0,0,0,1,0,0,0,1,0,0,0,0,0,0,0,0,0,0,0,0,0,0,0,"Harpiola grisea","Harpiola grisea",1,0,NA,NA,NA,NA,NA,NA,NA,NA,NA,NA,NA,NA,NA,37.65961125,18.17710328,22.8638919,-14.47346844,-18.4219624,5.699743913,2.887163455,3.817894833,-7.448448868,-6.640175966,1.607757041,-4.330925495,-0.967758906,0.328817698,-4.852058027,1.452574387,0.538785851
5341,"Chiroptera","Vespertilionidae","Harpiola isodon",NA,167.488,1226.514,NA,10061.794,NA,795.801,0.0790913628325128,NA,956.415,185.606,NA,1.276,1.03,400.139,NA,180.235,NA,3403.83,0.0950541225550831,NA,NA,NA,0,2,NA,NA,100,0,0,NA,NA,NA,NA,NA,NA,NA,NA,NA,NA,1,3,"A",1,0,0,0,1,2400,1000,1400,NA,"Occurs on large land bridge islands",NA,NA,"Indomalayan",2,1,0,0,0,0,0,0,1,0,0,0,0,0,1,0,0,0,1,0,0,1,1,0,1,0,0,0,0,0,0,1,0,0,"Harpiola isodon","Harpiola isodon",1,0,NA,NA,NA,NA,NA,NA,NA,NA,NA,NA,1.708262957,1.895562375,2.045401909,37.64984843,18.14731324,22.90501139,-14.49277335,-18.40787404,5.598051002,2.774082246,3.919141061,-7.507586778,-6.586981532,1.686118883,-4.393871323,-0.954697281,0.323227371,-4.626344003,1.54243579,0.508456053
4430,"Chiroptera","Pteropodidae","Harpyionycteris celebensis",126.125,2.272,152.15,90.29,5185.369,332.002,298.755,0.0576149932627745,365.25,431.495,132.74,NA,1,2,251.376,NA,111.6,NA,1825,0.0832139429228662,NA,NA,NA,0,2,NA,NA,0,0,100,0,0,0,0,0,0,100,0,0,0,1,1,"Ar",1,0,0,0,1,2120,0,2120,1,"Occurs only on isolated islands",1,0,"Australasian",1,0,1,0,0,0,0,0,0,1,0,0,0,1,0,0,0,0,1,0,0,1,0,0,0,0,0,0,0,0,0,1,0,0,"Harpyionycteris celebensis","Harpyionycteris celebensis",1,0,41.04052073,6.1,90.29,NA,NA,NA,NA,NA,NA,NA,1.788461429,3.329360068,4.253899251,-70.95540145,4.645716151,-10.84270401,-28.50218988,5.997827469,10.6376583,-9.065379453,2.774651204,7.314755291,-4.804679971,-5.035628705,-6.751179804,14.92784241,-4.431568756,0.377616604,-1.409449343,-6.652489292
4431,"Chiroptera","Pteropodidae","Harpyionycteris whiteheadi",135.48,2.326,152.15,85.47,4002.22,332.002,298.755,0.074647320736991,365.25,365,132.74,NA,1,2,246.867,NA,111.6,NA,1602.985,0.0911993843416904,NA,NA,NA,0,2,NA,NA,0,0,100,0,0,0,0,0,0,100,0,0,0,1,1,"Ar",1,0,0,0,1,1800,0,1800,1,"Occurs only on isolated islands",0,0,"Indomalayan",1,0,1,0,0,0,0,0,0,1,0,0,0,0,1,0,0,0,1,0,0,1,0,0,0,0,0,0,0,0,0,1,0,0,"Harpyionycteris whiteheadi","Harpyionycteris whiteheadi",1,0,NA,NA,85.47000001,NA,0,NA,NA,NA,NA,NA,1.378065541,2.001684977,2.287904554,-70.98281867,4.670514607,-10.72585228,-28.28402372,5.971500981,10.67579772,-9.140944308,2.707023014,7.309162459,-4.872515494,-4.853401512,-6.633231218,15.06974645,-4.973070101,0.351396956,-1.328621732,-6.470396982
5574,"Chiroptera","Vespertilionidae","Hesperoptenus blanfordi",6.91,0.158,56.181,26.5,2492.822,NA,291.281,0.116847893672312,NA,381.211,76.783,NA,1.812,1.053,358.672,NA,41.127,NA,1513.866,0.152923473878199,NA,NA,NA,1,2,NA,NA,100,0,0,100,0,0,0,0,0,0,0,0,0,1,3,"A",1,0,0,0,1,1300,0,1300,0,"Occurs on mainland",1,0,"Indomalayan",2,1,0,0,0,0,1,0,0,0,0,0,0,0,1,0,0,0,1,0,0,0,0,0,1,0,0,0,0,0,0,0,0,0,"Hesperoptenus blanfordi","Hesperoptenus blanfordi",1,0,NA,NA,26.5,NA,NA,NA,NA,NA,NA,NA,0.94732611,1.773033214,2.470839388,35.44046943,25.15665386,3.647240207,-4.464431306,-13.04495345,12.8586582,13.73002271,-14.35213164,14.66687861,9.044413283,-4.062497769,7.906414212,1.815396434,0.280422162,13.6998392,2.720952248,0.113891182
5575,"Chiroptera","Vespertilionidae","Hesperoptenus doriae",9.74,0.222,66.653,40,5741.355,NA,385.856,0.0672064347179368,NA,454.811,76.611,NA,1.486,1.017,364.212,NA,41.156,NA,1930.016,0.0792166657522484,NA,NA,NA,1,2,NA,NA,100,0,0,100,0,0,0,0,0,0,0,0,0,1,3,"A",1,0,0,0,1,1000,0,1000,0,"Occurs on mainland",0,0,"Indomalayan",1,1,0,0,0,0,1,0,0,0,0,0,0,0,1,0,0,0,1,0,0,0,0,0,0,0,0,0,0,0,0,0,0,0,"Hesperoptenus doriae","Hesperoptenus doriae",1,0,NA,NA,NA,NA,NA,NA,NA,NA,NA,NA,NA,NA,NA,33.08435058,33.37331488,-20.94289397,8.919940114,3.844455212,3.624630277,4.954493935,-6.013539459,8.322091225,14.3260409,7.845582968,-5.216252084,1.369052807,-0.121144343,5.80529527,0.591608207,0.962576731
5576,"Chiroptera","Vespertilionidae","Hesperoptenus gaskelli",9.4,0.247,66.912,39.5,6249.406,NA,409.166,0.065472782533252,NA,481.898,77.89,NA,1.43,1.013,364.396,NA,41.769,NA,2031.983,0.0771110086302602,NA,NA,NA,1,2,NA,NA,100,0,0,100,0,0,0,0,0,0,0,0,0,1,3,"A",1,0,0,0,1,500,0,500,NA,"Occurs only on isolated islands",NA,NA,"Australasian",1,1,0,0,0,0,0,0,0,1,0,0,0,1,0,0,0,0,1,0,0,0,0,0,0,0,0,0,0,0,0,0,0,0,"Hesperoptenus gaskelli","Hesperoptenus gaskelli",1,0,NA,NA,NA,NA,NA,NA,NA,NA,NA,NA,NA,NA,NA,33.14324274,33.20898327,-20.20193234,8.500296291,3.304682551,3.963783941,5.31082471,-6.379555267,8.670988973,14.33549251,7.480037821,-4.738033931,1.399075402,-0.134785768,6.361533252,0.686537337,0.957785868
5577,"Chiroptera","Vespertilionidae","Hesperoptenus tickelli",16.3,0.32,75.019,54.99,7198.533,NA,473.642,0.0657970172533765,NA,568.579,80.568,NA,1,1.004,364.706,NA,48.065,NA,2252.852,0.0789853988305673,NA,NA,NA,1,2,NA,NA,100,0,0,100,0,0,0,0,0,0,0,0,0,1,3,"A",1,0,0,0,1,1000,0,1000,0,"Occurs on mainland",1,0,"Indomalayan",2,1,0,0,0,0,1,0,0,0,0,0,0,0,1,0,0,0,1,0,0,1,1,0,1,0,0,0,0,0,0,1,1,0,"Hesperoptenus tickelli","Hesperoptenus tickelli",1,0,40.9,6.9,54.99000004,NA,NA,NA,NA,NA,NA,NA,0.394596869,1.243468608,1.558638004,32.68773935,36.70941519,-30.28554993,14.94500973,11.09579164,-2.767991671,-4.045976393,4.039197559,-5.118147883,-8.883057289,-5.49452415,4.113496514,-0.486096889,-0.065501448,-0.894464079,0.920831876,-1.220165618
5578,"Chiroptera","Vespertilionidae","Hesperoptenus tomesi",20.66,0.373,80.712,52,6095.656,NA,378.611,0.0621116086603312,NA,421.843,77.114,NA,1.559,1.009,364.516,NA,43.783,NA,1825,0.0692038723969988,NA,NA,NA,1,2,NA,NA,100,0,0,100,0,0,0,0,0,0,0,0,0,1,3,"A",1,0,0,0,1,NA,NA,NA,1,"Occurs on mainland",0,0,"Indomalayan",1,1,0,0,0,0,1,0,0,0,0,0,0,0,1,0,0,0,1,0,0,0,0,0,0,0,0,0,0,0,0,0,0,0,"Hesperoptenus tomesi","Hesperoptenus tomesi",1,0,NA,NA,NA,NA,NA,NA,NA,NA,NA,NA,2.883798328,2.883798328,2.883798328,32.76991333,36.75249374,-30.1585126,14.85782138,11.0777726,-2.671709952,-3.870495336,3.855712751,-4.872072584,-8.123290224,-4.779790228,3.451762922,-0.439242756,-0.132877306,-1.401269785,0.860363878,-1.383778797
4599,"Chiroptera","Hipposideridae","Hipposideros abae",31.87,0.616,80.325,60.5,5164.406,NA,571.643,0.110689012444026,NA,712.714,91.24,NA,1.5,1,362.392,NA,69.374,NA,2154.285,0.138005029039158,NA,NA,NA,0,2,NA,NA,100,0,0,100,0,0,0,0,0,0,0,0,0,1,3,"A",1,0,0,0,1,1000,0,1000,0,"Occurs on mainland",0,0,"Afrotropical",3,1,0,0,0,0,1,0,0,0,0,1,0,0,0,0,0,0,1,1,0,1,0,1,0,0,0,0,0,0,0,1,0,0,"Hipposideros abae","Hipposideros abae",0,1,NA,NA,60.50000005,NA,NA,NA,1,0,0,0,0.452789065,0.894558491,1.291718214,-74.22617776,9.120638805,12.79419,17.0322475,-0.352858296,10.50926834,-14.87687819,-10.39249401,-3.687326364,-2.785154639,12.9712214,9.161705649,-4.539460463,5.547420023,-0.181200123,0.080936126,2.542139172
4600,"Chiroptera","Hipposideridae","Hipposideros alongensis",33.31,0.599,75.343,73.49,5250.946,NA,592.461,0.112829383505372,NA,726.071,108.307,NA,1,1.055,356.052,3,68.986,NA,2242.258,0.138274322379244,0.0950165115580906,NA,NA,1,2,NA,NA,100,0,0,100,0,0,0,0,0,0,0,0,0,1,3,"A",1,0,0,0,1,NA,NA,NA,NA,NA,NA,NA,NA,2,1,0,0,0,0,NA,NA,NA,NA,0,0,0,0,0,0,0,0,1,0,0,0,0,0,1,0,0,0,0,0,0,0,0,0,"Hipposideros alongensis","Hipposideros alongensis",1,0,NA,NA,NA,NA,NA,NA,NA,NA,NA,NA,NA,NA,NA,-72.0649531,9.245171493,16.53904305,25.69513723,-2.188714213,4.903614182,-8.861367829,-9.960112311,-7.248858585,1.108813354,6.922767271,6.476440633,-3.658986494,10.91905539,-0.298987939,-1.128169488,-10.82668421
4602,"Chiroptera","Hipposideridae","Hipposideros armiger",49.99,0.76,97.72,89.49,5024.223,NA,601.457,0.119711445929052,NA,751.548,137.028,NA,1.027,1.005,361.19,NA,82.464,NA,2272.723,0.149584920892245,NA,NA,NA,0,2,NA,NA,100,0,0,100,0,0,0,0,0,0,0,0,0,1,3,"A",1,0,0,0,1,2031,100,1931,0,"Occurs on mainland",1,0,"Indomalayan",2,1,0,0,0,0,1,0,0,0,0,0,0,0,1,0,0,0,1,0,0,1,0,0,1,0,0,0,0,0,0,1,0,0,"Hipposideros armiger","Hipposideros armiger",1,0,30.83319034,5.569999998,89.00000007,NA,NA,NA,0,0,0,1,0.48534093,1.630481642,2.236671064,-73.40242062,9.195365577,14.36584835,20.60317145,-1.073517893,8.629214882,-13.02738382,-10.69072751,-5.325699413,-1.352040112,11.34723335,8.71298878,-4.567782236,8.482799857,-0.245316364,-0.433373838,-2.740436698
4603,"Chiroptera","Hipposideridae","Hipposideros ater",7.125,0.198,63.856,38.99,3137.799,326.81,457.295,0.145737505812195,NA,380.2,118.55,NA,0.99,1.635,283.687,1.225,79.2,2.1,1469.853,0.121167735728133,0.278294210526316,NA,NA,0,2,NA,NA,100,0,0,100,0,0,0,0,0,0,0,0,0,1,3,"A",1,0,0,0,1,NA,NA,NA,1,"Occurs on mainland",1,0,NA,4,1,0,0,0,0,1,0,0,0,0,0,0,0,0,0,0,0,1,1,1,1,0,0,1,0,0,0,0,0,0,1,0,0,"Hipposideros ater","Hipposideros ater",1,0,NA,NA,38.98999998,NA,NA,NA,0,0,0,1,0.088754687,1.23937702,1.9002879,-74.58397787,9.049444073,11.91671184,15.12304118,-0.014437375,11.08103687,-15.29050408,-10.00491508,-2.97973047,-3.262014596,13.19850604,9.088940443,-4.025234849,3.214729031,-0.213329856,0.431546446,4.973376006
6755,"Chiroptera","Hipposideridae","Hipposideros atrox",8.39,0.24,64.024,43.79,4534.378,587.78,587.78,0.129627481431852,NA,629.88,42.1,NA,0.99,1.34,324.841,1.2,62.719,NA,1943.533,0.138912106577793,0.189740166865316,NA,NA,0,2,NA,NA,100,0,0,100,0,0,0,0,0,0,0,0,0,1,3,"A",1,0,0,0,1,NA,NA,NA,NA,NA,NA,NA,NA,2,1,0,0,0,0,NA,NA,NA,NA,0,0,0,0,0,0,0,0,1,0,0,0,0,0,1,0,0,0,0,0,0,0,0,0,"Hipposideros bicolor","Hipposideros bicolor",1,0,NA,NA,NA,NA,NA,NA,NA,NA,NA,NA,0.735290527,3.013303595,4.025579331,-74.53419569,8.929874572,11.12890457,13.51860441,0.278313139,11.60339939,-15.7153025,-9.693306365,-2.327420365,-3.699605238,12.87051583,8.497434203,-2.577631767,0.018957294,-0.214765536,0.78609293,7.847539837
4604,"Chiroptera","Hipposideridae","Hipposideros beatus",6.7,0.504,67.419,43.5,5442.104,NA,583.935,0.107299492990211,NA,712.3,109.713,NA,1.083,1.016,363.877,NA,71.802,NA,2199.591,0.130886877575291,NA,NA,NA,0,2,NA,NA,100,0,0,100,0,0,0,0,0,0,0,0,0,1,3,"A",1,0,0,0,1,500,0,500,0,"Occurs on mainland",0,0,"Afrotropical",2,1,0,0,0,0,1,0,0,0,0,1,0,0,0,0,0,0,1,0,0,0,1,0,0,0,0,0,0,0,0,0,0,0,"Hipposideros beatus","Hipposideros beatus",1,0,NA,NA,43.5,NA,NA,NA,NA,NA,NA,NA,0.763620436,1.489697393,1.814826911,-74.26286188,9.112746849,12.68753525,16.79704627,-0.306783255,10.59050052,-14.92717845,-10.29534964,-3.520614769,-2.895328888,13.05825277,9.168607107,-4.529420174,5.254678952,-0.175279605,0.126903734,2.965568892
4605,"Chiroptera","Hipposideridae","Hipposideros bicolor",8.39,0.24,64.024,43.79,4534.378,587.78,587.78,0.129627481431852,NA,629.88,42.1,NA,0.99,1.34,324.841,1.2,62.719,NA,1943.533,0.138912106577793,0.189740166865316,NA,NA,0,2,NA,NA,100,0,0,100,0,0,0,0,0,0,0,0,0,1,3,"A",1,0,0,0,1,NA,NA,NA,1,"Occurs on mainland",1,0,NA,2,1,0,0,0,0,1,0,0,0,0,0,0,0,0,0,0,0,1,0,0,0,0,0,1,0,0,0,0,0,0,0,0,0,"Hipposideros bicolor","Hipposideros bicolor",1,0,33.20467791,6.199999993,44.67499998,NA,NA,NA,NA,NA,NA,NA,0.735290527,3.013303595,4.025579331,-74.53419569,8.929874572,11.12890457,13.51860441,0.278313139,11.60339939,-15.7153025,-9.693306365,-2.327420365,-3.699605238,12.87051583,8.497434203,-2.577631767,0.018957294,-0.214765536,0.78609293,7.847539837
4606,"Chiroptera","Hipposideridae","Hipposideros boeadii",7.7,0.297,64.762,NA,4670.378,NA,566.42,0.121279262620713,NA,673.992,106.449,NA,1.03,1.022,362.975,NA,64.805,NA,2057.4,0.14431208780103,NA,NA,NA,0,2,NA,NA,100,0,0,NA,NA,NA,NA,NA,NA,NA,NA,NA,NA,1,3,"A",1,0,0,0,1,NA,NA,NA,NA,"Occurs only on isolated islands",NA,NA,"Australasian",1,1,0,0,0,0,0,0,0,1,0,0,0,1,0,0,0,0,1,0,0,0,0,0,0,0,0,0,0,0,0,0,0,0,"Hipposideros boeadii","Hipposideros boeadii",1,0,NA,NA,NA,NA,NA,NA,NA,NA,NA,NA,NA,NA,NA,-71.44744893,9.255634141,17.65128486,28.38161603,-2.875435302,1.815859648,-5.032207048,-8.620884713,-8.560520402,3.698498566,0.802585462,2.714967663,-2.320206306,9.369137333,-0.32072696,-1.271729014,-14.42750523
4607,"Chiroptera","Hipposideridae","Hipposideros breviceps",13.21,0.341,67.263,44.49,4880.6,NA,584.48,0.119755767733475,NA,716.107,108.424,NA,1.045,1.005,363.134,NA,64.742,NA,2181.807,0.146725197721592,NA,NA,NA,1,2,NA,NA,100,0,0,100,0,0,0,0,0,0,0,0,0,1,3,"A",1,0,0,0,1,NA,NA,NA,NA,"Occurs only on isolated islands",NA,NA,"Indomalayan",2,1,0,0,0,0,0,0,0,1,0,0,0,0,1,0,0,0,1,0,0,0,0,0,1,0,0,0,0,0,0,0,0,0,"Hipposideros breviceps","Hipposideros breviceps",1,0,NA,NA,NA,NA,NA,NA,NA,NA,NA,NA,NA,NA,NA,-72.2931144,9.241584199,16.1883434,24.86116414,-1.998932145,5.571365773,-9.618976192,-10.12573253,-6.950234226,0.697627358,7.765139545,6.944836535,-3.97310599,10.80176905,-0.287461732,-1.045061535,-9.748049469
4608,"Chiroptera","Hipposideridae","Hipposideros caffer",9.46,0.32,54.99,46.5,5731.148,581.78,581.78,0.101511948391492,730.5,730,114.15,NA,0.995,1,364.062,2.79,91.32,NA,2285.13,0.127374131674841,0.293451374207188,NA,NA,0,2,NA,NA,100,0,0,100,0,0,0,0,0,0,0,0,0,1,3,"A",1,0,0,0,1,NA,NA,NA,0,"Occurs on mainland",1,0,NA,2,1,0,0,0,0,1,0,0,0,0,0,0,0,0,0,0,0,1,1,1,0,1,0,1,0,0,0,0,0,0,0,0,0,"Hipposideros caffer","Hipposideros caffer",1,1,31.38457746,6.299999993,48.77499999,NA,NA,3.999999999,0,0,0,1,0.086015608,0.567724515,0.729987436,-74.19054728,9.134053318,12.96945501,17.42459149,-0.443279789,10.22764221,-14.57749042,-10.3981099,-3.900276903,-2.590375273,12.83809642,9.191583131,-4.70872594,6.017959006,-0.199786925,0.033967931,1.914701787
4609,"Chiroptera","Hipposideridae","Hipposideros calcaratus",18.99,0.369,70.21,50.49,5210.862,NA,579.453,0.111200987475777,NA,710.675,105.376,NA,1.5,1,363.054,NA,64.569,NA,2198.824,0.136383385320893,NA,NA,NA,1,2,NA,NA,100,0,0,100,0,0,0,0,0,0,0,0,0,1,3,"A",1,0,0,0,1,1000,0,1000,1,"Occurs on large land bridge islands",0,0,"Australasian",2,1,0,0,0,0,0,0,1,0,0,0,0,1,0,0,0,0,1,0,0,0,0,0,1,0,0,0,0,0,0,0,0,0,"Hipposideros calcaratus","Hipposideros calcaratus",1,0,NA,NA,50.49000004,NA,NA,NA,NA,NA,NA,NA,1.622979016,1.918410876,2.196250533,-74.47990825,8.896344147,10.91652529,13.08367075,0.371676383,11.79547033,-15.86964449,-9.533354994,-2.023091258,-3.850712036,12.50371342,8.029906375,-1.911123652,-0.983274297,-0.181684792,0.825389969,8.366077723
6756,"Chiroptera","Hipposideridae","Hipposideros camerunensis",58.98,0.865,106.788,75,5059.223,NA,672.171,0.132860520281474,NA,788.079,134.426,NA,1.017,1.012,362.183,NA,98.205,NA,2413.768,0.155770757683542,NA,NA,NA,0,2,NA,NA,100,0,0,100,0,0,0,0,0,0,0,0,0,1,3,"A",1,0,0,0,1,500,0,500,0,"Occurs on mainland",0,0,"Afrotropical",1,1,0,0,0,0,1,0,0,0,0,1,0,0,0,0,0,0,0,0,0,0,0,0,0,0,0,0,0,0,0,0,0,0,"Hipposideros camerunensis","Doryrhina camerunensis",0,0,NA,NA,NA,NA,NA,NA,NA,NA,NA,NA,NA,NA,NA,-71.16684414,9.260128067,18.21817847,29.76782803,-3.257015162,-0.154680609,-2.46876959,-7.461394784,-9.113372616,5.291864055,-3.371468061,0.022623458,-1.390085221,6.879840508,-0.320232026,-1.10710354,-14.2593792
4610,"Chiroptera","Hipposideridae","Hipposideros cervinus",8.505,0.214,58.479,45.99,5305.301,NA,592.79,0.111735413315851,NA,707.938,98.113,NA,0.995,1,364.442,1.31,60.917,NA,2197.639,0.133439742627233,0.153256907701352,NA,NA,1,2,NA,NA,100,0,0,100,0,0,0,0,0,0,0,0,0,1,3,"A",1,0,0,0,1,1400,0,1400,1,"Occurs on mainland",1,0,"Australasian, Indomalayan",3,1,0,0,0,0,1,0,0,0,0,0,0,1,1,0,0,0,1,0,1,0,0,0,1,0,0,0,0,0,0,0,0,0,"Hipposideros cervinus","Hipposideros cervinus",1,0,22.77676866,6.183341915,47.77500003,NA,NA,NA,0,0,0,1,0.545968148,2.452799546,3.755123977,-73.93796902,9.165276784,13.45879265,18.51005801,-0.63993402,9.821871674,-14.22268349,-10.54218205,-4.310046386,-2.256022391,12.46503502,9.064496922,-4.765310721,7.067277161,-0.191315681,-0.158596107,0.425578162
4611,"Chiroptera","Hipposideridae","Hipposideros cineraceus",3.84,0.243,59.804,34.92,4973.628,NA,576.415,0.115894272752204,NA,671.439,89.631,NA,0.98,1.1,362.522,NA,59.36,NA,2091.036,0.134999843172831,NA,NA,NA,0,2,NA,NA,100,0,0,100,0,0,0,0,0,0,0,0,0,1,3,"A",1,0,0,0,1,1480,62,1418,NA,"Occurs on mainland",NA,NA,"Indomalayan",2,1,0,0,0,0,1,0,0,0,0,0,0,0,1,0,0,0,1,0,0,0,0,0,1,0,0,0,0,0,0,0,0,0,"Hipposideros cineraceus","Hipposideros cineraceus",1,0,30.11873026,7.599999995,34.92,NA,NA,NA,1,0,0,0,0.714179161,1.882329694,2.27445281,-74.54407522,8.948405046,11.25389762,13.77509779,0.228960853,11.50375764,-15.62800994,-9.745403251,-2.452299509,-3.615782817,12.95470375,8.637334931,-2.872711174,0.544362597,-0.220623179,0.740891873,7.414198507
4612,"Chiroptera","Hipposideridae","Hipposideros coronatus",15,0.405,69.44,46.5,5136.931,NA,594.232,0.115678407983288,NA,724.553,106.955,NA,1.145,1.005,363.482,NA,67.606,NA,2249.233,0.141047835760301,NA,NA,NA,1,2,NA,NA,100,0,0,100,0,0,0,0,0,0,0,0,0,1,3,"A",1,0,0,0,1,NA,NA,NA,NA,"Occurs only on isolated islands",NA,NA,"Indomalayan",2,1,0,0,0,0,0,0,0,1,0,0,0,0,1,0,0,0,1,0,0,0,0,0,1,0,0,0,0,0,0,0,0,0,"Hipposideros coronatus","Hipposideros coronatus",1,0,NA,NA,46.50000001,NA,NA,NA,NA,NA,NA,NA,1.919053548,2.060301398,2.173299677,-73.68159266,9.173149077,13.87226934,19.4792278,-0.849673924,9.253871144,-13.68402102,-10.7160173,-4.916040183,-1.777995008,11.96303735,8.963532424,-4.656371758,7.98231549,-0.228896982,-0.316346669,-1.325882455
6757,"Chiroptera","Hipposideridae","Hipposideros corynophyllus",15.07,0.667,72.879,48.5,5655.702,NA,647.341,0.114458116781966,NA,757.874,104.686,NA,1.058,1.003,364.396,NA,70.946,NA,2435.164,0.13400175610384,NA,NA,NA,1,2,NA,NA,100,0,0,100,0,0,0,0,0,0,0,0,0,1,3,"A",1,0,0,0,1,2700,20,2680,NA,"Occurs on large land bridge islands",NA,NA,"Australasian",2,1,0,0,0,0,0,0,1,0,0,0,0,1,0,0,0,0,1,0,0,0,0,0,1,0,0,0,0,0,0,0,0,0,"Hipposideros corynophyllus","Doryrhina corynophyllus",1,0,NA,NA,NA,NA,NA,NA,NA,NA,NA,NA,NA,NA,NA,-74.53447387,8.938116232,11.19129929,13.64872405,0.252902498,11.55653131,-15.67918577,-9.728599316,-2.392457795,-3.665426965,12.93229342,8.580590589,-2.709203896,0.249124674,-0.219177379,0.769567961,7.673602559
4613,"Chiroptera","Hipposideridae","Hipposideros coxi",21.82,0.462,70.326,53,5325.511,NA,604.796,0.113565815562112,NA,730.037,103.33,NA,1.049,1.004,364.004,NA,65.776,NA,2252.582,0.137082995415839,NA,NA,NA,1,2,NA,NA,100,0,0,100,0,0,0,0,0,0,0,0,0,1,3,"A",1,0,0,0,1,NA,NA,NA,1,"Occurs on large land bridge islands",0,0,"Indomalayan",NA,1,0,0,0,0,0,0,1,0,0,0,0,0,1,0,0,0,1,0,0,0,0,0,0,1,0,0,0,0,0,0,0,0,"Hipposideros coxi","Hipposideros coxi",0,0,NA,NA,53.00000005,NA,NA,NA,NA,NA,NA,NA,2.95802583,3.086896398,3.164218739,-73.84467816,9.167623893,13.61387598,18.87569593,-0.721489781,9.606027355,-14.02731519,-10.63982372,-4.573956462,-2.072230674,12.32749242,9.08202865,-4.721808074,7.429225025,-0.213633596,-0.212606803,-0.256688912
4614,"Chiroptera","Hipposideridae","Hipposideros crumeniferus",21.82,0.482,72.397,53,5180.293,NA,604.697,0.116730269890139,NA,727.52,99.063,NA,1.057,1.015,363.732,NA,66.828,NA,2219.917,0.140439932644737,NA,NA,NA,1,2,NA,NA,100,0,0,100,0,0,0,0,0,0,0,0,0,1,3,"A",1,0,0,0,1,NA,NA,NA,1,"Occurs only on isolated islands",0,0,"Australasian",1,1,0,0,0,0,0,0,0,1,0,0,0,1,0,0,0,0,1,0,0,0,0,0,0,0,0,0,0,0,0,0,0,0,"Hipposideros crumeniferus","Hipposideros crumeniferus",1,0,NA,NA,NA,NA,NA,NA,NA,NA,NA,NA,NA,NA,NA,-74.56731377,9.006173344,11.62437219,14.52400861,0.097512585,11.30312743,-15.48803289,-9.9210053,-2.759882757,-3.413447346,13.08966649,8.885273034,-3.54854182,2.126239921,-0.210788637,0.552379569,5.981828679
4615,"Chiroptera","Hipposideridae","Hipposideros curtus",13.21,0.618,73.632,44.49,5215.02,NA,597.799,0.114630241111252,NA,734.524,113.247,NA,1.075,1.012,363.137,NA,76.025,NA,2256.439,0.140847781983578,NA,NA,NA,0,2,NA,NA,100,0,0,100,0,0,0,0,0,0,0,0,0,1,3,"A",1,0,0,0,1,500,0,500,0,"Occurs on mainland",0,0,"Afrotropical",2,1,0,0,0,0,1,0,0,0,0,1,0,0,0,0,0,0,1,0,0,0,0,0,1,0,0,0,0,0,0,0,0,0,"Hipposideros curtus","Hipposideros curtus",1,0,NA,NA,NA,NA,NA,NA,NA,NA,NA,NA,NA,NA,NA,-74.43792465,9.079018015,12.25392514,15.84839518,-0.133307176,10.91582509,-15.18615756,-10.13061495,-3.175192916,-3.137208811,13.18216445,9.135477356,-4.267907195,4.061456978,-0.190956661,0.304918341,4.213317255
6758,"Chiroptera","Hipposideridae","Hipposideros cyclops",32.92,0.763,75.99,64.74,5631.475,NA,655.684,0.116432018254543,NA,768.083,106.495,NA,1,1,364.239,NA,116.92,NA,2437.351,0.136391087592505,NA,NA,NA,0,2,NA,NA,100,0,0,100,0,0,0,0,0,0,0,0,0,1,3,"A",1,0,0,0,1,1000,0,1000,0,"Occurs on mainland",0,0,"Afrotropical",1,1,0,0,0,0,1,0,0,0,0,1,0,0,0,0,0,0,0,0,0,0,0,0,0,0,0,0,0,0,0,0,0,0,"Hipposideros cyclops","Doryrhina cyclops",0,0,NA,NA,64.73999999,6.500000005,NA,6.000000002,0,0,0,1,0.669677176,1.290719371,1.854002727,-71.22768461,9.263498747,18.14125043,29.57090568,-3.202270111,0.128008602,-2.834681604,-7.633090678,-9.059848569,5.104863835,-2.849948289,0.361411614,-1.572317919,7.304223069,-0.317644702,-1.143316377,-14.40445764
4616,"Chiroptera","Hipposideridae","Hipposideros demissus",46.9,0.737,99.548,NA,4380,365.25,365.25,0.0833904109589041,365.25,442.648,114.683,NA,1,1.708,276.51,13,73.104,NA,1772.81,0.101061187214612,0.473432835820896,NA,NA,0,2,NA,NA,100,0,0,NA,NA,NA,NA,NA,NA,NA,NA,NA,NA,1,3,"A",1,0,0,0,1,NA,NA,NA,NA,"Occurs only on isolated islands",NA,NA,"Australasian",1,1,0,0,0,0,0,0,0,1,0,0,0,1,0,0,0,0,1,0,0,1,0,0,1,0,0,0,0,0,0,1,0,0,"Hipposideros demissus","Hipposideros demissus",1,0,NA,NA,NA,NA,NA,NA,NA,NA,NA,NA,NA,NA,NA,-72.46960338,9.244146575,15.9390858,24.25206146,-1.849027287,6.18266934,-10.34532258,-10.32591491,-6.667618172,0.245337293,8.695880842,7.462180401,-4.1404783,10.5616335,-0.280570431,-0.942346585,-8.427846186
4617,"Chiroptera","Hipposideridae","Hipposideros diadema",46.9,0.715,97.557,88.69,4380,365.25,365.25,0.0833904109589041,365.25,442.888,112.922,NA,1,1.7,279.523,13,70.358,NA,1749.532,0.10111598173516,0.471215351812367,NA,NA,0,2,NA,NA,100,0,0,100,0,0,0,0,0,0,0,0,0,1,3,"A",1,0,0,0,1,1210,0,1210,1,"Occurs on mainland",1,0,"Australasian, Indomalayan",3,1,0,0,0,0,1,0,0,0,0,0,0,1,1,0,0,0,1,1,0,1,0,0,1,0,0,0,0,0,0,1,0,0,"Hipposideros diadema","Hipposideros diadema",1,0,34.51919082,6.199999993,86.74999991,30.00000002,NA,NA,0,0,0,1,0.306787814,1.969914299,2.478642112,-72.39404022,9.243029054,16.04875786,24.52133178,-1.917366019,5.875882873,-9.966864561,-10.19044378,-6.781586211,0.479902972,8.159382688,7.140935317,-4.061900429,10.71134441,-0.277093551,-1.008350717,-9.163700474
4618,"Chiroptera","Hipposideridae","Hipposideros dinops",116.08,1.199,127.071,95,5037.07,NA,617.093,0.122510308572245,NA,772.547,150.735,NA,1.02,1.007,360.204,NA,98.912,NA,2336.75,0.153372297784228,NA,NA,NA,0,2,NA,NA,100,0,0,100,0,0,0,0,0,0,0,0,0,1,3,"A",1,0,0,0,1,NA,NA,NA,1,"Occurs only on isolated islands",0,0,"Australasian",2,1,0,0,0,0,0,0,0,1,0,0,0,1,0,0,0,0,1,0,0,0,0,0,1,0,0,0,0,0,0,0,0,0,"Hipposideros dinops","Hipposideros dinops",1,0,NA,NA,94.99999994,NA,NA,NA,NA,NA,NA,NA,NA,NA,NA,-72.71373407,9.240738364,15.55435105,23.33411651,-1.635712282,6.923623595,-11.16666606,-10.40744093,-6.169124242,-0.321142856,9.622811471,7.881892567,-4.340556674,10.18608205,-0.247288895,-0.830678985,-6.734638414
4619,"Chiroptera","Hipposideridae","Hipposideros doriae",4.24,0.196,57.74,37.5,5236.04,NA,577.689,0.110329371051405,NA,687.842,100.777,NA,1.027,1.05,363.842,NA,62.572,NA,2157.815,0.131366834477964,NA,NA,NA,0,2,NA,NA,100,0,0,100,0,0,0,0,0,0,0,0,0,1,3,"A",1,0,0,0,1,NA,NA,NA,1,"Occurs on mainland",1,0,"Indomalayan",1,1,0,0,0,0,1,0,0,0,0,0,0,0,1,0,0,0,1,0,0,0,0,0,0,0,0,0,0,0,0,0,0,0,"Hipposideros doriae","Hipposideros doriae",1,0,0.002969628,5.481808511,37.50000002,NA,NA,NA,NA,NA,NA,NA,2.34734537,2.507272725,2.507272725,-74.45272717,9.067846413,12.16316446,15.65869901,-0.100197896,10.97459389,-15.23495143,-10.0990212,-3.097671653,-3.204036316,13.2319605,9.139252167,-4.172778595,3.81974565,-0.194018016,0.340507993,4.515045719
4620,"Chiroptera","Hipposideridae","Hipposideros durgadasi",3.84,0.272,62.802,NA,5070.696,NA,575.665,0.113527807622464,NA,687.998,100.322,NA,0.98,1.112,361.783,NA,72.45,NA,2143.73,0.135681176706314,NA,NA,NA,0,2,NA,NA,100,0,0,NA,NA,NA,NA,NA,NA,NA,NA,NA,NA,1,3,"A",1,0,0,0,1,1100,380,720,NA,"Occurs on mainland",NA,NA,"Indomalayan",1,1,0,0,0,0,1,0,0,0,0,0,0,0,1,0,0,0,1,0,0,0,0,0,1,0,0,0,0,0,0,0,0,0,"Hipposideros durgadasi","Hipposideros durgadasi",0,0,NA,NA,NA,NA,NA,NA,NA,NA,NA,NA,NA,NA,NA,-71.53639053,9.258508249,17.51703923,28.04495658,-2.782489699,2.282819026,-5.627288806,-8.853342881,-8.37213273,3.287125056,1.82677505,3.358280669,-2.586796786,9.886995374,-0.313745494,-1.289823306,-14.13292887
4621,"Chiroptera","Hipposideridae","Hipposideros dyacorum",10.09,0.255,60.526,40.5,5328.251,NA,579.393,0.108739809742446,NA,694.379,100.208,NA,1.041,1.022,364.391,NA,63.36,NA,2132.009,0.130320249552808,NA,NA,NA,0,2,NA,NA,100,0,0,100,0,0,0,0,0,0,0,0,0,1,3,"A",1,0,0,0,1,900,0,900,1,"Occurs on mainland",1,0,"Indomalayan",2,1,0,0,0,0,1,0,0,0,0,0,0,0,1,0,0,0,1,0,0,0,0,0,1,0,0,0,0,0,0,0,0,0,"Hipposideros dyacorum","Hipposideros dyacorum",1,0,NA,NA,40.49999998,NA,NA,NA,0,0,0,1,1.492406947,2.973862982,3.698953963,-74.40695737,9.084268679,12.32445801,16.00237834,-0.160060714,10.88446935,-15.17814584,-10.18334771,-3.23646802,-3.111828066,13.18089295,9.145000069,-4.261761829,4.258963194,-0.18812077,0.271918419,4.033979714
6759,"Chiroptera","Hipposideridae","Hipposideros edwardshilli",11.3,0.665,77.004,NA,4844.395,NA,626.365,0.129296847181124,NA,750.954,112.945,NA,1.037,1.014,362.735,NA,76.697,NA,2269.814,0.155015022515711,NA,NA,NA,0,2,NA,NA,100,0,0,NA,NA,NA,NA,NA,NA,NA,NA,NA,NA,1,3,"A",1,0,0,0,1,300,200,100,NA,"Occurs on large land bridge islands",NA,NA,"Australasian",3,1,0,0,0,0,0,0,1,0,0,0,0,1,0,0,0,0,1,0,0,1,0,0,1,0,0,0,0,0,0,1,0,0,"Hipposideros edwardshilli","Doryrhina edwardshilli",1,0,NA,NA,NA,NA,NA,NA,NA,NA,NA,NA,NA,NA,NA,-71.91390642,9.24879749,16.79846172,26.31439743,-2.337811917,4.304095478,-8.145461274,-9.75380835,-7.524532335,1.573756278,5.885717465,5.860020564,-3.409193726,10.929573,-0.302339832,-1.203349065,-11.83848298
4622,"Chiroptera","Hipposideridae","Hipposideros einnaythu",NA,NA,NA,NA,NA,NA,NA,NA,NA,NA,NA,NA,NA,NA,NA,NA,NA,NA,NA,NA,NA,NA,NA,NA,NA,NA,NA,NA,NA,NA,NA,NA,NA,NA,NA,NA,NA,NA,NA,NA,NA,NA,NA,NA,NA,NA,NA,NA,NA,NA,NA,NA,NA,NA,NA,NA,1,NA,NA,NA,NA,NA,NA,NA,NA,NA,0,0,0,0,0,0,0,0,1,0,0,1,0,0,0,0,0,0,0,0,0,1,0,0,"Hipposideros einnaythu","Hipposideros einnaythu",0,0,NA,NA,NA,NA,NA,NA,NA,NA,NA,NA,NA,NA,NA,-71.56557286,9.260177142,17.47784581,27.94382715,-2.752796221,2.454063153,-5.853952078,-8.95718141,-8.309343904,3.114301355,2.297367356,3.670813633,-2.70043123,10.10945929,-0.316876997,-1.291576159,-14.02101553
4623,"Chiroptera","Hipposideridae","Hipposideros fuliginosus",31.11,0.838,82.728,59.99,5309.557,NA,600.902,0.113173660250752,NA,741.248,112.413,NA,1.099,1.014,363.883,NA,81.817,NA,2272.435,0.139606373940425,NA,NA,NA,0,2,NA,NA,100,0,0,100,0,0,0,0,0,0,0,0,0,1,3,"A",1,0,0,0,1,500,0,500,0,"Occurs on mainland",0,0,"Afrotropical",1,1,0,0,0,0,1,0,0,0,0,1,0,0,0,0,0,0,1,0,0,0,0,0,0,0,0,0,0,0,0,0,0,0,"Hipposideros fuliginosus","Hipposideros fuliginosus",1,0,NA,NA,59.99000001,NA,NA,NA,NA,NA,NA,NA,0.99835677,1.534525229,2.32827798,-74.3377354,9.100407637,12.50474527,16.3904631,-0.226255381,10.78417633,-15.11104465,-10.25371249,-3.351314956,-3.036126978,13.13987157,9.144873053,-4.356585495,4.711117182,-0.175481149,0.198390961,3.576685028
4624,"Chiroptera","Hipposideridae","Hipposideros fulvus",8.39,0.236,58.345,40.87,4745,551.01,569.395,0.11999894625922,NA,719.86,101.875,NA,0.995,1,362.562,1.77,36.58,4.5,1834.226,0.151709167544784,0.209910607866508,NA,NA,0,2,NA,NA,100,0,0,100,0,0,0,0,0,0,0,0,0,1,3,"A",1,0,0,0,1,2600,0,2600,NA,"Occurs on mainland",NA,NA,"Indomalayan",2,1,0,0,0,0,1,0,0,0,0,0,0,0,1,0,0,0,1,0,0,0,0,0,1,0,0,0,0,0,0,0,0,0,"Hipposideros fulvus","Hipposideros fulvus",1,0,NA,NA,40.87000003,10,NA,NA,0,1,0,0,NA,NA,NA,-74.59464592,9.032078148,11.7836186,14.84660214,0.03516234,11.1650145,-15.35440805,-9.95410804,-2.886299669,-3.31928206,13.16116476,9.021279538,-3.856556859,2.720608573,-0.217589669,0.494243132,5.40060227
4625,"Chiroptera","Hipposideridae","Hipposideros galeritus",9.335,0.279,60.324,45.99,5172.777,NA,591.09,0.114269376004417,NA,711.281,105.727,NA,0.99,1,363.645,NA,64.505,NA,2170.189,0.137504671088663,NA,NA,NA,1,2,NA,1,100,0,0,100,0,0,0,0,0,0,0,0,0,1,3,"A",1,0,0,0,1,1100,0,1100,1,"Occurs on mainland",1,0,"Indomalayan",3,1,0,0,0,0,1,0,0,0,0,0,0,0,1,0,0,0,1,0,0,1,0,1,1,0,0,0,0,0,0,1,0,0,"Hipposideros galeritus","Hipposideros galeritus",1,0,NA,NA,48.52499999,NA,NA,NA,0,0,0,1,0.583510844,2.309386252,3.202361144,-74.00831932,9.15897213,13.33951439,18.24321541,-0.592146657,9.913069084,-14.29641911,-10.49926902,-4.21334562,-2.327371734,12.53742713,9.086692951,-4.757751127,6.818875508,-0.194500546,-0.113593832,0.744354983
4627,"Chiroptera","Hipposideridae","Hipposideros grandis",19.95,0.449,70.16,NA,5303.286,NA,617.541,0.116444973927486,NA,733.697,103.063,NA,0.98,1.04,364.374,3.75,69.985,NA,2294.77,0.13834762070158,0.191578947368421,NA,NA,NA,2,NA,NA,100,0,0,NA,NA,NA,NA,NA,NA,NA,NA,NA,NA,1,3,"A",1,0,0,0,1,NA,NA,NA,NA,"Occurs on mainland",NA,NA,"Indomalayan",1,1,0,0,0,0,1,0,0,0,0,0,0,0,1,0,0,0,1,0,0,0,0,0,1,1,0,0,0,0,0,0,0,0,"Hipposideros grandis","Hipposideros grandis",0,0,NA,NA,NA,NA,NA,NA,NA,NA,NA,NA,1.423683419,1.695912272,1.73875334,-73.16186032,9.241567638,14.98945847,21.98667255,-1.35004297,7.800452733,-12.10129831,-10.50836722,-5.723293382,-0.794791209,10.40279925,8.235844955,-4.671246579,9.329018356,-0.237345675,-0.621100924,-4.66197994
4628,"Chiroptera","Hipposideridae","Hipposideros griffini",NA,NA,NA,NA,NA,NA,NA,NA,NA,NA,NA,NA,NA,NA,NA,NA,NA,NA,NA,NA,NA,NA,NA,NA,NA,NA,NA,NA,NA,NA,NA,NA,NA,NA,NA,NA,NA,NA,NA,NA,NA,NA,NA,NA,NA,NA,NA,NA,NA,NA,NA,NA,NA,NA,NA,NA,2,NA,NA,NA,NA,NA,NA,NA,NA,NA,0,0,0,0,0,0,0,0,1,0,0,0,0,0,1,0,0,0,0,0,0,0,0,0,"Hipposideros griffini","Hipposideros griffini",1,0,NA,NA,NA,NA,NA,NA,NA,NA,NA,NA,NA,NA,NA,-73.52961445,9.190807657,14.17043322,20.14775041,-0.978508577,8.904713941,-13.31529161,-10.69487117,-5.142462216,-1.52464305,11.57472581,8.788243006,-4.644255342,8.359230356,-0.231282191,-0.404149228,-2.282101468
4629,"Chiroptera","Hipposideridae","Hipposideros halophyllus",4,0.152,56.551,37,5295.071,NA,565.644,0.106824629924698,NA,683.926,101.169,NA,1.035,1.059,361.583,NA,61.536,NA,2160.016,0.129162762878911,NA,NA,NA,0,2,NA,NA,100,0,0,100,0,0,0,0,0,0,0,0,0,1,3,"A",1,0,0,0,1,480,0,480,0,"Occurs on mainland",0,0,"Indomalayan",2,1,0,0,0,0,1,0,0,0,0,0,0,0,1,0,0,0,1,0,0,0,0,0,1,0,0,0,0,0,0,0,0,0,"Hipposideros halophyllus","Hipposideros halophyllus",1,0,NA,NA,36.99999999,NA,NA,NA,1,0,0,0,1.29836915,1.29836915,1.29836915,-74.53427897,9.054423995,11.99881929,15.30357421,-0.043224753,11.05384975,-15.28741258,-10.04513332,-3.008728258,-3.264935083,13.23007096,9.106196686,-4.017458558,3.392200475,-0.20591399,0.401718241,4.893997167
4630,"Chiroptera","Hipposideridae","Hipposideros hypophyllus",NA,173.658,1390.601,NA,9371.417,NA,795.589,0.0848952725078822,NA,994.685,209.619,NA,1.138,1.042,399.648,NA,174.023,NA,3359.743,0.106140298740308,NA,NA,NA,0,2,NA,NA,100,0,0,NA,NA,NA,NA,NA,NA,NA,NA,NA,NA,1,3,"A",1,0,0,0,1,570,NA,NA,NA,"Occurs on mainland",NA,NA,"Indomalayan",2,1,0,0,0,0,1,0,0,0,0,0,0,0,1,0,0,0,0,0,1,0,0,0,1,0,0,0,0,0,0,0,0,0,"Hipposideros hypophyllus","Hipposideros hypophyllus",0,0,NA,NA,NA,NA,NA,NA,NA,NA,NA,NA,NA,NA,NA,-74.59817033,8.983232818,11.45149314,14.17016116,0.151365584,11.3282254,-15.45813705,-9.788049742,-2.613174915,-3.490494321,13.02931091,8.793457187,-3.295560537,1.506125226,-0.22135373,0.635838872,6.592377845
4631,"Chiroptera","Hipposideridae","Hipposideros inexpectatus",136.34,1.289,130.121,100.49,5251.138,NA,642.75,0.12240203932938,NA,780.542,152.011,NA,1.023,1.008,361.188,NA,100.931,NA,2411.061,0.148642446646803,NA,NA,NA,0,2,NA,NA,100,0,0,100,0,0,0,0,0,0,0,0,0,1,3,"A",1,0,0,0,1,NA,NA,NA,NA,"Occurs only on isolated islands",NA,NA,"Australasian",1,1,0,0,0,0,0,0,0,1,0,0,0,1,0,0,0,0,1,0,0,0,0,0,1,1,0,0,0,0,0,0,0,0,"Hipposideros inexpectatus","Hipposideros inexpectatus",0,0,NA,NA,NA,NA,NA,NA,NA,NA,NA,NA,NA,NA,NA,-74.04573837,9.15719886,13.27966039,18.10526013,-0.564292224,9.981638139,-14.36072261,-10.48555154,-4.157230322,-2.37393597,12.58522279,9.098640806,-4.739100683,6.67777595,-0.195927097,-0.090763895,0.920152988
4632,"Chiroptera","Hipposideridae","Hipposideros inornatus",40.45,0.713,91.668,71.1,4380,365.25,365.25,0.0833904109589041,365.25,438.744,110.34,NA,1,1.7,278.17,13,68.366,NA,1772.816,0.100169863013699,0.546353522867738,NA,NA,0,2,NA,NA,100,0,0,NA,NA,NA,NA,NA,NA,NA,NA,NA,NA,1,3,"A",1,0,0,0,1,NA,NA,NA,0,"Occurs on mainland",0,0,"Australasian",4,1,0,0,0,0,1,0,0,0,0,0,0,1,0,0,0,0,1,1,1,0,0,0,1,0,0,0,0,0,0,0,0,0,"Hipposideros inornatus","Hipposideros inornatus",0,0,NA,NA,NA,NA,NA,NA,NA,NA,NA,NA,NA,NA,NA,-71.67142628,9.246079686,17.16196553,27.20379636,-2.562461534,3.321825396,-6.940664029,-9.326622994,-7.870906665,2.273898273,4.240294973,4.864711539,-2.994944831,10.69513946,-0.311696099,-1.276983406,-13.15304961
4633,"Chiroptera","Hipposideridae","Hipposideros jonesi",5.49,0.228,55.711,49.5,5771.166,NA,602.91,0.104469356798955,NA,712.313,99.97,NA,1.017,1.008,364.478,NA,61.85,NA,2281.28,0.123426184587309,NA,NA,NA,1,2,NA,NA,100,0,0,100,0,0,0,0,0,0,0,0,0,1,3,"A",1,0,0,0,1,1400,0,1400,0,"Occurs on mainland",0,0,"Afrotropical",5,1,0,0,0,0,1,0,0,0,0,1,0,0,0,0,0,0,1,1,0,1,0,1,1,0,0,0,0,0,0,0,0,0,"Hipposideros jonesi","Hipposideros jonesi",1,1,NA,NA,NA,NA,NA,NA,NA,NA,NA,NA,0.616086624,0.785394392,0.878527098,-73.81026478,9.168863329,13.68124549,19.03557123,-0.76016176,9.47823994,-13.89274071,-10.65738208,-4.708061563,-1.943629247,12.17174904,9.037375036,-4.743198128,7.558321177,-0.223742721,-0.231963601,-0.592096402
4634,"Chiroptera","Hipposideridae","Hipposideros khaokhouayensis",8.7,0.24,64.523,43.79,4266.173,587.78,587.78,0.13777687871542,NA,629.88,42.1,NA,0.99,1.511,306.931,1.2,64.321,NA,1907.719,0.147645208011958,0.206329655172414,NA,NA,0,2,NA,NA,100,0,0,100,0,0,0,0,0,0,0,0,0,1,3,"A",1,0,0,0,1,400,180,220,NA,"Occurs on mainland",NA,NA,"Indomalayan",1,1,0,0,0,0,1,0,0,0,0,0,0,0,1,0,0,0,1,0,0,0,0,0,0,0,0,0,0,0,0,0,0,0,"Hipposideros khaokhouayensis","Hipposideros khaokhouayensis",1,0,NA,NA,NA,NA,NA,NA,NA,NA,NA,NA,1.481988099,1.745619559,1.878691799,-74.59448916,8.974634568,11.38733313,14.03613472,0.178853491,11.38745358,-15.5090865,-9.755695532,-2.539786195,-3.539105898,12.98923668,8.7223691,-3.135925032,1.177142661,-0.219817105,0.666230277,6.830868738
6760,"Chiroptera","Hipposideridae","Hipposideros khasiana",NA,NA,NA,NA,NA,NA,NA,NA,NA,NA,NA,NA,NA,NA,NA,NA,NA,NA,NA,NA,NA,NA,NA,NA,NA,NA,NA,NA,NA,NA,NA,NA,NA,NA,NA,NA,NA,NA,NA,NA,NA,NA,NA,NA,NA,NA,NA,NA,NA,NA,NA,NA,NA,NA,NA,NA,2,NA,NA,NA,NA,NA,NA,NA,NA,NA,0,0,0,0,0,0,0,0,1,0,0,0,0,0,1,0,0,0,0,0,0,0,0,0,NA,"Hipposideros khasiana",1,0,NA,NA,NA,NA,NA,NA,NA,NA,NA,NA,NA,NA,NA,NA,NA,NA,NA,NA,NA,NA,NA,NA,NA,NA,NA,NA,NA,NA,NA,NA
4636,"Chiroptera","Hipposideridae","Hipposideros lamottei",24.9,0.52,73.313,55.5,5218.599,NA,579.103,0.110969055104636,NA,716.295,104.973,NA,1.119,1.012,363.328,NA,70.276,NA,2169.519,0.137258103180566,NA,NA,NA,0,2,NA,NA,100,0,0,100,0,0,0,0,0,0,0,0,0,1,3,"A",1,0,0,0,1,1400,500,900,NA,"Occurs on mainland",NA,NA,"Afrotropical",3,1,0,0,0,0,1,0,0,0,0,1,0,0,0,0,0,0,1,0,0,1,0,0,1,0,0,0,0,0,0,0,0,0,"Hipposideros lamottei","Hipposideros lamottei",1,0,NA,NA,NA,NA,NA,NA,NA,NA,NA,NA,0.913679093,1.098430825,1.209281865,-74.30807491,9.105168454,12.57331764,16.54235282,-0.255403789,10.71383296,-15.04119112,-10.25439708,-3.390113478,-3.000096537,13.12511455,9.155624986,-4.429090327,4.89198063,-0.17247208,0.175291243,3.407416477
4637,"Chiroptera","Hipposideridae","Hipposideros lankadiva",44.76,0.733,102.128,83.5,5088.827,510.44,510.44,0.10030602337238,NA,767.46,257.02,NA,0.99,1,358.798,8.71,82.72,NA,2254.399,0.150812751150707,0.19264745308311,NA,NA,0,2,NA,NA,100,0,0,100,0,0,0,0,0,0,0,0,0,1,3,"A",1,0,0,0,1,1000,0,1000,NA,"Occurs on mainland",NA,NA,"Indomalayan",2,1,0,0,0,0,1,0,0,0,0,0,0,0,1,0,0,0,1,0,1,0,0,0,1,0,0,0,0,0,0,0,0,0,"Hipposideros lankadiva","Hipposideros lankadiva",1,0,NA,NA,NA,NA,NA,NA,NA,NA,NA,NA,0.354250246,0.785219501,1.315151491,-72.79602514,9.241769608,15.45012108,23.08211705,-1.579047945,7.115944278,-11.37906848,-10.44008893,-6.071591528,-0.433427824,9.809835019,7.964720805,-4.404852176,10.01842933,-0.242350515,-0.787777581,-6.237323576
4638,"Chiroptera","Hipposideridae","Hipposideros larvatus",19.95,0.416,68.387,59.99,5229.055,NA,607.866,0.116247773259222,NA,729.087,104.246,NA,0.98,1.039,364.027,3.75,66.613,NA,2247.277,0.139429973484693,0.191394736842105,NA,NA,1,2,NA,NA,100,0,0,100,0,0,0,0,0,0,0,0,0,1,3,"A",1,0,0,0,1,NA,NA,NA,1,"Occurs on mainland",1,0,NA,2,1,0,0,0,0,1,0,0,0,0,0,0,0,0,0,0,0,1,0,0,1,0,0,1,0,0,0,0,0,0,1,0,0,"Hipposideros larvatus","Hipposideros larvatus",1,0,33.39594081,5.300000005,59.25000004,NA,NA,NA,0,0,0,1,0.522989275,1.670840773,1.624375852,-73.26889888,9.217741449,14.69634406,21.34406042,-1.227831471,8.099093842,-12.3982693,-10.48269016,-5.486500351,-1.038048784,10.80598395,8.446061634,-4.739466703,8.95576663,-0.240540248,-0.525880163,-3.769379688
4639,"Chiroptera","Hipposideridae","Hipposideros lekaguli",31.08,0.584,76.348,75.49,5285.845,NA,590.484,0.111710426620531,NA,743.362,110.296,NA,1.02,1.01,363.46,NA,74.237,NA,2282.145,0.140632576248452,NA,NA,NA,0,2,NA,NA,100,0,0,100,0,0,0,0,0,0,0,0,0,1,3,"A",1,0,0,0,1,400,50,350,0,"Occurs on mainland",1,0,"Indomalayan",2,1,0,0,0,0,1,0,0,0,0,0,0,0,1,0,0,0,1,0,0,1,0,0,1,0,0,0,0,0,0,1,0,0,"Hipposideros lekaguli","Hipposideros lekaguli",1,0,NA,NA,75.48999994,NA,NA,NA,1,0,0,0,2.267869503,2.267869503,2.267869503,-71.60022627,9.25672293,17.37281945,27.69291702,-2.68357252,2.792588217,-6.28390309,-9.107320594,-8.134446789,2.780347745,3.034560785,4.107962973,-2.762985801,10.39264679,-0.310924339,-1.306125625,-13.79164973
4640,"Chiroptera","Hipposideridae","Hipposideros lylei",62.19,0.842,103.277,78.5,5039.349,NA,603.323,0.119722408588887,NA,756.351,141.407,NA,1.032,1.007,360.816,NA,84.117,NA,2253.867,0.150089029356768,NA,NA,NA,0,2,NA,NA,100,0,0,100,0,0,0,0,0,0,0,0,0,1,3,"A",1,0,0,0,1,NA,NA,NA,0,"Occurs on mainland",1,0,"Indomalayan",2,1,0,0,0,0,1,0,0,0,0,0,0,0,1,0,0,0,1,0,0,1,0,0,1,0,0,0,0,0,0,1,0,0,"Hipposideros lylei","Hipposideros lylei",1,0,33.66559355,5.14,78.50000005,NA,NA,NA,1,0,0,0,0.522989275,0.824788168,1.171591562,-71.8051209,9.249076658,16.9547222,26.69016922,-2.425381593,3.951105436,-7.718188091,-9.584832498,-7.592139967,1.765841518,5.346955938,5.501944534,-3.189493348,10.93048997,-0.295561912,-1.254896705,-12.32518429
4641,"Chiroptera","Hipposideridae","Hipposideros macrobullatus",8.39,0.252,62.931,41.49,4203.482,457.295,457.295,0.108789570170635,NA,575.845,118.55,NA,0.99,1.636,293.827,1.225,79.2,2.1,1833.667,0.13699237917517,0.236479022646007,NA,NA,0,2,NA,NA,100,0,0,100,0,0,0,0,0,0,0,0,0,1,3,"A",1,0,0,0,1,NA,NA,NA,1,"Occurs on mainland",0,0,"Australasian",2,1,0,0,0,0,1,0,0,0,0,0,0,1,0,0,0,0,1,0,0,0,0,0,1,0,0,0,0,0,0,0,0,0,"Hipposideros macrobullatus","Hipposideros macrobullatus",1,0,NA,NA,NA,NA,NA,NA,NA,NA,NA,NA,NA,NA,NA,-74.58673154,9.039951041,11.84578655,14.97610562,0.01238335,11.12564564,-15.32280142,-9.973155116,-2.92529791,-3.293980005,13.1760647,9.04986169,-3.93172474,2.943891046,-0.215635193,0.46539642,5.203136054
4642,"Chiroptera","Hipposideridae","Hipposideros madurae",19.95,0.432,68.778,NA,5130.091,NA,595.746,0.116127764595209,NA,722.975,106.212,NA,0.98,1.039,363.711,3.75,68.097,NA,2200.214,0.140928299322566,0.191394736842105,NA,NA,0,2,NA,NA,100,0,0,NA,NA,NA,NA,NA,NA,NA,NA,NA,NA,1,3,"A",1,0,0,0,1,1000,0,1000,NA,"Occurs on large land bridge islands",NA,NA,"Indomalayan",2,1,0,0,0,0,0,0,1,0,0,0,0,0,1,0,0,0,1,0,0,0,0,0,1,0,0,0,0,0,0,0,0,0,"Hipposideros madurae","Hipposideros madurae",1,0,NA,NA,NA,NA,NA,NA,NA,NA,NA,NA,NA,NA,NA,-72.58113789,9.238438271,15.73589236,23.77698033,-1.741840628,6.548033278,-10.75370219,-10.38305476,-6.443122054,-0.03474841,9.197169021,7.71870242,-4.222147135,10.38953951,-0.273172206,-0.885981995,-7.696352628
4643,"Chiroptera","Hipposideridae","Hipposideros maggietaylorae",16.1,0.542,76.929,59,4904.226,NA,579.579,0.118179504778124,NA,713.02,101.123,NA,1.06,1.151,348.568,NA,71.851,NA,2135.135,0.145388895209968,NA,NA,NA,0,2,NA,NA,100,0,0,100,0,0,0,0,0,0,0,0,0,1,3,"A",1,0,0,0,1,380,0,380,1,"Occurs on large land bridge islands",1,0,"Australasian",3,1,0,0,0,0,0,0,1,0,0,0,0,1,0,0,0,0,1,0,0,1,0,0,1,0,0,0,0,0,0,1,0,0,"Hipposideros maggietaylorae","Hipposideros maggietaylorae",1,0,NA,NA,NA,NA,NA,NA,NA,NA,NA,NA,1.631201779,2.07282345,2.187857464,-71.26490784,9.262979316,18.0651776,29.38411496,-3.149971826,0.408179005,-3.202570541,-7.802923304,-8.977342291,4.863859167,-2.201599333,0.785715316,-1.73327425,7.713430236,-0.318942955,-1.169072048,-14.45256629
4644,"Chiroptera","Hipposideridae","Hipposideros marisae",10.09,0.459,69.588,40.5,4708.812,NA,574.3,0.121962822045136,NA,695.835,104.049,NA,1.06,1.031,363.081,NA,64.269,NA,2033.178,0.147772941455297,NA,NA,NA,0,2,NA,NA,100,0,0,100,0,0,0,0,0,0,0,0,0,1,3,"A",1,0,0,0,1,650,0,650,0,"Occurs on mainland",0,0,"Afrotropical",3,1,0,0,0,0,1,0,0,0,0,1,0,0,0,0,0,0,1,0,0,0,0,1,1,0,0,0,0,0,0,0,0,0,"Hipposideros marisae","Hipposideros marisae",1,0,NA,NA,NA,NA,NA,NA,NA,NA,NA,NA,NA,NA,NA,-73.7556533,9.170061173,13.76569873,19.23413624,-0.802845061,9.36904912,-13.79494594,-10.70160954,-4.828128385,-1.85901006,12.08793378,9.023285348,-4.696467829,7.787028783,-0.229963014,-0.273145301,-0.970269834
4645,"Chiroptera","Hipposideridae","Hipposideros megalotis",7.2,0.247,62.261,35.99,5464.538,NA,591.356,0.108217016699307,NA,708.263,105.822,NA,1.078,1.005,364.125,NA,61.335,NA,2216.988,0.129610774048968,NA,NA,NA,1,2,NA,NA,100,0,0,100,0,0,0,0,0,0,0,0,0,1,3,"A",1,0,0,0,1,2000,0,2000,0,"Occurs on mainland",1,0,"Afrotropical",2,1,0,0,0,0,1,0,0,0,0,1,0,0,0,0,0,0,0,1,1,0,0,0,0,0,0,0,0,0,0,0,0,0,"Hipposideros megalotis","Hipposideros megalotis",0,0,NA,NA,NA,NA,NA,NA,NA,NA,NA,NA,0.744062724,0.744062724,0.744062724,-73.59532852,9.177489497,14.00684738,19.78929917,-0.911771954,9.081984509,-13.50668105,-10.72121433,-5.046136514,-1.649657982,11.78926861,8.899334873,-4.641868882,8.153197945,-0.234048424,-0.352681367,-1.759485801
6761,"Chiroptera","Hipposideridae","Hipposideros muscinus",14.09,0.417,70.691,45.5,5465.884,NA,639.907,0.117072919952198,NA,752.941,107.233,NA,1.033,1.01,364.809,NA,76.643,NA,2376.889,0.13775283192984,NA,NA,NA,0,2,NA,NA,100,0,0,100,0,0,0,0,0,0,0,0,0,1,3,"A",1,0,0,0,1,750,0,750,1,"Occurs on large land bridge islands",0,0,"Australasian",1,1,0,0,0,0,0,0,1,0,0,0,0,1,0,0,0,0,1,0,0,0,0,0,0,0,0,0,0,0,0,0,0,0,"Hipposideros muscinus","Doryrhina muscinus",1,0,NA,NA,NA,NA,NA,NA,NA,NA,NA,NA,2.352319865,3.079789612,3.51627146,-71.27906815,9.257304681,17.98064401,29.1883951,-3.097063373,0.686475785,-3.57019267,-7.970185756,-8.877744655,4.590817026,-1.479651272,1.261803735,-1.868479621,8.120208579,-0.324399907,-1.192697143,-14.52993683
4646,"Chiroptera","Hipposideridae","Hipposideros nequam",14.09,0.424,71.016,45.5,4821.583,NA,583.821,0.121084921694804,NA,718.979,102.834,NA,1.067,1.018,363.28,NA,65.331,NA,2159.498,0.14911679421468,NA,NA,NA,0,2,NA,NA,100,0,0,100,0,0,0,0,0,0,0,0,0,1,3,"A",1,0,0,0,1,NA,NA,NA,NA,"Occurs on mainland",NA,NA,"Indomalayan",NA,1,0,0,0,0,1,0,0,0,0,0,0,0,1,0,0,0,1,0,0,0,0,0,0,1,0,0,0,0,0,0,0,0,"Hipposideros nequam","Hipposideros nequam",0,0,NA,NA,NA,NA,NA,NA,NA,NA,NA,NA,NA,NA,NA,-72.95283486,9.244305628,15.26469927,22.63501776,-1.483234985,7.394772171,-11.66147773,-10.43187036,-5.892831356,-0.583799958,10.01335338,8.033679841,-4.548424572,9.765408019,-0.231660811,-0.73022749,-5.621467761
4647,"Chiroptera","Hipposideridae","Hipposideros nicobarulae",8.39,0.24,64.024,43.79,4534.378,587.78,587.78,0.129627481431852,NA,629.88,42.1,NA,0.99,1.34,324.841,1.2,62.719,NA,1943.533,0.138912106577793,0.189740166865316,NA,NA,0,2,NA,NA,100,0,0,100,0,0,0,0,0,0,0,0,0,1,3,"A",1,0,0,0,1,NA,NA,NA,NA,NA,NA,NA,NA,2,1,0,0,0,0,NA,NA,NA,NA,0,0,0,0,0,0,0,0,1,0,0,0,0,0,1,0,0,0,0,0,0,0,0,0,"Hipposideros bicolor","Hipposideros nicobarulae",1,0,NA,NA,NA,NA,NA,NA,NA,NA,NA,NA,NA,NA,NA,-74.53419569,8.929874572,11.12890457,13.51860441,0.278313139,11.60339939,-15.7153025,-9.693306365,-2.327420365,-3.699605238,12.87051583,8.497434203,-2.577631767,0.018957294,-0.214765536,0.78609293,7.847539837
4648,"Chiroptera","Hipposideridae","Hipposideros obscurus",9.6,0.279,64.381,42.5,5074.729,NA,592.766,0.116807419667139,NA,712.061,108.36,NA,1.022,1.01,364.016,NA,64.578,NA,2151.352,0.140315078893868,NA,NA,NA,1,2,NA,NA,100,0,0,100,0,0,0,0,0,0,0,0,0,1,3,"A",1,0,0,0,1,1100,0,1100,1,"Occurs only on isolated islands",1,0,"Indomalayan",2,1,0,0,0,0,0,0,0,1,0,0,0,0,1,0,0,0,1,0,0,0,0,0,1,0,0,0,0,0,0,0,0,0,"Hipposideros obscurus","Hipposideros obscurus",1,0,NA,NA,42.5,NA,NA,NA,0,0,0,1,1.388683911,2.087531651,2.357991309,-74.5316044,8.92528349,11.08978804,13.4350928,0.297138892,11.63826272,-15.73592194,-9.641550577,-2.248236516,-3.732711004,12.76340039,8.369827313,-2.408578433,-0.282565175,-0.207784583,0.802352903,7.986680096
4649,"Chiroptera","Hipposideridae","Hipposideros orbiculus",9.8,0.286,62.967,NA,5174.436,NA,590.938,0.114203364385993,NA,709.066,98.875,NA,1.032,1.026,364.011,NA,64.742,NA,2171.843,0.137032519099666,NA,NA,NA,0,2,NA,NA,100,0,0,NA,NA,NA,NA,NA,NA,NA,NA,NA,NA,1,3,"A",1,0,0,0,1,NA,NA,NA,NA,"Occurs on mainland",NA,NA,"Indomalayan",1,1,0,0,0,0,1,0,0,0,0,0,0,0,1,0,0,0,1,0,0,0,0,0,0,0,0,0,0,0,0,0,0,0,"Hipposideros orbiculus","Hipposideros orbiculus",1,0,NA,NA,NA,NA,NA,NA,NA,NA,NA,NA,NA,NA,NA,-73.0430306,9.243104473,15.14540658,22.35386403,-1.425173367,7.574961411,-11.8581705,-10.4671357,-5.814983696,-0.684019493,10.20317449,8.134846925,-4.601735782,9.55032814,-0.235034725,-0.676530845,-5.156667558
4650,"Chiroptera","Hipposideridae","Hipposideros papua",18.99,0.444,69.433,50.49,5313.445,NA,601.539,0.113210732396778,NA,731.301,101.953,NA,1.061,1.002,363.732,NA,67.817,NA,2273.757,0.137632176488135,NA,NA,NA,1,2,NA,NA,100,0,0,100,0,0,0,0,0,0,0,0,0,1,3,"A",1,0,0,0,1,NA,NA,NA,1,"Occurs only on isolated islands",0,0,"Australasian",2,1,0,0,0,0,0,0,0,1,0,0,0,1,0,0,0,0,1,0,0,0,0,0,1,0,0,0,0,0,0,0,0,0,"Hipposideros papua","Hipposideros papua",1,0,NA,NA,NA,NA,NA,NA,NA,NA,NA,NA,1.597583875,1.597583875,1.597583875,-74.5131623,8.913478468,11.00739407,13.26317863,0.335993075,11.71851733,-15.7972194,-9.559588339,-2.09934534,-3.803224357,12.58914152,8.145006295,-2.126798097,-0.608862643,-0.186231333,0.797561997,8.139198714
4651,"Chiroptera","Hipposideridae","Hipposideros pelingensis",116.08,1.219,126.6,NA,4996.902,NA,608.663,0.121808072281586,NA,767.529,156.153,NA,1.022,1.009,359.875,NA,100.063,NA,2313.595,0.153600971161732,NA,NA,NA,0,2,NA,NA,100,0,0,NA,NA,NA,NA,NA,NA,NA,NA,NA,NA,1,3,"A",1,0,0,0,1,1000,0,1000,NA,"Occurs only on isolated islands",NA,NA,"Australasian",2,1,0,0,0,0,0,0,0,1,0,0,0,1,0,0,0,0,1,0,0,1,0,0,1,0,0,0,0,0,0,1,0,0,"Hipposideros pelingensis","Hipposideros pelingensis",0,0,NA,NA,NA,NA,NA,NA,NA,NA,NA,NA,NA,NA,NA,-72.63519995,9.23635035,15.64056406,23.55173585,-1.689219307,6.747910971,-10.98856995,-10.4429108,-6.348649219,-0.175768345,9.456859947,7.849347304,-4.246790605,10.30547265,-0.268024836,-0.856506557,-7.243089331
6762,"Chiroptera","Hipposideridae","Hipposideros pendlebury",33.31,0.599,75.343,73.49,5250.946,NA,592.461,0.112829383505372,NA,726.071,108.307,NA,1,1.055,356.052,3,68.986,NA,2242.258,0.138274322379244,0.0950165115580906,NA,NA,1,2,NA,NA,100,0,0,100,0,0,0,0,0,0,0,0,0,1,3,"A",1,0,0,0,1,NA,NA,NA,NA,NA,NA,NA,NA,2,1,0,0,0,0,NA,NA,NA,NA,0,0,0,0,0,0,0,0,0,0,0,0,0,0,0,0,0,0,0,0,0,0,0,0,"Hipposideros turpis","Hipposideros pendlebury",0,0,NA,NA,NA,NA,NA,NA,NA,NA,NA,NA,NA,NA,NA,-71.63575732,9.249124269,17.25558888,27.42606226,-2.620805991,3.058699787,-6.616787817,-9.241747632,-8.049180802,2.562286895,3.615544449,4.4958693,-2.899888271,10.53446977,-0.317669163,-1.286069907,-13.53693611
4653,"Chiroptera","Hipposideridae","Hipposideros pomona",9.248,0.233,64.572,41.245,4576.005,587.78,587.78,0.128448286223463,NA,629.88,42.1,NA,0.99,1.205,340.312,1.2,61.512,NA,1978.889,0.137648450996011,0.15479455017301,NA,NA,1,2,NA,NA,100,0,0,100,0,0,0,0,0,0,0,0,0,1,3,"A",1,0,0,0,1,1900,0,1900,0,"Occurs on mainland",1,0,"Indomalayan",1,1,0,0,0,0,1,0,0,0,0,0,0,0,1,0,0,0,1,0,0,1,0,0,1,0,0,0,0,0,0,1,0,0,"Hipposideros pomona","Hipposideros pomona",1,0,28.85629918,4.799999996,40.49999998,NA,NA,NA,NA,NA,NA,NA,0.43729144,1.575714263,2.153483741,-74.573542,8.964160928,11.33103446,13.92450111,0.201452666,11.43668725,-15.5539024,-9.734851268,-2.486453009,-3.573586095,12.94717372,8.658825796,-3.005879857,0.86806136,-0.218168998,0.698322244,7.082262885
6763,"Chiroptera","Hipposideridae","Hipposideros pratti",84.38,1.07,119.04,84.99,5136.522,NA,627.816,0.122225895265318,NA,769.047,144.843,NA,1.04,1.008,361.023,NA,96.004,NA,2358.233,0.149721348414355,NA,NA,NA,0,2,NA,NA,100,0,0,100,0,0,0,0,0,0,0,0,0,1,3,"A",1,0,0,0,1,2000,100,1900,0,"Occurs on mainland",1,0,"Indomalayan, Palearctic",1,1,0,0,0,0,1,0,0,0,1,0,0,0,1,0,0,0,0,0,0,0,0,0,1,0,0,0,0,0,0,0,0,0,"Hipposideros pratti","Hipposideros pratti",0,0,NA,NA,84.98999995,NA,NA,NA,NA,NA,NA,NA,1.085719444,1.821596409,2.189534891,-72.00507471,9.244717823,16.63016937,25.9175544,-2.244708281,4.660544676,-8.565107923,-9.865705522,-7.358198245,1.307239388,6.471726407,6.206490715,-3.562945483,10.92538782,-0.300007754,-1.16190177,-11.2921461
4654,"Chiroptera","Hipposideridae","Hipposideros pygmaeus",3.53,0.235,59.162,38,5296.002,NA,578.455,0.109224845458895,NA,701.999,107.78,NA,1.065,1.05,363.058,NA,66.79,NA,2202.265,0.132552631211242,NA,NA,NA,0,2,NA,NA,100,0,0,100,0,0,0,0,0,0,0,0,0,1,3,"A",1,0,0,0,1,200,0,200,1,"Occurs only on isolated islands",0,0,"Indomalayan",2,1,0,0,0,0,0,0,0,1,0,0,0,0,1,0,0,0,1,0,0,0,0,0,1,0,0,0,0,0,0,0,0,0,"Hipposideros pygmaeus","Hipposideros pygmaeus",1,0,NA,NA,38.00000003,NA,NA,NA,NA,NA,NA,NA,1.121438531,2.003936332,2.342797097,-73.87024847,9.165905673,13.56437612,18.76141683,-0.696855424,9.668056174,-14.08280353,-10.6134026,-4.504396139,-2.119025325,12.3500582,9.066549571,-4.711369063,7.263879808,-0.209428679,-0.18848843,-0.01744474
4655,"Chiroptera","Hipposideridae","Hipposideros ridleyi",9.59,0.269,64.721,46.89,3820.277,NA,430.156,0.112598117885169,NA,516.147,101.356,NA,0.98,2,286.554,NA,64.205,NA,1747.123,0.135107218665034,NA,NA,NA,0,2,NA,NA,100,0,0,100,0,0,0,0,0,0,0,0,0,1,3,"A",1,0,0,0,1,500,0,500,1,"Occurs on mainland",1,0,"Indomalayan",1,1,0,0,0,0,1,0,0,0,0,0,0,0,1,0,0,0,1,0,0,0,0,0,0,0,0,0,0,0,0,0,0,0,"Hipposideros ridleyi","Hipposideros ridleyi",1,0,17.31686761,7.008625667,46.89000003,NA,NA,NA,NA,NA,NA,NA,1.791135395,2.552653805,2.590137527,-74.49939518,9.060147871,12.07039848,15.45887671,-0.069054204,11.01035649,-15.25204573,-10.06178544,-3.047862222,-3.233514703,13.23352861,9.127342218,-4.116295818,3.615109393,-0.200521425,0.372747055,4.706275985
4656,"Chiroptera","Hipposideridae","Hipposideros rotalis",9.3,0.333,63.564,NA,5116.945,NA,594.916,0.116263903559644,NA,708.644,90.766,NA,1.03,1.025,364.131,NA,62.332,NA,2196.149,0.138489665220166,NA,NA,NA,0,2,NA,NA,100,0,0,NA,NA,NA,NA,NA,NA,NA,NA,NA,NA,1,3,"A",1,0,0,0,1,NA,NA,NA,NA,"Occurs on mainland",NA,NA,"Indomalayan",1,1,0,0,0,0,1,0,0,0,0,0,0,0,1,0,0,0,1,0,0,0,0,0,0,0,0,0,0,0,0,0,0,0,"Hipposideros rotalis","Hipposideros rotalis",0,0,NA,NA,NA,NA,NA,NA,NA,NA,NA,NA,1.481988099,1.612477431,1.756313354,-74.57779815,8.994689817,11.53770097,14.34527709,0.127544672,11.34388173,-15.51294434,-9.8819612,-2.697447078,-3.456367151,13.08037978,8.853785592,-3.419872453,1.808114628,-0.216431412,0.594703448,6.278922254
4657,"Chiroptera","Hipposideridae","Hipposideros ruber",10.035,0.265,54.99,49.55,5670.861,656.14,581.78,0.10259112328798,730.5,688.32,106.54,NA,1,1,364.196,2.79,91.32,NA,2223.306,0.121378393862943,0.278026905829596,NA,NA,0,2,NA,NA,100,0,0,100,0,0,0,0,0,0,0,0,0,1,3,"A",1,0,0,0,1,2300,0,2300,NA,"Occurs on mainland",NA,NA,"Afrotropical",2,1,0,0,0,0,1,0,0,0,0,1,0,0,0,0,0,0,1,1,0,0,0,0,1,0,0,0,0,0,0,0,0,0,"Hipposideros ruber","Hipposideros ruber",1,0,35.43480964,6.542857143,54.25000006,624.9999995,NA,1,1,0,0,0,0.245779787,1.191921358,1.683873151,-74.26470932,9.108294181,12.64484867,16.70398689,-0.285386934,10.65963471,-15.00337522,-10.30031005,-3.472213634,-2.947817133,13.09826289,9.165988202,-4.451356693,5.079603954,-0.173330466,0.147313703,3.179674172
4658,"Chiroptera","Hipposideridae","Hipposideros scutinares",40,0.676,83.784,NA,5127.648,NA,593.528,0.115750535138137,NA,741.826,119.464,NA,1.035,1.006,362.672,NA,74.387,NA,2249.981,0.144671787142955,NA,NA,NA,0,2,NA,NA,100,0,0,NA,NA,NA,NA,NA,NA,NA,NA,NA,NA,1,3,"A",1,0,0,0,1,NA,NA,NA,NA,"Occurs on mainland",NA,NA,"Indomalayan",2,1,0,0,0,0,1,0,0,0,0,0,0,0,1,0,0,0,1,0,0,0,0,0,1,0,0,0,0,0,0,0,0,0,"Hipposideros scutinares","Hipposideros scutinares",1,0,NA,NA,NA,NA,NA,NA,NA,NA,NA,NA,1.554759071,1.554759071,1.554759071,-71.75206667,9.250864379,17.06447598,26.95420728,-2.494228,3.644643019,-7.341269341,-9.470344772,-7.752554922,2.04098045,4.760688347,5.164947278,-3.109978617,10.81400312,-0.303261689,-1.266813426,-12.75667077
6764,"Chiroptera","Hipposideridae","Hipposideros semoni",14,0.417,71.807,45.5,5098.5,NA,653.492,0.128173384328724,NA,761.302,105.948,NA,1.033,1.003,364.249,NA,72.285,NA,2372.5,0.149318819260567,NA,NA,NA,1,2,NA,NA,100,0,0,100,0,0,0,0,0,0,0,0,0,1,3,"A",1,0,0,0,1,1400,0,1400,0,"Occurs on mainland",0,0,"Australasian",3,1,0,0,0,0,1,0,0,0,0,0,0,1,0,0,0,0,1,1,0,0,0,0,1,0,0,0,0,0,0,0,0,0,"Hipposideros semoni","Doryrhina semoni",1,0,NA,NA,NA,NA,NA,NA,NA,NA,NA,NA,0.353699589,1.045722661,1.473994297,-74.20890757,9.126173128,12.86932477,17.20061044,-0.391199558,10.39497619,-14.75920582,-10.40696823,-3.790232424,-2.69419666,12.90400401,9.168804397,-4.613232473,5.773721954,-0.188291971,0.056057547,2.248953326
4659,"Chiroptera","Hipposideridae","Hipposideros sorenseni",20.2,0.417,68.359,NA,5426.651,NA,602.043,0.110941905053411,NA,732.224,105.15,NA,1.026,1.002,364.019,NA,69.075,NA,2309.368,0.13493110207382,NA,NA,NA,NA,2,NA,NA,100,0,0,NA,NA,NA,NA,NA,NA,NA,NA,NA,NA,1,3,"A",1,0,0,0,1,1000,0,1000,NA,"Occurs on large land bridge islands",NA,NA,"Indomalayan",2,1,0,0,0,0,0,0,1,0,0,0,0,0,1,0,0,0,1,0,0,1,0,0,1,0,0,0,0,0,0,1,0,0,"Hipposideros sorenseni","Hipposideros sorenseni",0,0,NA,NA,NA,NA,NA,NA,NA,NA,NA,NA,NA,NA,NA,-74.0774626,9.153661334,13.20603322,17.93689419,-0.527464282,10.08627864,-14.46458776,-10.46577412,-4.057998061,-2.460291808,12.68721976,9.128989322,-4.743619148,6.472553358,-0.191845448,-0.055048646,1.262396647
4660,"Chiroptera","Hipposideridae","Hipposideros speoris",10.39,0.284,62.45,51.49,3345.842,271.84,271.84,0.0812471120871816,NA,443.57,139.13,NA,0.995,1,351.775,2.1,48.38,6.31,1477.897,0.132573504666389,0.201106833493744,NA,NA,1,2,NA,NA,100,0,0,100,0,0,0,0,0,0,0,0,0,1,3,"A",1,0,0,0,1,1385,0,1385,NA,"Occurs on mainland",NA,NA,"Indomalayan",5,1,0,0,0,0,1,0,0,0,0,0,0,0,1,0,0,0,1,0,1,1,0,1,1,0,0,0,0,0,0,1,0,0,"Hipposideros speoris","Hipposideros speoris",1,0,40.01834386,6.500000005,51.49000002,NA,NA,NA,0,0,0,1,0.292697183,0.965952885,1.034506458,-74.58318057,9.020752974,11.71719627,14.71343063,0.059817784,11.22035397,-15.41073966,-9.948478211,-2.842792325,-3.356783175,13.13265701,8.967638101,-3.71028398,2.432596817,-0.217286702,0.525028685,5.660523063
6765,"Chiroptera","Hipposideridae","Hipposideros stenotis",12,0.386,70.413,43.5,5205.464,NA,649.497,0.124772162481577,NA,753.484,107.155,NA,1.02,1.004,364.212,NA,71.576,NA,2313.755,0.144748671780268,NA,NA,NA,1,2,NA,NA,100,0,0,100,0,0,0,0,0,0,0,0,0,1,3,"A",1,0,0,0,1,NA,NA,NA,0,"Occurs on mainland",0,0,"Australasian",3,1,0,0,0,0,1,0,0,0,0,0,0,1,0,0,0,0,0,1,0,0,0,1,1,0,0,0,0,0,0,0,0,0,"Hipposideros stenotis","Doryrhina stenotis",0,0,NA,NA,NA,NA,NA,NA,NA,NA,NA,NA,NA,NA,NA,-72.43070954,9.243766553,15.99818989,24.39638624,-1.885239444,6.034421791,-10.17005434,-10.28376535,-6.746790401,0.360363763,8.473354355,7.345478642,-4.097572199,10.61960066,-0.285035757,-0.96688534,-8.786014574
4661,"Chiroptera","Hipposideridae","Hipposideros sumbae",19.95,0.44,68.266,NA,5255.211,NA,612.761,0.11660064648213,NA,732.253,103.444,NA,0.98,1.039,364.11,3.75,70.499,NA,2274.629,0.139338458531922,0.191394736842105,NA,NA,0,2,NA,NA,100,0,0,NA,NA,NA,NA,NA,NA,NA,NA,NA,NA,1,3,"A",1,0,0,0,1,1000,0,1000,NA,"Occurs only on isolated islands",NA,NA,"Australasian",1,1,0,0,0,0,0,0,0,1,0,0,0,1,0,0,0,0,0,0,0,0,0,0,1,0,0,0,0,0,0,0,0,0,"Hipposideros sumbae","Hipposideros sumbae",0,0,NA,NA,NA,NA,NA,NA,NA,NA,NA,NA,NA,NA,NA,-72.16324282,9.243520792,16.38075877,25.31757722,-2.100306296,5.225464428,-9.228742102,-10.02952595,-7.071158958,0.874546683,7.376693797,6.718311178,-3.791421159,10.88333205,-0.289470253,-1.092959045,-10.26690578
4663,"Chiroptera","Hipposideridae","Hipposideros tephrus",9.46,0.32,54.99,46.5,5731.148,581.78,581.78,0.101511948391492,730.5,730,114.15,NA,0.995,1,364.062,2.79,91.32,NA,2285.13,0.127374131674841,0.293451374207188,NA,NA,0,2,NA,NA,100,0,0,100,0,0,0,0,0,0,0,0,0,1,3,"A",1,0,0,0,1,NA,NA,NA,NA,NA,NA,NA,"Afrotropical, Palearctic",2,1,0,0,0,0,NA,NA,NA,NA,1,1,0,0,0,0,0,0,1,1,0,0,0,0,0,0,0,0,0,0,0,0,0,0,"Hipposideros caffer","Hipposideros tephrus",0,0,NA,NA,NA,NA,NA,NA,NA,NA,NA,NA,0.540145153,1.074567544,1.119623698,-74.19054728,9.134053318,12.96945501,17.42459149,-0.443279789,10.22764221,-14.57749042,-10.3981099,-3.900276903,-2.590375273,12.83809642,9.191583131,-4.70872594,6.017959006,-0.199786925,0.033967931,1.914701787
4664,"Chiroptera","Hipposideridae","Hipposideros turpis",33.31,0.599,75.422,73.49,5310.76,NA,598.928,0.112776325798944,NA,732.445,106.006,NA,1,1.054,355.999,3,69.802,NA,2258.999,0.137917171930195,0.0949264485139598,NA,NA,1,2,NA,NA,100,0,0,100,0,0,0,0,0,0,0,0,0,1,3,"A",1,0,0,0,1,NA,NA,NA,0,"Occurs on mainland",0,0,NA,3,1,0,0,0,0,1,0,0,0,0,0,0,0,0,0,0,0,1,0,0,0,1,0,1,0,0,0,0,0,0,0,0,0,"Hipposideros turpis","Hipposideros turpis",1,0,NA,NA,68.69999999,NA,NA,NA,1,0,0,0,NA,NA,NA,-71.63575732,9.249124269,17.25558888,27.42606226,-2.620805991,3.058699787,-6.616787817,-9.241747632,-8.049180802,2.562286895,3.615544449,4.4958693,-2.899888271,10.53446977,-0.317669163,-1.286069907,-13.53693611
6766,"Chiroptera","Hipposideridae","Hipposideros wollastoni",6.93,0.282,63.853,42.5,5446.163,NA,617.766,0.113431419514987,NA,732.567,105.587,NA,1.039,1.002,364.231,NA,63.501,NA,2302.463,0.134510663746201,NA,NA,NA,1,2,NA,NA,100,0,0,100,0,0,0,0,0,0,0,0,0,1,3,"A",1,0,0,0,1,2440,30,2410,1,"Occurs on large land bridge islands",1,0,"Australasian",2,1,0,0,0,0,0,0,1,0,0,0,0,1,0,0,0,0,1,0,0,0,0,0,1,0,0,0,0,0,0,0,0,0,"Hipposideros wollastoni","Doryrhina wollastoni",1,0,NA,NA,NA,NA,NA,NA,NA,NA,NA,NA,NA,NA,NA,-74.15716664,9.13525587,13.01606681,17.53142125,-0.46296418,10.19412278,-14.55655789,-10.42760685,-3.947019761,-2.560370357,12.80943927,9.181676417,-4.716524605,6.178322223,-0.195373387,0.005611435,1.753112967
5579,"Chiroptera","Vespertilionidae","Histiotus alienus",10.42,0.231,70.027,NA,6039.407,NA,402.654,0.0666711152270413,NA,461.57,75.01,NA,1.476,1.009,364.622,NA,41.103,NA,1986.795,0.0764263776228361,NA,NA,NA,1,2,NA,NA,100,0,0,100,0,0,0,0,0,0,0,0,0,1,3,"A",1,0,0,0,1,NA,NA,NA,NA,"Occurs on mainland",NA,NA,"Neotropical",NA,1,0,0,0,0,1,0,0,0,0,0,0,0,0,0,1,0,1,0,0,0,0,0,0,1,0,0,0,0,0,0,0,0,"Histiotus alienus","Histiotus alienus",0,0,NA,NA,NA,NA,NA,NA,NA,NA,NA,NA,NA,NA,NA,33.03133965,36.75657868,-29.91227413,14.55132935,11.0210325,-2.32450083,-3.059922356,3.07357537,-3.54793886,-3.437926353,-0.375937688,-0.63827663,-0.34260626,-0.32183299,-4.922265655,0.117506815,-1.532609758
5581,"Chiroptera","Vespertilionidae","Histiotus humboldti",10.5,0.223,68.472,NA,5779.09,NA,393.311,0.0680576007641341,NA,456.649,76.249,NA,1.508,1.013,364.602,NA,41.197,NA,1962.598,0.079017457765842,NA,NA,NA,1,2,NA,NA,100,0,0,100,0,0,0,0,0,0,0,0,0,1,3,"A",1,0,0,0,1,2600,1500,1100,NA,"Occurs on mainland",NA,NA,"Neotropical",1,1,0,0,0,0,1,0,0,0,0,0,0,0,0,0,1,0,1,0,0,0,0,0,0,0,0,0,0,0,0,0,0,0,"Histiotus humboldti","Histiotus humboldti",1,0,NA,NA,NA,NA,NA,NA,NA,NA,NA,NA,1.013902419,2.029507353,2.537309819,32.98710776,36.86478814,-30.04034673,14.65802278,11.00793554,-2.395061793,-3.198996899,3.093634553,-3.625082233,-3.908980822,-0.749601847,-0.382193944,-0.319213704,-0.351441033,-4.718521982,0.155004308,-1.629310301
5582,"Chiroptera","Vespertilionidae","Histiotus laephotis",9.95,0.398,114.5,NA,6741.518,NA,538.557,0.079886607141003,NA,649.556,100.035,NA,0.98,1.026,363.881,NA,54.889,NA,2303.054,0.0963515932168393,NA,NA,NA,1,2,NA,NA,100,0,0,100,0,0,0,0,0,0,0,0,0,1,3,"A",1,0,0,0,1,NA,NA,NA,NA,"Occurs on mainland",NA,NA,"Neotropical",1,1,0,0,0,0,1,0,0,0,0,0,0,0,0,0,1,0,1,0,0,0,0,0,0,0,0,0,0,0,0,0,0,0,"Histiotus laephotis","Histiotus laephotis",1,0,NA,NA,NA,NA,NA,NA,NA,NA,NA,NA,NA,NA,NA,33.06300323,36.65909418,-29.75111572,14.36095152,10.88425364,-2.217145532,-2.740986683,2.773024024,-3.098217791,-2.183422608,0.631642962,-1.472454223,-0.395858673,-0.33233851,-5.381378778,-0.07021862,-1.436725026
5583,"Chiroptera","Vespertilionidae","Histiotus macrotus",9.95,0.43,114.5,48.5,6536.944,NA,533.657,0.0816370768970944,NA,659.83,102.461,NA,0.98,1.026,363.661,NA,59.327,NA,2300.419,0.100938603726757,NA,NA,NA,1,2,NA,NA,100,0,0,100,0,0,0,0,0,0,0,0,0,1,3,"A",1,0,0,0,1,3600,240,3360,0,"Occurs on mainland",1,0,"Neotropical",2,1,0,0,0,0,1,0,0,0,0,0,0,0,0,0,1,0,1,0,0,1,0,0,1,0,0,0,0,0,0,1,0,0,"Histiotus macrotus","Histiotus macrotus",0,0,33.58304418,6.78,48.50000004,NA,NA,NA,NA,NA,NA,NA,0.06160331,0.323372921,0.40768468,33.06458651,36.66062911,-29.74356258,14.35336137,10.86992537,-2.185454328,-2.681966212,2.687763367,-2.951474039,-1.765468364,1.014210528,-1.843129617,-0.367964937,-0.340584982,-5.594161403,-0.135251839,-1.407959738
5584,"Chiroptera","Vespertilionidae","Histiotus magellanicus",14.02,0.362,108.25,NA,5266.729,NA,378.533,0.0718725037874552,NA,446.317,87.568,NA,1.565,1.018,363.594,NA,43.936,NA,1852.169,0.0847427312094471,NA,NA,NA,1,2,NA,NA,100,0,0,100,0,0,0,0,0,0,0,0,0,1,3,"A",1,0,0,0,1,1200,500,700,NA,"Occurs on mainland",NA,NA,"Neotropical",1,1,0,0,0,0,1,0,0,0,0,0,0,0,0,0,1,0,1,0,0,0,0,0,0,0,0,0,0,0,0,0,0,0,"Histiotus magellanicus","Histiotus magellanicus",1,0,NA,NA,NA,NA,NA,NA,NA,NA,NA,NA,NA,NA,NA,33.06593734,36.66623707,-29.75895475,14.36361992,10.88563702,-2.206697196,-2.719167477,2.739825794,-3.037532474,-1.999470812,0.803330526,-1.639685364,-0.384794552,-0.335664724,-5.479287999,-0.10138642,-1.420419323
5585,"Chiroptera","Vespertilionidae","Histiotus montanus",15.94,0.399,68,47.5,5921.125,NA,400.271,0.0676004982161329,NA,447.193,76.481,NA,1.474,1.014,363.806,NA,50.797,NA,1899.883,0.0755250058054846,NA,NA,NA,1,2,NA,NA,100,0,0,100,0,0,0,0,0,0,0,0,0,1,3,"A",1,0,0,0,1,4120,0,4120,0,"Occurs on mainland",1,0,"Neotropical",2,1,0,0,0,0,1,0,0,0,0,0,0,0,0,0,1,0,1,0,0,1,0,0,1,0,0,0,0,0,0,1,0,0,"Histiotus montanus","Histiotus montanus",1,0,35.27167306,6.6,47.5,NA,NA,NA,NA,NA,NA,NA,0.000375009,1.084873962,1.563660768,33.06724533,36.75427219,-29.838292,14.49179866,10.99366148,-2.279357256,-2.971218817,2.993121103,-3.409637928,-3.003661668,-0.015900389,-0.94397697,-0.331469432,-0.328466989,-5.08969841,0.024483397,-1.497429077
5586,"Chiroptera","Vespertilionidae","Histiotus velatus",11.26,0.237,69.33,47,6477.336,NA,415.668,0.0641726783974152,NA,477.158,74.507,NA,1.455,1,364.779,NA,42.541,NA,2064.195,0.073665778647271,NA,NA,NA,1,2,NA,NA,100,0,0,100,0,0,0,0,0,0,0,0,0,1,3,"A",1,0,0,0,1,NA,NA,NA,0,"Occurs on mainland",1,0,"Neotropical",1,1,0,0,0,0,1,0,0,0,0,0,0,0,0,0,1,0,1,0,0,1,0,0,0,0,0,0,0,0,0,1,0,0,"Histiotus velatus","Histiotus velatus",1,0,NA,NA,NA,NA,NA,NA,NA,NA,NA,NA,0.942994487,1.142462559,1.462317904,33.06887105,36.72628558,-29.79473514,14.43901405,10.94448107,-2.250791391,-2.879913579,2.89709776,-3.264533817,-2.613975374,0.303458464,-1.217131173,-0.343552032,-0.334335038,-5.245753308,-0.038121351,-1.470478427
4929,"Chiroptera","Phyllostomidae","Hylonycteris underwoodi",7.5,0.435,59.92,34,4752.69,NA,457.352,0.096230134934111,NA,570.651,118.58,NA,1,1,342.834,1.19,63.804,NA,2044.405,0.120069055629549,0.158666666666667,NA,NA,0,2,NA,NA,10,0,90,10,0,0,0,0,0,40,50,0,0,2,1,"Ar",1,0,0,0,1,2640,50,2590,0,"Occurs on mainland",1,0,"Neotropical",2,0,1,0,0,0,1,0,0,0,0,0,0,0,0,0,1,0,1,0,0,0,0,0,1,0,0,0,0,0,0,0,0,0,"Hylonycteris underwoodi","Hylonycteris underwoodi",1,0,NA,NA,34,4.999999996,NA,NA,0,0,0,1,0.806512399,2.17742655,2.786083221,18.42927486,-47.24600069,-19.86281607,9.50917727,-23.88306518,-14.48594471,-7.452232383,-13.97132594,6.405118507,-9.243737577,0.971655142,-7.04596293,-4.71532648,-3.335349812,1.229660647,-0.6434763,-0.54366054
4554,"Chiroptera","Pteropodidae","Hypsignathus monstrosus",336.97,3.35,265.24,127.5,4462.125,227.99,227.99,0.0510944897330308,NA,353.13,125.14,NA,1.4,2,240.491,39.3,97.458,163.92,1630.362,0.0791394234809648,0.326557260290233,NA,NA,0,2,NA,NA,0,10,90,0,10,0,0,0,0,90,0,0,0,1,1,"Ar",1,0,0,0,1,1800,NA,NA,0,"Occurs on mainland",0,0,"Afrotropical",2,0,1,0,0,0,1,0,0,0,0,1,0,0,0,0,0,0,1,1,0,0,0,0,0,0,0,0,0,0,0,0,0,0,"Hypsignathus monstrosus","Hypsignathus monstrosus",1,1,48.20558231,6.700000005,117.325,NA,0,NA,0,0,1,0,0.653066915,1.429027692,1.871984611,-55.10002611,-9.15202893,-24.66382541,-38.83561895,-1.677568592,-17.18991599,19.43955612,-0.734201194,-12.90780346,6.749134937,5.504662473,11.58965729,-2.420483186,-12.54769331,-1.986235604,2.605343726,-6.957364582
5738,"Chiroptera","Vespertilionidae","Hypsugo affinis",10.23,1.593,89.544,NA,5521.71,NA,444.71,0.0805384563839825,NA,503.908,100.969,NA,1.42,0.984,366.87,NA,59.633,NA,2075.27,0.0912594105811424,NA,NA,NA,1,2,NA,NA,100,0,0,100,0,0,0,0,0,0,0,0,0,1,3,"A",1,0,0,0,1,2000,0,2000,NA,"Occurs on mainland",NA,NA,"Indomalayan",1,1,0,0,0,0,1,0,0,0,0,0,0,0,1,0,0,0,1,0,0,1,0,0,0,0,0,0,0,0,0,1,0,0,"Falsistrellus affinis","Hypsugo affinis",1,0,NA,NA,NA,NA,NA,NA,NA,NA,NA,NA,NA,NA,NA,33.08805036,35.85581879,-28.19941165,12.97073284,9.37828793,-0.802215411,-0.077515711,-0.384044563,1.767459266,9.113457362,9.158451973,-8.936004088,0.030354124,-0.129987572,-6.318752382,-1.339208368,0.134775964
5739,"Chiroptera","Vespertilionidae","Hypsugo alaschanicus",8.2,0.161,48,NA,456.25,NA,264.118,0.578888767123288,NA,357.496,83.674,NA,1.701,1.057,356.616,NA,45.099,NA,1490.839,0.783552876712329,NA,NA,NA,1,2,NA,NA,100,0,0,NA,NA,NA,NA,NA,NA,NA,NA,NA,NA,1,3,"A",1,0,0,0,1,NA,NA,NA,NA,"Occurs on mainland",NA,NA,"Palearctic",2,1,0,0,0,0,1,0,0,0,1,0,0,0,0,0,0,0,1,0,0,0,0,0,1,0,0,0,0,0,0,0,0,0,"Pipistrellus alaschanicus","Hypsugo alaschanicus",1,0,NA,NA,NA,12,NA,NA,0,0,0,1,NA,NA,NA,33.14947515,36.12800529,-28.7547225,13.3554754,9.904878257,-1.315557615,-0.877357594,0.654713139,0.221113899,5.982264668,6.958850623,-7.059910781,-0.274591017,-0.177240643,-7.115626271,-1.163561927,-0.43141364
6771,"Chiroptera","Vespertilionidae","Hypsugo anthonyi",8.41,0.186,61.374,38,3777.106,NA,334.928,0.0886731799425274,NA,384.81,72.156,NA,1.673,1.225,351.139,NA,44.678,NA,1704.06,0.101879587176002,NA,NA,NA,1,2,NA,NA,100,0,0,100,0,0,0,0,0,0,0,0,0,1,3,"A",1,0,0,0,1,NA,NA,NA,NA,"Occurs on mainland",NA,NA,"Indomalayan",1,1,0,0,0,0,1,0,0,0,0,0,0,0,1,0,0,0,1,0,0,0,0,0,0,0,0,0,0,0,0,0,0,0,"Pipistrellus anthonyi","Mirostrellus joffrei",0,0,NA,NA,NA,NA,NA,NA,NA,NA,NA,NA,NA,NA,NA,33.11612985,35.94060588,-28.35669404,13.05920914,9.499472928,-0.892485523,-0.2109961,-0.202732121,1.501948105,8.615694663,8.829375183,-8.67294833,-0.03728335,-0.131980464,-6.574697732,-1.335693702,0.0292122
5740,"Chiroptera","Vespertilionidae","Hypsugo arabicus",3.17,0.128,59.475,30.5,1162.732,NA,206.951,0.177986844775924,NA,308.34,74.451,NA,1.97,1.549,321.674,NA,43.749,NA,1319.732,0.265185786578506,NA,NA,NA,1,2,NA,NA,100,0,0,100,0,0,0,0,0,0,0,0,0,1,3,"A",1,0,0,0,1,NA,NA,NA,NA,"Occurs on mainland",NA,NA,"Palearctic",3,1,0,0,0,0,1,0,0,0,1,0,0,0,0,0,0,0,0,0,1,0,1,0,0,1,0,0,0,0,0,0,0,0,"Pipistrellus arabicus","Hypsugo arabicus",0,0,NA,NA,NA,NA,NA,NA,NA,NA,NA,NA,0.033943281,0.033943281,0.033943281,33.1587531,36.32135992,-29.13359848,13.62548452,10.1996483,-1.629342747,-1.383745799,1.256351795,-0.766453298,3.611305322,5.11272008,-5.401053746,-0.435505743,-0.223983657,-6.813495556,-0.868515881,-0.795795558
5741,"Chiroptera","Vespertilionidae","Hypsugo ariel",3.4,0.14,59.169,29.745,1067.906,NA,208.84,0.19556028339573,NA,313.241,74.715,NA,2,1.5,312.363,NA,44.035,NA,1325.569,0.293322633265475,NA,NA,NA,1,2,NA,NA,100,0,0,100,0,0,0,0,0,0,0,0,0,1,3,"A",1,0,0,0,1,NA,NA,NA,NA,"Occurs on mainland",NA,NA,"Afrotropical, Palearctic",3,1,0,0,0,0,1,0,0,0,1,1,0,0,0,0,0,0,0,0,1,0,0,1,0,1,0,0,0,0,0,0,0,0,"Pipistrellus ariel","Hypsugo ariel",0,0,NA,NA,29.49000003,NA,NA,NA,NA,NA,NA,NA,0.021734475,0.076706447,0.107176494,33.10112278,35.85029668,-28.1277432,12.92950125,9.337310011,-0.742852931,0.006398898,-0.503235668,1.937233772,9.378562602,9.278894698,-8.996772372,0.074894903,-0.125722402,-6.058598566,-1.299708939,0.194247274
6772,"Chiroptera","Vespertilionidae","Hypsugo bemainty",9.56,0.208,63.151,NA,3338.782,NA,323.984,0.0970365839997939,NA,403.506,97.007,NA,1.673,1.045,359.992,NA,45.394,NA,1684.705,0.120854251640269,NA,NA,NA,1,2,NA,NA,100,0,0,100,0,0,0,0,0,0,0,0,0,1,3,"A",1,0,0,0,1,870,0,870,NA,NA,NA,NA,"Afrotropical",2,1,0,0,0,0,NA,NA,NA,NA,0,1,0,0,0,0,0,0,1,0,0,0,1,0,0,0,0,0,0,0,0,0,0,0,"Hypsugo bemainty","Neoromicia bemainty",0,0,24.11952368,5.272919064,NA,NA,NA,NA,NA,NA,NA,NA,NA,NA,NA,33.10844155,35.79882636,-27.88359986,12.78220546,9.106102641,-0.46020473,0.389965641,-1.027885006,2.660131937,10.44277428,9.729541156,-9.196163424,0.257146385,-0.116017484,-4.902876994,-1.148848716,0.400218424
5742,"Chiroptera","Vespertilionidae","Hypsugo cadornae",6.69,0.144,48,34.99,456.25,NA,252.849,0.554189589041096,NA,353.155,79.735,NA,1.752,1.065,356.51,NA,45.193,NA,1483.605,0.774038356164384,NA,NA,NA,1,2,NA,NA,100,0,0,100,0,0,0,0,0,0,0,0,0,1,3,"A",1,0,0,0,1,1000,NA,NA,NA,"Occurs on mainland",NA,NA,"Indomalayan",2,1,0,0,0,0,1,0,0,0,0,0,0,0,1,0,0,0,1,0,0,1,0,0,1,0,0,0,0,0,0,1,0,0,"Pipistrellus cadornae","Hypsugo cadornae",0,0,42.3466213,5.560000005,34.98999996,NA,NA,NA,NA,NA,NA,NA,0.522989275,1.393420702,1.58634591,33.15654494,36.15645031,-28.82983171,13.40219254,9.979089299,-1.398943029,-1.006730361,0.830846248,-0.051009665,5.363778266,6.469086137,-6.616815046,-0.33268978,-0.175169954,-7.090086239,-1.088653696,-0.534562303
5743,"Chiroptera","Vespertilionidae","Hypsugo dolichodon",NA,NA,NA,NA,NA,NA,NA,NA,NA,NA,NA,NA,NA,NA,NA,NA,NA,NA,NA,NA,NA,NA,NA,NA,NA,NA,NA,NA,NA,NA,NA,NA,NA,NA,NA,NA,NA,NA,NA,NA,NA,NA,NA,NA,NA,NA,NA,NA,NA,NA,NA,NA,NA,NA,NA,NA,2,NA,NA,NA,NA,NA,NA,NA,NA,NA,0,0,0,0,0,0,0,0,1,0,0,0,0,0,1,0,0,0,0,0,0,0,0,0,"Hypsugo dolichodon","Hypsugo dolichodon",1,0,NA,NA,NA,NA,NA,NA,NA,NA,NA,NA,NA,NA,NA,33.12442671,35.80098091,-27.82910736,12.7516806,9.084163996,-0.423235673,0.438454167,-1.091344312,2.742424458,10.5477937,9.756630241,-9.192627988,0.278717158,-0.111490338,-4.776894381,-1.11090535,0.423318871
6773,"Chiroptera","Vespertilionidae","Hypsugo eisentrauti",6.11,0.22,63.485,32.99,3996.033,NA,365.388,0.091437683322435,NA,430.031,100.154,NA,1.524,1.031,362.093,NA,46.307,NA,1800.932,0.107614476657225,NA,NA,NA,1,2,NA,NA,100,0,0,100,0,0,0,0,0,0,0,0,0,1,3,"A",1,0,0,0,1,NA,NA,NA,NA,"Occurs on mainland",NA,NA,"Afrotropical",1,1,0,0,0,0,1,0,0,0,0,1,0,0,0,0,0,0,1,0,0,0,0,0,0,0,0,0,0,0,0,0,0,0,"Pipistrellus eisentrauti","Nycticeinops eisentrauti",1,0,NA,NA,32.99000003,NA,NA,NA,NA,NA,NA,NA,0.946298839,0.946298839,0.946298839,33.19251872,35.70253057,-27.09311371,12.31172098,8.403501216,0.4150122,1.488379245,-2.411303042,4.37517439,12.30485107,9.933316381,-8.741638892,0.66377432,-0.077115657,-1.91366723,-0.627177344,0.685273382
6774,"Chiroptera","Vespertilionidae","Hypsugo joffrei",9.05,0.193,62.788,38.99,3825.111,NA,335.447,0.0876960171874751,NA,394.763,76.077,NA,1.628,1.227,351.411,NA,44.796,NA,1738.363,0.10320301816078,NA,NA,NA,1,2,NA,NA,100,0,0,100,0,0,0,0,0,0,0,0,0,1,3,"A",1,0,0,0,1,NA,NA,NA,NA,"Occurs on mainland",NA,NA,"Indomalayan",1,1,0,0,0,0,1,0,0,0,0,0,0,0,1,0,0,0,1,0,0,0,0,0,0,0,0,0,0,0,0,0,0,0,"Pipistrellus joffrei","Mirostrellus joffrei",1,0,NA,NA,NA,NA,NA,NA,NA,NA,NA,NA,NA,NA,NA,33.15548705,36.31018243,-29.10875698,13.61010332,10.17711195,-1.604281633,-1.341491312,1.197185502,-0.670347065,3.854558363,5.321340232,-5.597992682,-0.415602302,-0.226176764,-6.881138272,-0.900044691,-0.768142986
5745,"Chiroptera","Vespertilionidae","Hypsugo kitcheneri",7.2,0.175,58.495,35.99,2237.792,NA,326.17,0.145755280204773,NA,397.109,74.097,NA,1.766,1.124,353.763,NA,43.743,NA,1557.003,0.177455724213868,NA,NA,NA,1,2,NA,NA,100,0,0,100,0,0,0,0,0,0,0,0,0,1,3,"A",1,0,0,0,1,1500,0,1500,NA,"Occurs on large land bridge islands",NA,NA,"Indomalayan",1,1,0,0,0,0,0,0,1,0,0,0,0,0,1,0,0,0,1,0,0,0,0,0,0,0,0,0,0,0,0,0,0,0,"Pipistrellus kitcheneri","Hypsugo kitcheneri",1,0,NA,NA,NA,NA,NA,NA,NA,NA,NA,NA,NA,NA,NA,33.16085753,36.30190071,-29.03304136,13.56049755,10.10660947,-1.531915314,-1.218093475,1.016065544,-0.373505002,4.578436898,5.913819276,-6.141085671,-0.354742359,-0.231138936,-7.007748012,-1.023959671,-0.652177305
5746,"Chiroptera","Vespertilionidae","Hypsugo lanzai",NA,NA,NA,NA,NA,NA,NA,NA,NA,NA,NA,NA,NA,NA,NA,NA,NA,NA,NA,NA,NA,NA,NA,NA,NA,NA,NA,NA,NA,NA,NA,NA,NA,NA,NA,NA,NA,NA,NA,NA,NA,NA,NA,NA,NA,NA,NA,NA,NA,NA,NA,NA,NA,NA,NA,NA,NA,NA,NA,NA,NA,NA,NA,NA,NA,NA,0,0,0,0,0,0,0,0,0,1,1,0,0,0,0,0,0,0,0,0,0,0,0,0,"Hypsugo lanzai","Hypsugo lanzai",0,0,NA,NA,NA,NA,NA,NA,NA,NA,NA,NA,NA,NA,NA,33.10783752,35.80174019,-27.90432191,12.79525123,9.131679186,-0.489183677,0.354616109,-0.985651816,2.610614015,10.39284087,9.725322163,-9.209549833,0.246328232,-0.116468517,-4.98678299,-1.153020752,0.38778467
5747,"Chiroptera","Vespertilionidae","Hypsugo lophurus",6.64,0.158,56.291,34.99,2003.856,NA,292.189,0.145813371819133,NA,368.689,73.408,NA,1.799,1.144,352.725,NA,44.228,NA,1519.467,0.183989767727821,NA,NA,NA,1,2,NA,NA,100,0,0,100,0,0,0,0,0,0,0,0,0,1,3,"A",1,0,0,0,1,NA,NA,NA,NA,"Occurs on mainland",NA,NA,"Indomalayan",2,1,0,0,0,0,1,0,0,0,0,0,0,0,1,0,0,0,1,0,0,1,0,0,0,0,0,0,0,0,0,0,0,0,"Pipistrellus lophurus","Hypsugo lophurus",1,0,NA,NA,NA,NA,NA,NA,NA,NA,NA,NA,NA,NA,NA,32.07441963,35.6977755,-30.10512049,14.95051712,11.01168766,-3.193508603,-4.648883265,4.728645185,-6.060838655,-12.51641328,-9.557314575,8.440664571,-0.742457763,0.315677722,3.43606638,0.433564369,0.565532739
5748,"Chiroptera","Vespertilionidae","Hypsugo macrotis",5.14,0.139,53.179,32,2037.711,NA,280.564,0.137685864187807,NA,366.7,79.199,NA,1.718,1.128,352.388,NA,47.794,NA,1557.717,0.179956824103124,NA,NA,NA,1,2,NA,NA,100,0,0,100,0,0,0,0,0,0,0,0,0,1,3,"A",1,0,0,0,1,NA,NA,NA,NA,"Occurs on mainland",NA,NA,"Indomalayan",2,1,0,0,0,0,1,0,0,0,0,0,0,0,1,0,0,0,1,0,0,0,1,0,0,1,0,0,0,0,0,0,0,0,"Pipistrellus macrotis","Hypsugo macrotis",1,0,NA,NA,NA,NA,NA,NA,NA,NA,NA,NA,NA,NA,NA,34.78362855,27.0101498,-2.356129143,-1.106364156,-8.822607161,11.215566,12.04601583,-12.89328679,14.27167144,11.03288552,-1.864849043,5.850778401,1.558632154,-0.104594385,15.2024049,2.929114947,0.321446524
5750,"Chiroptera","Vespertilionidae","Hypsugo musciculus",1.99,0.138,59.51,23,2063.404,NA,261.191,0.126582579078067,NA,345.248,75.757,NA,1.938,1.301,345.209,NA,43.585,NA,1369.384,0.167319632994799,NA,NA,NA,1,2,NA,NA,100,0,0,100,0,0,0,0,0,0,0,0,0,1,3,"A",1,0,0,0,1,NA,NA,NA,NA,"Occurs on mainland",NA,NA,"Afrotropical",2,1,0,0,0,0,1,0,0,0,0,1,0,0,0,0,0,0,1,1,0,0,0,0,0,0,0,0,0,0,0,0,0,0,"Pipistrellus musciculus","Hypsugo musciculus",1,1,NA,NA,NA,NA,NA,NA,NA,NA,NA,NA,1.310109485,1.310109485,1.310109485,33.07453164,36.62753748,-29.6797832,14.28027914,10.7997909,-2.138559448,-2.557170101,2.545905817,-2.737037891,-1.211386462,1.454128382,-2.225259784,-0.377632297,-0.341910967,-5.768011584,-0.222730986,-1.355260266
5752,"Chiroptera","Vespertilionidae","Hypsugo pulveratus",5.53,0.143,53.977,34,1869.655,NA,271.632,0.145284557846234,NA,348.012,73.689,NA,1.767,1.154,353.478,NA,44.671,NA,1467.627,0.186137014582904,NA,NA,NA,1,2,NA,NA,100,0,0,100,0,0,0,0,0,0,0,0,0,1,3,"A",1,0,0,0,1,NA,NA,NA,NA,"Occurs on mainland",NA,NA,"Indomalayan, Palearctic",4,1,0,0,0,0,1,0,0,0,1,0,0,0,1,0,0,0,1,0,0,1,0,1,1,0,0,0,0,0,0,1,0,0,"Pipistrellus pulveratus","Hypsugo pulveratus",0,0,32.37554459,5.680000004,34,NA,NA,NA,NA,NA,NA,NA,0.940539657,1.41079276,1.533812457,33.11375208,35.84265173,-28.05571629,12.88922359,9.303467284,-0.699000915,0.067665844,-0.59015769,2.058573247,9.549365964,9.33631026,-9.007026593,0.107453435,-0.12136704,-5.861261479,-1.261079525,0.229764692
5753,"Chiroptera","Vespertilionidae","Hypsugo savii",6.3,0.162,48,34.5,456.25,78.66,78.66,0.172405479452055,NA,300.672,74.631,NA,2,1,347.234,NA,52.1,4.34,1453.628,0.659007123287671,NA,NA,NA,1,2,NA,NA,100,0,0,100,0,0,0,0,0,0,0,0,0,1,3,"A",1,0,0,0,1,3000,0,3000,NA,"Occurs on mainland",NA,NA,"Indomalayan, Palearctic",6,1,0,0,0,0,1,0,0,0,1,0,0,0,1,0,0,0,1,0,1,1,1,1,0,1,0,0,0,0,0,1,0,0,"Pipistrellus savii","Hypsugo savii",0,0,NA,NA,34.49999999,NA,NA,NA,NA,NA,NA,NA,0.019751441,1.032472408,1.150412368,33.15007364,36.12575302,-28.73753535,13.3438998,9.882305205,-1.285033026,-0.8335796,0.59582904,0.306687611,6.148405564,7.072490716,-7.153865871,-0.256589581,-0.177561074,-7.077655254,-1.178817621,-0.401286813
5754,"Chiroptera","Vespertilionidae","Hypsugo vordermanni",6,0.288,74.085,NA,2455.17,NA,331.72,0.135110806990962,NA,402.909,94.679,NA,1.625,1.088,355.615,NA,48.054,NA,1613.994,0.164106355160742,NA,NA,NA,0,2,NA,NA,100,0,0,NA,NA,NA,NA,NA,NA,NA,NA,NA,NA,1,3,"A",1,0,0,0,1,100,0,100,NA,"Occurs on large land bridge islands",NA,NA,"Indomalayan",1,1,0,0,0,0,0,0,1,0,0,0,0,0,1,0,0,0,1,0,0,0,0,0,0,0,0,0,0,0,0,0,0,0,"Pipistrellus vordermanni","Hypsugo vordermanni",0,0,NA,NA,NA,NA,NA,NA,NA,NA,NA,NA,NA,NA,NA,34.71981345,27.33180188,-3.14543366,-0.685743016,-8.321331502,10.9674109,11.80713472,-12.66085711,14.10016595,11.17110423,-1.532516576,5.47090383,1.512528146,-0.143759933,14.94294807,2.896154263,0.353380048
5587,"Chiroptera","Vespertilionidae","Ia io",49.3,0.761,100.83,75.49,5735.568,NA,386.647,0.0674121551692875,NA,451.748,93.171,NA,1.529,1.016,361.924,NA,48.753,NA,1955.28,0.078762556733701,NA,NA,NA,1,2,NA,NA,100,0,0,100,0,0,0,0,0,0,0,0,0,1,3,"A",1,0,0,0,1,1700,200,1500,0,"Occurs on mainland",1,0,"Indomalayan",2,1,0,0,0,0,1,0,0,0,0,0,0,0,1,0,0,0,1,0,0,0,0,0,1,0,0,0,0,0,0,0,0,0,"Ia io","Ia io",1,0,42.59801877,6.520000004,75.48999994,NA,1,NA,1,0,0,0,1.180659032,1.180659032,1.180659032,32.81121026,36.8000801,-30.12706485,14.83553361,11.08485483,-2.635785012,-3.802090576,3.764467618,-4.738284969,-7.671343322,-4.309007014,2.969619141,-0.412307347,-0.172793313,-1.870406232,0.795077004,-1.501081556
5685,"Chiroptera","Vespertilionidae","Idionycteris phyllotis",12.565,0.208,59,44.49,1155.833,NA,276.971,0.239628908328452,NA,363.56,88.484,NA,1,1,357.291,0.73,43.958,NA,1292.764,0.314543710034235,0.0580978909669717,NA,NA,1,2,NA,NA,100,0,0,100,0,0,0,0,0,0,0,0,0,1,3,"A",1,0,0,0,1,3225,403,2822,0,"Occurs on mainland",1,0,"Nearctic",3,1,0,0,0,0,1,0,0,0,0,0,0,0,0,1,0,0,1,0,0,0,0,0,1,1,0,0,0,0,0,0,0,0,"Idionycteris phyllotis","Idionycteris phyllotis",0,0,28.82815534,6.150000003,44.49000003,61,NA,2,0,0,0,1,0.054958905,0.374073932,0.488466872,30.96131593,33.6354813,-28.22418347,14.09934599,10.35100716,-3.461071815,-4.886500348,4.631318415,-5.706421702,-14.42401125,-12.98305463,12.42641066,-0.976245208,0.492557679,8.695350149,-0.380896831,2.222677792
5307,"Chiroptera","Vespertilionidae","Kerivoula africana",3.5,0.231,61.074,28,5896.418,NA,369.767,0.0627104455620345,NA,431.749,84.079,NA,1.176,1.056,364.446,NA,55.773,NA,1874.844,0.0732222512040361,NA,NA,NA,1,2,NA,NA,100,0,0,100,0,0,0,0,0,0,0,0,0,1,3,"A",1,0,0,0,1,NA,NA,NA,NA,"Occurs on mainland",NA,NA,"Afrotropical",1,1,0,0,0,0,1,0,0,0,0,1,0,0,0,0,0,0,1,0,0,0,0,0,0,0,0,0,0,0,0,0,0,0,"Kerivoula africana","Kerivoula africana",1,0,NA,NA,NA,NA,NA,NA,NA,NA,NA,NA,1.025853455,1.025853455,1.025853455,37.07039968,14.94307594,25.38097136,-15.11027578,-10.51971885,-8.682057688,-10.84902731,11.43168798,-8.649171904,0.833770957,5.914920831,-5.884268459,0.141540493,-0.190985706,8.609656619,5.639206057,-1.472756457
5308,"Chiroptera","Vespertilionidae","Kerivoula agnella",7.2,0.276,67.774,35.99,6687.989,NA,429.956,0.0642877851623261,NA,525.486,90.003,NA,1.117,1.005,363.778,NA,52.884,NA,2079.021,0.0785716005214721,NA,NA,NA,1,2,NA,NA,100,0,0,100,0,0,0,0,0,0,0,0,0,1,3,"A",1,0,0,0,1,700,0,700,NA,"Occurs only on isolated islands",NA,NA,"Australasian",1,1,0,0,0,0,0,0,0,1,0,0,0,1,0,0,0,0,1,0,0,0,0,0,0,0,0,0,0,0,0,0,0,0,"Kerivoula agnella","Kerivoula agnella",1,0,NA,NA,NA,NA,NA,NA,NA,NA,NA,NA,NA,NA,NA,37.452624,15.89678525,25.23250182,-15.23128282,-12.16968386,-5.987657175,-8.291509708,10.2303172,-8.99942252,-1.329868906,5.206173853,-6.167621199,-0.32960013,0.030225227,4.264822991,6.321758146,-1.075071731
5309,"Chiroptera","Vespertilionidae","Kerivoula argentata",10.11,0.27,69.816,36.5,6696.355,NA,441.31,0.0659030173878177,NA,522.568,87.197,NA,1.115,1.005,364.332,NA,52.697,NA,2043.531,0.0780376787072967,NA,NA,NA,1,2,NA,NA,100,0,0,100,0,0,0,0,0,0,0,0,0,1,3,"A",1,0,0,0,1,NA,0,NA,0,"Occurs on mainland",0,0,"Afrotropical",1,1,0,0,0,0,1,0,0,0,0,1,0,0,0,0,0,0,1,1,0,1,0,0,0,0,0,0,0,0,0,1,0,0,"Kerivoula argentata","Kerivoula argentata",0,1,29.76397988,5.8,36.5,NA,NA,NA,NA,NA,NA,NA,0.309277757,0.965085452,1.232701594,37.39995695,15.73073952,25.30993617,-15.22712557,-11.77181251,-6.656271373,-8.936683268,10.58888543,-9.050671023,-0.943314057,5.449600379,-6.27833642,-0.249810899,0.001178259,5.194192476,6.654508866,-1.211851779
5310,"Chiroptera","Vespertilionidae","Kerivoula crypta",4.55,0.254,59.063,34.99,6960.743,NA,494.326,0.0710162693838862,NA,586.405,86.065,NA,1,1.005,364.664,NA,63.225,NA,2219.401,0.0842445986010401,NA,NA,NA,1,2,NA,NA,100,0,0,100,0,0,0,0,0,0,0,0,0,1,3,"A",1,0,0,0,1,2500,100,2400,NA,NA,NA,NA,"Indomalayan",2,1,0,0,0,0,NA,NA,NA,NA,0,0,0,0,1,0,0,0,0,0,0,0,0,0,0,0,0,0,0,0,0,0,0,0,"Kerivoula hardwickii","Kerivoula crypta",0,0,NA,NA,NA,NA,NA,NA,NA,NA,NA,NA,NA,NA,NA,37.38311116,15.66519266,25.31496565,-15.23858351,-11.71473587,-6.777290194,-9.044656126,10.64989479,-9.031849614,-0.807834895,5.496472679,-6.274347453,-0.239454398,0.005838626,5.566369581,6.726315582,-1.26306323
5311,"Chiroptera","Vespertilionidae","Kerivoula cuprosa",5.61,0.289,65.961,32.99,6974.54,NA,551.033,0.0790063574085173,NA,657.169,91.229,NA,0.98,1.026,364.412,NA,63.645,NA,2288.041,0.0942239918331532,NA,NA,NA,1,2,NA,NA,100,0,0,100,0,0,0,0,0,0,0,0,0,1,3,"A",1,0,0,0,1,600,NA,NA,0,"Occurs on mainland",0,0,"Afrotropical",1,1,0,0,0,0,1,0,0,0,0,1,0,0,0,0,0,0,1,0,0,0,0,0,0,0,0,0,0,0,0,0,0,0,"Kerivoula cuprosa","Kerivoula cuprosa",1,0,NA,NA,32.99,NA,NA,NA,NA,NA,NA,NA,1.155698843,1.155698843,1.155698843,37.29702303,15.46189485,25.30479813,-15.1768562,-11.25438448,-7.406079815,-9.623416641,10.88651172,-8.924044293,-0.332648167,5.635718656,-6.202341295,-0.134351884,-0.038062484,6.444813519,6.632738745,-1.345053342
5312,"Chiroptera","Vespertilionidae","Kerivoula depressa",4.55,0.254,59.063,34.99,6960.743,NA,494.326,0.0710162693838862,NA,586.405,86.065,NA,1,1.005,364.664,NA,63.225,NA,2219.401,0.0842445986010401,NA,NA,NA,1,2,NA,NA,100,0,0,100,0,0,0,0,0,0,0,0,0,1,3,"A",1,0,0,0,1,2500,100,2400,NA,NA,NA,NA,"Indomalayan",2,1,0,0,0,0,NA,NA,NA,NA,0,0,0,0,1,0,0,0,0,0,0,0,0,0,0,0,0,0,0,0,0,0,0,0,"Kerivoula hardwickii","Kerivoula depressa",0,0,NA,NA,NA,NA,NA,NA,NA,NA,NA,NA,NA,NA,NA,37.38311116,15.66519266,25.31496565,-15.23858351,-11.71473587,-6.777290194,-9.044656126,10.64989479,-9.031849614,-0.807834895,5.496472679,-6.274347453,-0.239454398,0.005838626,5.566369581,6.726315582,-1.26306323
5313,"Chiroptera","Vespertilionidae","Kerivoula dongduongana",4.55,0.254,59.063,34.99,6960.743,NA,494.326,0.0710162693838862,NA,586.405,86.065,NA,1,1.005,364.664,NA,63.225,NA,2219.401,0.0842445986010401,NA,NA,NA,1,2,NA,NA,100,0,0,100,0,0,0,0,0,0,0,0,0,1,3,"A",1,0,0,0,1,2500,100,2400,NA,NA,NA,NA,"Indomalayan",2,1,0,0,0,0,NA,NA,NA,NA,0,0,0,0,1,0,0,0,0,0,0,0,0,0,0,0,0,0,0,0,0,0,0,0,"Kerivoula hardwickii","Kerivoula dongduongana",0,0,NA,NA,NA,NA,NA,NA,NA,NA,NA,NA,NA,NA,NA,37.38311116,15.66519266,25.31496565,-15.23858351,-11.71473587,-6.777290194,-9.044656126,10.64989479,-9.031849614,-0.807834895,5.496472679,-6.274347453,-0.239454398,0.005838626,5.566369581,6.726315582,-1.26306323
5314,"Chiroptera","Vespertilionidae","Kerivoula eriophora",3.5,0.225,60.429,28,5892.602,NA,368.305,0.0625029486125145,NA,429.077,83.108,NA,1.187,1.055,364.417,NA,53.904,NA,1858.021,0.072816219388311,NA,NA,NA,1,2,NA,NA,100,0,0,100,0,0,0,0,0,0,0,0,0,1,3,"A",1,0,0,0,1,NA,NA,NA,NA,"Occurs on mainland",NA,NA,"Afrotropical",NA,1,0,0,0,0,1,0,0,0,0,1,0,0,0,0,0,0,1,0,0,0,0,0,0,1,0,0,0,0,0,0,0,0,"Kerivoula eriophora","Kerivoula eriophora",0,0,NA,NA,NA,NA,NA,NA,NA,NA,NA,NA,NA,NA,NA,37.35871103,15.59536759,25.32502645,-15.22293453,-11.53575759,-7.023392751,-9.271811621,10.75083004,-9.012778055,-0.652586535,5.557613679,-6.274047277,-0.206819564,-0.006244567,5.842740229,6.731215442,-1.286064571
5315,"Chiroptera","Vespertilionidae","Kerivoula flora",5.28,0.279,62.969,38.24,6650.986,NA,490.035,0.0736785493158458,NA,585.318,85.745,NA,1,1.003,364.369,NA,57.326,NA,2191.433,0.0880046958450972,NA,NA,NA,1,2,NA,NA,100,0,0,100,0,0,0,0,0,0,0,0,0,1,3,"A",1,0,0,0,1,1500,0,1500,1,"Occurs on mainland",0,0,"Australasian, Indomalayan",1,1,0,0,0,0,1,0,0,0,0,0,0,1,1,0,0,0,1,0,0,0,0,0,0,0,0,0,0,0,0,0,0,0,"Kerivoula flora","Kerivoula flora",1,0,NA,NA,NA,NA,NA,NA,NA,NA,NA,NA,NA,NA,NA,37.21891524,15.29510793,25.35533807,-15.17521241,-11.0766356,-7.759373121,-9.963644804,11.05034014,-8.859990317,0.005617861,5.736671181,-6.131912748,-0.046345966,-0.077330682,7.186406561,6.433476303,-1.401307121
5316,"Chiroptera","Vespertilionidae","Kerivoula furva",4.55,0.254,59.063,34.99,6960.743,NA,494.326,0.0710162693838862,NA,586.405,86.065,NA,1,1.005,364.664,NA,63.225,NA,2219.401,0.0842445986010401,NA,NA,NA,1,2,NA,NA,100,0,0,100,0,0,0,0,0,0,0,0,0,1,3,"A",1,0,0,0,1,2500,100,2400,NA,NA,NA,NA,"Indomalayan",2,1,0,0,0,0,NA,NA,NA,NA,0,0,0,0,1,0,0,0,0,0,0,0,0,0,0,0,0,0,0,0,0,0,0,0,"Kerivoula hardwickii","Kerivoula furva",0,0,NA,NA,NA,NA,NA,NA,NA,NA,NA,NA,2.614952817,2.614952817,2.614952817,37.38311116,15.66519266,25.31496565,-15.23858351,-11.71473587,-6.777290194,-9.044656126,10.64989479,-9.031849614,-0.807834895,5.496472679,-6.274347453,-0.239454398,0.005838626,5.566369581,6.726315582,-1.26306323
5317,"Chiroptera","Vespertilionidae","Kerivoula hardwickii",4.55,0.254,59.063,34.99,6960.743,NA,494.326,0.0710162693838862,NA,586.405,86.065,NA,1,1.005,364.664,NA,63.225,NA,2219.401,0.0842445986010401,NA,NA,NA,1,2,NA,NA,100,0,0,100,0,0,0,0,0,0,0,0,0,1,3,"A",1,0,0,0,1,2500,100,2400,NA,"Occurs on mainland",NA,NA,"Indomalayan",2,1,0,0,0,0,1,0,0,0,0,0,0,0,1,0,0,0,1,0,0,1,0,0,1,0,0,0,0,0,0,1,0,0,"Kerivoula hardwickii","Kerivoula hardwickii",1,0,NA,6.900000004,34.98999996,NA,NA,NA,0,0,0,1,1.245662711,2.268314104,2.34734537,37.38311116,15.66519266,25.31496565,-15.23858351,-11.71473587,-6.777290194,-9.044656126,10.64989479,-9.031849614,-0.807834895,5.496472679,-6.274347453,-0.239454398,0.005838626,5.566369581,6.726315582,-1.26306323
5318,"Chiroptera","Vespertilionidae","Kerivoula intermedia",3.68,0.242,62.697,28.49,5933.786,NA,369.463,0.0622642946678562,NA,438.534,85.701,NA,1.199,1.052,364.188,NA,54.31,NA,1883.018,0.0739045863804323,NA,NA,NA,1,2,NA,NA,100,0,0,100,0,0,0,0,0,0,0,0,0,1,3,"A",1,0,0,0,1,500,0,500,0,"Occurs on mainland",1,0,"Indomalayan",1,1,0,0,0,0,1,0,0,0,0,0,0,0,1,0,0,0,1,0,0,0,0,0,0,0,0,0,0,0,0,0,0,0,"Kerivoula intermedia","Kerivoula intermedia",1,0,27.23523086,5.621,28.48999998,NA,NA,NA,NA,NA,NA,NA,2.275495403,2.51295068,2.563285073,37.15786574,15.1534731,25.31347748,-15.11523188,-10.79267655,-8.180033124,-10.37250839,11.23336915,-8.77168859,0.385838747,5.831172818,-6.037252837,0.035650741,-0.129981264,7.872145774,6.13498789,-1.446165683
5319,"Chiroptera","Vespertilionidae","Kerivoula kachinensis",4.8,0.243,62.378,NA,6368.388,NA,379.818,0.0596411525177172,NA,448.571,81.647,NA,1.123,1.009,364.468,NA,54.273,NA,1946.594,0.0704371341695889,NA,NA,NA,1,2,NA,NA,100,0,0,NA,NA,NA,NA,NA,NA,NA,NA,NA,NA,1,3,"A",1,0,0,0,1,NA,NA,NA,NA,"Occurs on mainland",NA,NA,"Indomalayan",1,1,0,0,0,0,1,0,0,0,0,0,0,0,1,0,0,0,1,0,0,0,0,0,0,0,0,0,0,0,0,0,0,0,"Kerivoula kachinensis","Kerivoula kachinensis",1,0,NA,NA,NA,NA,NA,NA,NA,NA,NA,NA,1.036670686,2.076773961,1.846286146,37.26844658,15.40570801,25.3073455,-15.16752429,-11.18334664,-7.528302269,-9.740849697,10.9437187,-8.905834677,-0.224260774,5.671262577,-6.185398639,-0.107045653,-0.050176571,6.673155178,6.579320375,-1.365749637
5320,"Chiroptera","Vespertilionidae","Kerivoula krauensis",3,0.19,65.058,NA,4531.971,NA,334.555,0.0738210813793822,NA,397.929,83.191,NA,1.279,1.252,346.538,NA,51.698,NA,1661.92,0.0878048425287805,NA,NA,NA,1,2,NA,NA,100,0,0,NA,NA,NA,NA,NA,NA,NA,NA,NA,NA,1,3,"A",1,0,0,0,1,NA,NA,NA,NA,"Occurs on mainland",NA,NA,"Indomalayan",1,1,0,0,0,0,1,0,0,0,0,0,0,0,1,0,0,0,1,0,0,0,0,0,0,0,0,0,0,0,0,0,0,0,"Kerivoula krauensis","Kerivoula krauensis",1,0,NA,NA,NA,NA,NA,NA,NA,NA,NA,NA,2.34734537,2.34734537,2.34734537,37.42451223,15.81836127,25.26480259,-15.22928713,-12.01353697,-6.250529582,-8.547109602,10.38362695,-9.041072476,-1.199455192,5.30939587,-6.230866314,-0.302839464,0.020471275,4.595931117,6.458963526,-1.128132153
5321,"Chiroptera","Vespertilionidae","Kerivoula lanosa",6.66,0.284,62.999,30,7090.974,NA,488.099,0.0688338442645538,NA,593.783,70,NA,1,1.003,364.198,NA,54.587,NA,2253.142,0.0837378616816251,NA,NA,NA,1,2,NA,NA,100,0,0,100,0,0,0,0,0,0,0,0,0,1,3,"S",1,0,0,0,1,NA,0,NA,0,"Occurs on mainland",1,0,"Afrotropical",2,0,0,0,0,1,1,0,0,0,0,1,0,0,0,0,0,0,1,1,0,0,0,0,0,0,0,0,0,0,0,0,0,0,"Kerivoula lanosa","Kerivoula lanosa",1,1,NA,NA,30,NA,NA,NA,NA,NA,NA,NA,0.264968977,0.71033391,0.97755287,37.41300862,15.79144027,25.26732208,-15.22379445,-11.95169695,-6.372581516,-8.672597611,10.46935435,-9.065994435,-1.114123207,5.374753207,-6.263802522,-0.283108585,0.010960177,4.861849453,6.534236785,-1.171375009
5322,"Chiroptera","Vespertilionidae","Kerivoula lenis",10.21,0.33,74.637,NA,7524.519,NA,576.244,0.0765821709002263,NA,682.882,91.319,NA,0.98,1.024,364.497,NA,59.511,NA,2349.885,0.0907542395733202,NA,NA,NA,1,2,NA,NA,100,0,0,NA,NA,NA,NA,NA,NA,NA,NA,NA,NA,1,3,"A",1,0,0,0,1,NA,NA,NA,NA,"Occurs on mainland",NA,NA,"Indomalayan",1,1,0,0,0,0,1,0,0,0,0,0,0,0,1,0,0,0,1,0,0,0,0,0,0,0,0,0,0,0,0,0,0,0,"Kerivoula lenis","Kerivoula lenis",1,0,NA,NA,NA,NA,NA,NA,NA,NA,NA,NA,0.904649274,2.391000769,2.462503852,37.12896649,15.07512825,25.32595052,-15.10418686,-10.67348522,-8.365631738,-10.54443561,11.28401976,-8.691222797,0.576316012,5.844249395,-5.946924337,0.079667947,-0.155813859,8.177274099,5.918697411,-1.454871259
5323,"Chiroptera","Vespertilionidae","Kerivoula malpasi",4.55,0.254,59.063,34.99,6960.743,NA,494.326,0.0710162693838862,NA,586.405,86.065,NA,1,1.005,364.664,NA,63.225,NA,2219.401,0.0842445986010401,NA,NA,NA,1,2,NA,NA,100,0,0,100,0,0,0,0,0,0,0,0,0,1,3,"A",1,0,0,0,1,2500,100,2400,NA,NA,NA,NA,"Indomalayan",2,1,0,0,0,0,NA,NA,NA,NA,0,0,0,0,1,0,0,0,0,0,0,0,0,0,0,0,0,0,0,0,0,0,0,0,"Kerivoula hardwickii","Kerivoula malpasi",0,0,NA,NA,NA,NA,NA,NA,NA,NA,NA,NA,NA,NA,NA,37.38311116,15.66519266,25.31496565,-15.23858351,-11.71473587,-6.777290194,-9.044656126,10.64989479,-9.031849614,-0.807834895,5.496472679,-6.274347453,-0.239454398,0.005838626,5.566369581,6.726315582,-1.26306323
5324,"Chiroptera","Vespertilionidae","Kerivoula minuta",2.03,0.235,64.687,27,5083.189,NA,352.289,0.0693047218980054,NA,420.926,85.784,NA,1.273,1.099,361.987,NA,52.924,NA,1758.003,0.0828074659431314,NA,NA,NA,1,2,NA,NA,100,0,0,100,0,0,0,0,0,0,0,0,0,1,3,"A",1,0,0,0,1,500,0,500,1,"Occurs on mainland",1,0,"Indomalayan",1,1,0,0,0,0,1,0,0,0,0,0,0,0,1,0,0,0,1,0,0,0,0,0,0,0,0,0,0,0,0,0,0,0,"Kerivoula minuta","Kerivoula minuta",1,0,NA,NA,26.99999999,NA,NA,NA,NA,NA,NA,NA,1.014329809,2.290800335,3.05218507,37.14330154,15.1151024,25.32430546,-15.11324661,-10.74707014,-8.241704024,-10.42566097,11.24073214,-8.732607179,0.460648765,5.83498976,-6.00189132,0.05428555,-0.138416323,8.021102729,6.083231185,-1.455569751
5325,"Chiroptera","Vespertilionidae","Kerivoula muscina",5.29,0.26,64.78,32.49,6482.43,NA,428.407,0.0660874085798073,NA,504.148,83.036,NA,1.089,1.003,364.326,NA,54.173,NA,2013.952,0.0777714529890797,NA,NA,NA,1,2,NA,NA,100,0,0,100,0,0,0,0,0,0,0,0,0,1,3,"A",1,0,0,0,1,1600,0,1600,0,"Occurs on large land bridge islands",1,0,"Australasian",1,1,0,0,0,0,0,0,1,0,0,0,0,1,0,0,0,0,1,0,0,1,0,0,0,0,0,0,0,0,0,1,0,0,"Kerivoula muscina","Kerivoula muscina",1,0,NA,NA,NA,NA,NA,NA,NA,NA,NA,NA,NA,NA,NA,36.98879417,14.74836983,25.35096265,-15.04778353,-10.20775297,-9.102525824,-11.24068522,11.56504356,-8.505449267,1.227556881,5.979826233,-5.755117304,0.229601649,-0.238769657,9.247411643,5.282053315,-1.494326445
5326,"Chiroptera","Vespertilionidae","Kerivoula myrella",7.2,0.302,66.867,35.99,6673.159,NA,425.081,0.0637001156423817,NA,521.823,90.392,NA,1.136,1.009,363.95,NA,51.045,NA,2062.899,0.0781972975617695,NA,NA,NA,1,2,NA,NA,100,0,0,100,0,0,0,0,0,0,0,0,0,1,3,"A",1,0,0,0,1,500,0,500,1,"Occurs only on isolated islands",0,0,"Australasian",1,1,0,0,0,0,0,0,0,1,0,0,0,1,0,0,0,0,1,0,0,1,0,0,0,0,0,0,0,0,0,1,0,0,"Kerivoula myrella","Kerivoula myrella",1,0,NA,NA,NA,NA,NA,NA,NA,NA,NA,NA,NA,NA,NA,37.02612233,14.82603478,25.34966838,-15.06346538,-10.31743201,-8.953107738,-11.10916813,11.53546717,-8.583981214,1.060352566,5.9709586,-5.837725117,0.186968847,-0.219542888,8.966020705,5.464818748,-1.488655181
5327,"Chiroptera","Vespertilionidae","Kerivoula papillosa",10.21,0.31,73.505,41,7361.143,NA,565.914,0.0768785499751873,NA,673.253,96.607,NA,0.98,1.027,364.274,NA,59.026,NA,2276.403,0.0914603886923539,NA,NA,NA,1,2,NA,NA,100,0,0,100,0,0,0,0,0,0,0,0,0,1,3,"A",1,0,0,0,1,1050,0,1050,1,"Occurs on mainland",1,0,"Australasian, Indomalayan",1,1,0,0,0,0,1,0,0,0,0,0,0,1,1,0,0,0,1,0,0,0,0,0,0,0,0,0,0,0,0,0,0,0,"Kerivoula papillosa","Kerivoula papillosa",0,0,24.43170772,5.551,41.00000003,3.999999997,NA,NA,0,1,0,0,1.53233086,2.115499475,2.462503852,37.1023076,15.0085487,25.36552518,-15.11312612,-10.58368798,-8.570400927,-10.74570846,11.39020795,-8.677519939,0.736243953,5.894059572,-5.912345812,0.11734287,-0.179559899,8.444514048,5.72961058,-1.463145133
5328,"Chiroptera","Vespertilionidae","Kerivoula pellucida",4.14,0.203,60.659,31.5,6109.683,NA,363.349,0.0594710069245818,NA,423.589,86.11,NA,1.291,1.038,364.443,NA,51.864,NA,1825,0.0693307656060061,NA,NA,NA,1,2,NA,NA,100,0,0,100,0,0,0,0,0,0,0,0,0,1,3,"A",1,0,0,0,1,1000,0,1000,1,"Occurs on mainland",1,0,"Indomalayan",1,1,0,0,0,0,1,0,0,0,0,0,0,0,1,0,0,0,1,0,0,0,0,0,0,0,0,0,0,0,0,0,0,0,"Kerivoula pellucida","Kerivoula pellucida",1,0,23.17576459,4.87,31.50000002,NA,NA,NA,NA,NA,NA,NA,1.791135395,2.795720986,3.193423929,37.46792701,15.95411881,25.18729363,-15.2217627,-12.29301203,-5.779530306,-8.098335204,10.14289111,-9.013000335,-1.463691714,5.143346354,-6.150184504,-0.35661406,0.037249558,3.975068671,6.19442649,-1.034045974
5329,"Chiroptera","Vespertilionidae","Kerivoula phalaena",3.03,0.116,61.8,28,2778.476,NA,257.648,0.0927299713943903,NA,341.919,84.772,NA,1.313,1.492,328.552,NA,47.86,NA,1368.962,0.12305990766161,NA,NA,NA,1,2,NA,NA,100,0,0,100,0,0,0,0,0,0,0,0,0,1,3,"A",1,0,0,0,1,NA,0,NA,0,"Occurs on mainland",0,0,"Afrotropical",1,1,0,0,0,0,1,0,0,0,0,1,0,0,0,0,0,0,1,0,0,0,0,0,0,0,0,0,0,0,0,0,0,0,"Kerivoula phalaena","Kerivoula phalaena",1,0,NA,NA,28,NA,NA,NA,NA,NA,NA,NA,1.180699181,1.180699181,1.180699181,37.17793833,15.19729917,25.34548627,-15.14494394,-10.88472914,-8.062328685,-10.25761313,11.18501849,-8.80367327,0.268710228,5.799319406,-6.059689178,0.009998835,-0.115934288,7.641714395,6.198948175,-1.431689992
5330,"Chiroptera","Vespertilionidae","Kerivoula picta",4.5,0.27,65.135,35.09,6263.329,NA,470.346,0.0750952089535772,NA,564.032,95.018,NA,1,1.014,364.162,NA,64.873,NA,2110.357,0.0900530692224534,NA,NA,NA,1,2,NA,NA,100,0,0,100,0,0,0,0,0,0,0,0,0,1,3,"A",1,0,0,0,1,1500,0,1500,0,"Occurs on mainland",1,0,"Indomalayan",2,1,0,0,0,0,1,0,0,0,0,0,0,0,1,0,0,0,1,0,0,1,0,0,0,0,0,0,0,0,0,1,0,0,"Kerivoula picta","Kerivoula picta",1,0,NA,NA,35.08999998,2.500000002,NA,NA,0,0,1,0,1.014707604,1.31321374,1.430861532,36.99647621,14.76237906,25.35758918,-15.05500194,-10.23661495,-9.066299378,-11.21043325,11.56890449,-8.5450373,1.169059084,5.990060757,-5.801487269,0.214200936,-0.231679954,9.162449779,5.371637435,-1.497421398
5332,"Chiroptera","Vespertilionidae","Kerivoula smithii",5.86,0.276,62.397,33.5,7003.13,NA,534.457,0.0763168754542612,NA,642.02,88.479,NA,0.98,1.028,364.549,NA,62.39,NA,2248.51,0.0916761505212669,NA,NA,NA,1,2,NA,NA,100,0,0,100,0,0,0,0,0,0,0,0,0,1,3,"A",1,0,0,0,1,2800,900,1900,0,"Occurs on mainland",1,0,"Afrotropical",1,1,0,0,0,0,1,0,0,0,0,1,0,0,0,0,0,0,1,0,0,0,0,0,0,0,0,0,0,0,0,0,0,0,"Kerivoula smithii","Kerivoula smithii",1,0,NA,NA,NA,NA,NA,NA,NA,NA,NA,NA,NA,NA,NA,37.32890284,15.52392822,25.31741068,-15.19772905,-11.35499538,-7.27670921,-9.508336148,10.85500102,-8.980368979,-0.467948735,5.616472472,-6.250114415,-0.16706284,-0.025059056,6.177414099,6.681977492,-1.317713905
5333,"Chiroptera","Vespertilionidae","Kerivoula titania",4.6,0.235,61.077,NA,6328.25,NA,379.771,0.0600120096393158,NA,446.522,81.214,NA,1.133,1.012,364.449,NA,54.44,NA,1941.305,0.0705601074546676,NA,NA,NA,1,2,NA,NA,100,0,0,NA,NA,NA,NA,NA,NA,NA,NA,NA,NA,1,3,"A",1,0,0,0,1,NA,NA,NA,NA,"Occurs on mainland",NA,NA,"Indomalayan",1,1,0,0,0,0,1,0,0,0,0,0,0,0,1,0,0,0,1,0,0,0,0,0,0,0,0,0,0,0,0,0,0,0,"Kerivoula titania","Kerivoula titania",1,0,20.71517476,4.809999996,NA,NA,NA,NA,NA,NA,NA,NA,0.65169686,1.437066099,1.745512703,37.25124747,15.36697755,25.32012431,-15.16723152,-11.13445204,-7.631036392,-9.84311374,11.00098375,-8.897866217,-0.125625587,5.708425427,-6.171776285,-0.080697232,-0.062611439,6.921158605,6.5266861,-1.384394971
5334,"Chiroptera","Vespertilionidae","Kerivoula whiteheadi",3.29,0.179,62.715,30,4651.126,NA,336.772,0.0724065527358321,NA,400.406,81.827,NA,1.288,1.173,355.151,NA,52.492,NA,1678.383,0.0860879709558503,NA,NA,NA,1,2,NA,NA,100,0,0,100,0,0,0,0,0,0,0,0,0,1,3,"A",1,0,0,0,1,1400,NA,NA,1,"Occurs on mainland",1,0,"Indomalayan",2,1,0,0,0,0,1,0,0,0,0,0,0,0,1,0,0,0,1,0,0,1,0,0,0,0,0,0,0,0,0,1,0,0,"Kerivoula whiteheadi","Kerivoula whiteheadi",1,0,NA,NA,30.00000002,NA,NA,NA,NA,NA,NA,NA,1.708326926,2.084448411,2.357991309,37.20703795,15.25185164,25.36770217,-15.17095957,-10.9976264,-7.90554837,-10.11024966,11.12349687,-8.839071843,0.132624697,5.769092985,-6.097690044,-0.020488167,-0.099503242,7.420444215,6.31239094,-1.418957159
5755,"Chiroptera","Vespertilionidae","Laephotis angolensis",6.11,0.239,71.82,34,2938.647,NA,338.963,0.115346620400477,NA,398.234,90.297,NA,1.749,1.039,360.091,NA,45.539,NA,1671.416,0.135516106561965,NA,NA,NA,1,2,NA,NA,100,0,0,NA,NA,NA,NA,NA,NA,NA,NA,NA,NA,1,3,"A",1,0,0,0,1,NA,NA,NA,0,"Occurs on mainland",0,0,"Afrotropical",1,1,0,0,0,0,1,0,0,0,0,1,0,0,0,0,0,0,0,1,0,0,0,0,0,0,0,0,0,0,0,0,0,0,"Laephotis angolensis","Laephotis angolensis",0,1,NA,NA,NA,NA,NA,NA,NA,NA,NA,NA,NA,NA,NA,33.1194418,35.76748864,-27.70622792,12.67661046,8.947740061,-0.269234942,0.638943933,-1.355715796,3.083944453,10.96785816,9.86737938,-9.17990402,0.35898887,-0.10863115,-4.215313438,-1.031338524,0.4775212
5756,"Chiroptera","Vespertilionidae","Laephotis botswanae",7.28,0.179,64.63,35.99,2035.565,NA,305.103,0.149886149545704,NA,377.439,87.741,NA,1.823,1.059,358.652,NA,44.843,NA,1531.723,0.185422229209089,NA,NA,NA,1,2,NA,NA,100,0,0,NA,NA,NA,NA,NA,NA,NA,NA,NA,NA,1,3,"A",1,0,0,0,1,NA,0,NA,0,"Occurs on mainland",0,0,"Afrotropical",2,1,0,0,0,0,1,0,0,0,0,1,0,0,0,0,0,0,0,1,0,0,1,0,0,0,0,0,0,0,0,0,0,0,"Laephotis botswanae","Laephotis botswanae",0,1,NA,NA,35.99000003,NA,NA,NA,NA,NA,NA,NA,0.272393892,0.580203898,0.656041089,33.12065354,35.76513552,-27.6822059,12.66106659,8.915546354,-0.227295759,0.692996748,-1.427703004,3.177135923,11.07825005,9.889567027,-9.166352118,0.380932244,-0.107554396,-4.045249782,-1.004287177,0.492476054
5761,"Chiroptera","Vespertilionidae","Laephotis namibensis",8.72,0.194,68.077,38.49,2308.857,NA,322.434,0.139650918181594,NA,389.833,89.721,NA,1.781,1.048,359.27,NA,44.436,NA,1566.912,0.168842418564684,NA,NA,NA,1,2,NA,NA,100,0,0,NA,NA,NA,NA,NA,NA,NA,NA,NA,NA,1,3,"A",1,0,0,0,1,NA,0,NA,0,"Occurs on mainland",0,0,"Afrotropical",2,1,0,0,0,0,1,0,0,0,0,1,0,0,0,0,0,0,0,1,0,0,0,0,0,1,0,0,0,0,0,0,0,0,"Laephotis namibensis","Laephotis namibensis",0,0,NA,NA,38.48999999,NA,NA,NA,NA,NA,NA,NA,NA,NA,NA,33.18669667,35.77060929,-27.48219467,12.55303718,8.854326023,-0.09196648,0.856387442,-1.621838537,3.42525884,11.35745167,9.898011416,-9.064018959,0.453130115,-0.084444637,-3.625170523,-0.855893076,0.553911789
5764,"Chiroptera","Vespertilionidae","Laephotis wintoni",6.1,0.168,64.598,38.49,1532.134,NA,280.966,0.183382132372234,NA,358.649,84.585,NA,1.864,1.067,357.122,NA,42.618,NA,1412.468,0.234084616619695,NA,NA,NA,1,2,NA,NA,100,0,0,NA,NA,NA,NA,NA,NA,NA,NA,NA,NA,1,3,"A",1,0,0,0,1,NA,0,NA,0,"Occurs on mainland",1,0,"Afrotropical",3,1,0,0,0,0,1,0,0,0,0,1,0,0,0,0,0,0,0,1,1,1,0,0,0,0,0,0,0,0,0,0,0,0,"Laephotis wintoni","Laephotis wintoni",0,0,32.93626101,5.700000004,38.48999999,NA,NA,NA,1,0,0,0,0.32897014,0.32897014,0.32897014,33.13781136,35.76312487,-27.62674262,12.63085121,8.886240783,-0.160470857,0.770178669,-1.514706134,3.29311742,11.2214049,9.906321225,-9.127468391,0.41623233,-0.099545481,-3.826424831,-0.958601968,0.518233847
4977,"Chiroptera","Phyllostomidae","Lampronycteris brachyotis",10.39,0.335,62,39.61,3818.361,NA,322.878,0.084559317466316,NA,408.471,115.446,NA,0.98,1.505,288.742,NA,61.926,NA,1614.215,0.106975479793555,NA,NA,NA,0,2,NA,NA,80,0,20,80,0,0,0,0,0,20,0,0,0,2,2,"S",1,0,0,0,1,700,NA,NA,0,"Occurs on mainland",1,0,"Neotropical",3,0,0,0,0,1,1,0,0,0,0,0,0,0,0,0,1,0,1,0,0,1,0,0,1,0,0,0,0,0,0,1,0,0,"Lampronycteris brachyotis","Lampronycteris brachyotis",1,0,42.79820063,5.9987,39.61,12.5,NA,6.000000002,0,0,0,1,0.724768292,1.185075949,1.36309078,18.20884349,-46.65211664,-19.96079829,8.831688024,-23.83127023,-16.02901199,-6.344737107,-15.42490276,5.132969531,-9.594612991,1.87698805,-6.512504187,-3.211524828,-2.272967562,1.378505417,0.148727049,1.428581998
5588,"Chiroptera","Vespertilionidae","Lasionycteris noctivagans",10.51,0.16,61.136,41.26,4380,154.68,153.34,0.0350091324200913,152,208.955,54.275,NA,1.885,1,364.75,1.795,35.995,10.1,1450.038,0.0477066210045662,0.321938629876308,NA,NA,1,2,NA,1.33,100,0,0,100,0,0,0,0,0,0,0,0,0,1,3,"A",1,0,0,0,1,NA,NA,NA,0,"Occurs on mainland",1,1,"Nearctic, Neotropical",3,1,0,0,0,0,1,0,0,0,0,0,0,0,0,1,1,0,1,0,0,1,0,1,0,0,0,0,0,0,0,1,0,0,"Lasionycteris noctivagans","Lasionycteris noctivagans",0,0,37.32890328,6.600000007,41.26000003,6.500000005,1,NA,0,0,0,1,0.012260217,0.665733591,1.090083299,32.7494638,36.73405716,-30.19295941,14.8791227,11.08643305,-2.691605251,-3.903523932,3.898934534,-4.926491718,-8.261040171,-4.903623621,3.569821807,-0.449513707,-0.119972488,-1.320360615,0.877937439,-1.350714974
5599,"Chiroptera","Vespertilionidae","Lasiurus atratus",19.4,0.399,78.464,NA,6757.695,NA,410.226,0.0607050185011309,NA,484.446,79.479,NA,1.801,1.002,364.561,NA,46.126,NA,2032.831,0.0716880533969053,NA,NA,NA,1,2,NA,NA,100,0,0,NA,NA,NA,NA,NA,NA,NA,NA,NA,NA,1,3,"A",1,0,0,0,1,NA,NA,NA,NA,"Occurs on mainland",NA,NA,"Neotropical",1,1,0,0,0,0,1,0,0,0,0,0,0,0,0,0,1,0,1,0,0,0,0,0,0,0,0,0,0,0,0,0,0,0,"Lasiurus atratus","Lasiurus atratus",1,0,NA,NA,NA,NA,NA,NA,NA,NA,NA,NA,1.528806393,1.565424597,1.58739552,32.46947365,36.43466297,-30.44859459,15.06626939,11.12494088,-2.960220596,-4.358335189,4.445805768,-5.66513314,-10.542436,-7.169035566,5.822884752,-0.614287608,0.090114881,0.597513451,0.851838716,-0.600663198
5600,"Chiroptera","Vespertilionidae","Lasiurus blossevillii",12.33,0.179,65,NA,939.875,60.88,303.055,0.32244181407102,NA,378.876,80,NA,3.06,1,355.665,1,38,5.84,1285.092,0.403113179944141,0.248175182481752,NA,NA,1,2,NA,NA,100,0,0,NA,NA,NA,NA,NA,NA,NA,NA,NA,NA,1,3,"A",1,0,0,0,1,2600,200,2400,NA,"Occurs on mainland",NA,NA,"Nearctic, Neotropical",3,1,0,0,0,0,1,0,0,0,0,0,0,0,0,1,1,0,1,1,0,1,0,0,0,0,0,0,0,0,0,1,0,0,"Lasiurus blossevillii","Lasiurus blossevillii",1,1,NA,NA,39.99999997,NA,NA,NA,0,0,1,0,0.074903089,0.985347755,1.462476995,32.41553224,36.35671994,-30.46125649,15.0808183,11.11702794,-2.982940811,-4.39484022,4.482743227,-5.708003656,-10.81370381,-7.529885146,6.23205909,-0.628001218,0.128484638,1.115113477,0.794263513,-0.394906521
5601,"Chiroptera","Vespertilionidae","Lasiurus borealis",13,0.17,65.656,40.71,939.875,60.88,319.962,0.340430376379838,NA,389.249,80,NA,3.06,1,356.525,1.5,38,5.84,1323.358,0.414149753956643,0.353076923076923,NA,NA,1,2,NA,1,100,0,0,100,0,0,0,0,0,0,0,0,0,1,3,"A",1,0,0,0,1,NA,NA,NA,0,"Occurs on mainland",0,1,"Nearctic, Neotropical",1,1,0,0,0,0,1,0,0,0,0,0,0,0,0,1,1,0,1,0,0,0,0,0,0,0,0,0,0,0,0,0,0,0,"Lasiurus borealis","Lasiurus borealis",0,0,54.77165685,7.125000005,34.23333003,0.5,1,0,0,0,1,0,0.126645382,0.925711184,1.226123938,32.30831541,36.18737321,-30.44436721,15.08741913,11.0937337,-3.044504674,-4.485342858,4.592130643,-5.843880214,-11.30419888,-8.077179648,6.819276065,-0.662880939,0.180318754,1.68370548,0.662915451,-0.129185685
5602,"Chiroptera","Vespertilionidae","Lasiurus castaneus",12.51,0.203,61,44.49,3671.352,NA,342.414,0.0932664587868447,NA,411.452,76.744,NA,2.323,1.013,362.57,NA,41.457,NA,1599.999,0.112070975488049,NA,NA,NA,1,2,NA,1,100,0,0,100,0,0,0,0,0,0,0,0,0,1,3,"A",1,0,0,0,1,NA,NA,NA,0,"Occurs on mainland",1,0,"Neotropical",1,1,0,0,0,0,1,0,0,0,0,0,0,0,0,0,1,0,1,0,0,0,0,0,0,0,0,0,0,0,0,0,0,0,"Lasiurus castaneus","Lasiurus castaneus",1,0,63.61260231,7.7,44.49,NA,NA,NA,NA,NA,NA,NA,NA,NA,NA,32.44700488,36.39704126,-30.43326845,15.06045184,11.10425895,-2.963914427,-4.369589613,4.460045602,-5.686464453,-10.70914591,-7.400617558,6.090864273,-0.622301036,0.116318551,1.001837237,0.82807089,-0.451218521
5603,"Chiroptera","Vespertilionidae","Lasiurus cinereus",26.03,0.423,82.675,54.4,5110,NA,329.062,0.0643956947162427,NA,380.665,56,NA,2,1,364.75,5.5,34,9.5,1724.943,0.0744941291585127,0.422589320015367,NA,NA,1,2,NA,1,100,0,0,100,0,0,0,0,0,0,0,0,0,1,3,"A",1,0,0,0,1,NA,NA,NA,0,"Occurs on mainland",1,0,"Nearctic, Neotropical",1,1,0,0,0,0,1,0,0,0,0,0,0,0,0,1,1,0,1,0,0,1,0,0,0,0,0,0,0,0,0,1,0,0,"Lasiurus cinereus","Aeorestes cinereus",0,0,51.44138239,8.100000002,45.00000002,1,1,0,0,0,0,1,0.019674747,0.492449249,0.700846288,32.5554815,36.54613116,-30.39252193,15.02290972,11.11486018,-2.884599841,-4.238731836,4.292140205,-5.462617272,-9.940194065,-6.564279355,5.205131302,-0.565942485,0.037544736,0.114628184,0.922936825,-0.82020105
5604,"Chiroptera","Vespertilionidae","Lasiurus degelidus",12.33,0.174,65,NA,939.875,60.88,318.546,0.338923793057587,NA,388.886,80,NA,3.06,1,356.328,1,38,5.84,1314.523,0.413763532384626,0.248175182481752,NA,NA,1,2,NA,NA,100,0,0,NA,NA,NA,NA,NA,NA,NA,NA,NA,NA,1,3,"A",1,0,0,0,1,400,NA,NA,NA,"Occurs only on isolated islands",NA,NA,"Neotropical",1,1,0,0,0,0,0,0,0,1,0,0,0,0,0,0,1,0,1,0,0,0,0,0,0,0,0,0,0,0,0,0,0,0,"Lasiurus degelidus","Lasiurus degelidus",1,0,NA,NA,NA,NA,NA,NA,NA,NA,NA,NA,NA,NA,NA,32.55800533,36.5531158,-30.40224113,15.02770072,11.12056494,-2.883390558,-4.235368419,4.287025174,-5.452318711,-9.883354703,-6.491720287,5.123044593,-0.562818946,0.029973268,-0.011642072,0.921836426,-0.861384425
5605,"Chiroptera","Vespertilionidae","Lasiurus ebenus",14,0.27,72.885,45.95,6240.681,NA,377.225,0.0604461275940879,NA,446.704,76.799,NA,1.86,1.003,364.395,NA,47.059,NA,1936.375,0.071579367700416,NA,NA,NA,1,2,NA,NA,100,0,0,NA,NA,NA,NA,NA,NA,NA,NA,NA,NA,1,3,"A",1,0,0,0,1,NA,NA,NA,NA,"Occurs on mainland",NA,NA,"Neotropical",2,1,0,0,0,0,1,0,0,0,0,0,0,0,0,0,1,0,1,0,0,1,0,0,0,0,0,0,0,0,0,1,0,0,"Lasiurus ebenus","Lasiurus ebenus",1,0,NA,NA,NA,NA,NA,NA,NA,NA,NA,NA,NA,NA,NA,32.45218309,36.41169862,-30.45570239,15.07217413,11.1187149,-2.967027764,-4.372783845,4.463615355,-5.688463452,-10.66969775,-7.334021052,6.009401864,-0.621545616,0.107053774,0.844497862,0.832065628,-0.507938444
5606,"Chiroptera","Vespertilionidae","Lasiurus ega",12.2,0.307,75,47.5,6537.107,377.37,377.37,0.057727370838507,NA,470.48,93.11,NA,2.07,1,364.541,NA,60.88,NA,2057.826,0.0719706744894951,NA,NA,NA,1,2,NA,NA,100,0,0,100,0,0,0,0,0,0,0,0,0,1,3,"A",1,0,0,0,1,1860,0,1860,0,"Occurs on mainland",1,0,"Nearctic, Neotropical",1,1,0,0,0,0,1,0,0,0,0,0,0,0,0,1,1,0,1,0,0,0,0,0,0,0,0,0,0,0,0,0,0,0,"Lasiurus ega","Dasypterus ega",1,0,NA,NA,47.50000004,13.49999998,1,2,0,0,0,1,0.02370568,0.615827309,0.652933197,32.58454547,36.57860329,-30.37332172,15.01104379,11.136123,-2.878049592,-4.216199095,4.257259196,-5.422014774,-9.771840633,-6.357384191,4.974454851,-0.557746406,0.013960797,-0.188071593,0.937285045,-0.933890668
5607,"Chiroptera","Vespertilionidae","Lasiurus egregius",17.41,0.305,70,48.99,6243.888,NA,372.618,0.0596772395661165,NA,436.46,74.274,NA,1.908,1.001,364.323,NA,45.13,NA,1879.47,0.0699019585232791,NA,NA,NA,1,2,NA,NA,100,0,0,100,0,0,0,0,0,0,0,0,0,1,3,"A",1,0,0,0,1,NA,NA,NA,0,"Occurs on mainland",1,0,"Neotropical",1,1,0,0,0,0,1,0,0,0,0,0,0,0,0,0,1,0,1,0,0,0,0,0,0,0,0,0,0,0,0,0,0,0,"Lasiurus egregius","Aeorestes egregius",1,0,NA,NA,48.98999995,NA,0,NA,NA,NA,NA,NA,NA,NA,NA,32.48594773,36.46600088,-30.47037329,15.07546627,11.13937656,-2.939565435,-4.32236668,4.390648852,-5.580567753,-10.30331211,-6.936944915,5.585926978,-0.593723351,0.070956938,0.372654408,0.871936427,-0.68924991
5609,"Chiroptera","Vespertilionidae","Lasiurus insularis",20,0.321,89,NA,4405.901,NA,348.9,0.0791892509613811,NA,414.029,76.1,NA,2.985,1,363.379,1.73,44.454,NA,1691.139,0.093971471442504,0.2582025,NA,NA,1,2,NA,NA,100,0,0,NA,NA,NA,NA,NA,NA,NA,NA,NA,NA,1,3,"A",1,0,0,0,1,NA,NA,NA,NA,"Occurs only on isolated islands",NA,NA,"Neotropical",1,1,0,0,0,0,0,0,0,1,0,0,0,0,0,0,1,0,1,0,0,0,0,0,0,0,0,0,0,0,0,0,0,0,"Lasiurus insularis","Dasypterus insularis",1,0,NA,NA,NA,NA,NA,NA,NA,NA,NA,NA,NA,NA,NA,32.35457114,36.26722637,-30.47862395,15.10005954,11.12537266,-3.02481976,-4.451124879,4.545687161,-5.778928508,-11.0334348,-7.758874784,6.469725482,-0.644684201,0.149879779,1.278668259,0.724572038,-0.294745626
5610,"Chiroptera","Vespertilionidae","Lasiurus intermedius",20,0.322,89,55.08,4572.178,NA,349.477,0.0764355630948751,NA,413.831,76.1,NA,2.985,1,363.394,1.73,44.261,NA,1706.858,0.0905106931532412,0.2582025,NA,NA,1,2,NA,NA,100,0,0,100,0,0,0,0,0,0,0,0,0,1,3,"A",1,0,0,0,1,1600,NA,NA,0,"Occurs on mainland",1,1,"Nearctic, Neotropical",1,1,0,0,0,0,1,0,0,0,0,0,0,0,0,1,1,0,1,0,0,0,0,0,0,0,0,0,0,0,0,0,0,0,"Lasiurus intermedius","Dasypterus intermedius",0,0,NA,NA,55.08000005,NA,1,NA,0,0,0,1,0.273477924,0.770011284,0.951393133,32.57674018,36.56895962,-30.37707917,15.01367926,11.13164606,-2.881239646,-4.223631147,4.268728788,-5.435757556,-9.817607664,-6.409517185,5.031528068,-0.560571255,0.020425622,-0.110838357,0.933974274,-0.902721943
5611,"Chiroptera","Vespertilionidae","Lasiurus minor",12.33,0.182,65,NA,939.875,263.793,365.25,0.388615507381301,365.25,445.25,80,NA,3.12,1,354.292,1.07,33,5.84,1452.203,0.473733209203351,0.270754257907543,NA,NA,1,2,NA,NA,100,0,0,NA,NA,NA,NA,NA,NA,NA,NA,NA,NA,1,3,"A",1,0,0,0,1,NA,NA,NA,NA,"Occurs only on isolated islands",NA,NA,"Neotropical",1,1,0,0,0,0,0,0,0,1,0,0,0,0,0,0,1,0,1,0,0,0,0,0,0,0,0,0,0,0,0,0,0,0,"Lasiurus minor","Lasiurus minor",1,0,NA,NA,NA,NA,NA,NA,NA,NA,NA,NA,NA,NA,NA,32.34320104,36.23802042,-30.44232943,15.0820189,11.10659575,-3.024117107,-4.449406959,4.541875735,-5.777533548,-11.09306086,-7.854195465,6.584170455,-0.646656519,0.162232127,1.479587097,0.71298449,-0.218249207
5612,"Chiroptera","Vespertilionidae","Lasiurus pfeifferi",12.33,0.186,65,NA,939.875,263.793,365.25,0.388615507381301,365.25,445.25,80,NA,3.12,1,354.593,1.07,33,5.84,1471.793,0.473733209203351,0.270754257907543,NA,NA,1,2,NA,NA,100,0,0,NA,NA,NA,NA,NA,NA,NA,NA,NA,NA,1,3,"A",1,0,0,0,1,500,50,450,NA,"Occurs only on isolated islands",NA,NA,"Neotropical",NA,1,0,0,0,0,0,0,0,1,0,0,0,0,0,0,1,0,1,0,0,0,0,0,0,1,0,0,0,0,0,0,0,0,"Lasiurus pfeifferi","Lasiurus pfeifferi",0,0,NA,NA,NA,NA,NA,NA,NA,NA,NA,NA,NA,NA,NA,32.49983439,36.47690098,-30.44768277,15.06262964,11.14512134,-2.935305023,-4.308580513,4.368704116,-5.556005564,-10.22244453,-6.84362194,5.483362837,-0.589037178,0.061202194,0.25278202,0.885966923,-0.736873787
6622,"Chiroptera","Vespertilionidae","Lasiurus salinae",12.33,0.178,65,NA,939.875,60.88,320.824,0.34134751961697,NA,389.872,80,NA,3.06,1,356.28,1,38,5.84,1326.055,0.414812608059582,0.248175182481752,NA,NA,1,2,NA,NA,100,0,0,NA,NA,NA,NA,NA,NA,NA,NA,NA,NA,1,3,"A",1,0,0,0,1,2600,200,2400,NA,NA,NA,NA,"Neotropical",1,1,0,0,0,0,NA,NA,NA,NA,0,0,0,0,0,0,1,0,0,0,1,0,0,0,0,0,0,0,0,0,0,0,0,0,"Lasiurus blossevillii","Lasiurus blossevillii",0,0,NA,NA,NA,NA,NA,NA,NA,NA,NA,NA,0.074903089,0.985347755,1.462476995,32.41553224,36.35671994,-30.46125649,15.0808183,11.11702794,-2.982940811,-4.39484022,4.482743227,-5.708003656,-10.81370381,-7.529885146,6.23205909,-0.628001218,0.128484638,1.115113477,0.794263513,-0.394906521
5613,"Chiroptera","Vespertilionidae","Lasiurus seminolus",13,0.185,64.792,NA,939.875,263.793,365.25,0.388615507381301,365.25,445.25,80,NA,3.12,1,354.425,1.285,33,5.84,1459.687,0.473733209203351,0.3084,NA,NA,1,2,NA,NA,100,0,0,100,0,0,0,0,0,0,0,0,0,1,3,"A",1,0,0,0,1,NA,NA,NA,0,"Occurs on mainland",0,0,"Nearctic",1,1,0,0,0,0,1,0,0,0,0,0,0,0,0,1,0,0,1,0,0,0,0,0,0,0,0,0,0,0,0,0,0,0,"Lasiurus seminolus","Lasiurus seminolus",1,0,NA,NA,NA,1.5,1,0,0,0,1,0,0.623475369,0.966415668,1.21721954,32.45368902,36.41602032,-30.46192117,15.07526702,11.12262139,-2.966420088,-4.37081706,4.460678679,-5.682259093,-10.62915769,-7.279453038,5.946377353,-0.61897933,0.100988058,0.743304697,0.835178707,-0.544272825
5615,"Chiroptera","Vespertilionidae","Lasiurus varius",11.815,0.256,108.25,NA,939.875,60.88,304.602,0.324087777630004,NA,377.82,80,NA,3.06,1,354.788,1,38,5.84,1297.916,0.40198962628009,0.258992805755396,NA,NA,1,2,NA,NA,100,0,0,NA,NA,NA,NA,NA,NA,NA,NA,NA,NA,1,3,"A",1,0,0,0,1,1000,NA,NA,NA,"Occurs on mainland",NA,NA,"Neotropical",2,1,0,0,0,0,1,0,0,0,0,0,0,0,0,0,1,0,1,0,0,1,0,0,0,0,0,0,0,0,0,1,0,0,"Lasiurus varius","Lasiurus varius",0,0,NA,NA,NA,NA,NA,NA,NA,NA,NA,NA,0.188363814,1.265600061,1.769430668,32.48238394,36.45681968,-30.45968827,15.07064887,11.13544699,-2.946905159,-4.334818012,4.409196169,-5.611626087,-10.40189778,-7.038009487,5.691258177,-0.601742671,0.07938948,0.488477815,0.869615387,-0.649165969
5617,"Chiroptera","Vespertilionidae","Lasiurus xanthinus",12.2,0.31,75,NA,6655.928,377.37,377.37,0.0566968272493332,NA,470.48,93.11,NA,2.07,1,364.328,NA,60.88,NA,2067.204,0.0706858607845518,NA,NA,NA,1,2,NA,NA,100,0,0,NA,NA,NA,NA,NA,NA,NA,NA,NA,NA,1,3,"A",1,0,0,0,1,NA,NA,NA,NA,"Occurs on mainland",NA,NA,"Nearctic, Neotropical",2,1,0,0,0,0,1,0,0,0,0,0,0,0,0,1,1,0,1,1,0,1,0,0,0,0,0,0,0,0,0,1,0,0,"Lasiurus xanthinus","Dasypterus xanthinus",0,0,NA,NA,NA,NA,NA,NA,NA,NA,NA,NA,0.044881847,0.277275354,0.315810984,32.59111817,36.59192874,-30.37812012,15.01157652,11.13286073,-2.871641069,-4.207265499,4.247147833,-5.40192742,-9.681784824,-6.255749249,4.866628133,-0.551505325,0.005067803,-0.311876137,0.931112066,-0.972396703
4393,"Chiroptera","Pteropodidae","Latidens salimalii",49.99,1.112,106.38,67.49,4016.082,NA,407.023,0.101348279243302,NA,534.483,133.397,NA,1.003,1.781,253.479,NA,73.75,NA,1748.671,0.13308567902747,NA,NA,NA,0,2,NA,NA,0,0,100,NA,NA,NA,NA,NA,NA,NA,NA,NA,NA,1,1,"Ar",1,0,0,0,1,1100,800,300,0,"Occurs on mainland",0,0,"Indomalayan",2,0,1,0,0,0,1,0,0,0,0,0,0,0,1,0,0,0,1,0,0,1,0,0,1,0,0,0,0,0,0,1,0,0,"Latidens salimalii","Latidens salimalii",1,0,NA,NA,67.48999998,NA,NA,NA,1,0,0,0,NA,NA,NA,-73.7150337,6.910055788,-0.869892302,-10.19797645,3.914078438,13.2435598,-14.09898213,-2.524209839,4.292045495,-5.509143717,4.614514601,0.909651202,10.52379695,-18.24270549,-0.749195291,1.920727243,3.743262302
4672,"Chiroptera","Megadermatidae","Lavia frons",28,0.644,74.995,56,5074.986,NA,583.039,0.114884848943426,NA,708.732,91.32,NA,1,1,361.856,NA,55,NA,2138.46,0.13965201086269,NA,NA,NA,1,2,NA,NA,100,0,0,100,0,0,0,0,0,0,0,0,0,1,3,"S",2,0,0,0,1,2000,0,2000,0,"Occurs on mainland",1,0,"Afrotropical",2,0,0,0,0,1,1,0,0,0,0,1,0,0,0,0,0,0,1,1,1,0,0,0,0,0,0,0,0,0,0,0,0,0,"Lavia frons","Lavia frons",0,1,40.50638287,5.4,56,NA,NA,NA,NA,NA,NA,NA,0.120501693,0.561622468,0.780565875,-64.89938815,9.194707918,18.20904907,31.41468167,-4.487156395,-20.91379885,29.95741857,31.89686948,33.34277546,-20.19341558,20.92154459,7.491856197,3.193615604,5.723197684,0.150067211,-0.895179071,-8.214973206
4939,"Chiroptera","Phyllostomidae","Leptonycteris curasoae",25,0.55,86,52.79,3686.5,NA,452.68,0.12279397802794,NA,569.702,121.83,NA,0.995,1,344.685,NA,41.99,NA,2190,0.154537366065374,NA,NA,NA,0,2,NA,NA,20,0,80,20,0,0,0,0,0,40,40,0,0,3,1,"Ar",1,0,0,0,1,1500,0,1500,0,"Occurs on mainland",1,0,"Neotropical",2,0,1,0,0,0,1,0,0,0,0,0,0,0,0,0,1,0,1,0,0,0,0,0,1,0,0,0,0,0,0,0,0,0,"Leptonycteris curasoae","Leptonycteris curasoae",1,0,NA,NA,52.79,2500.000002,1,NA,1,0,0,0,0.082873768,0.614994924,0.725537335,19.05239998,-48.29883345,-18.90504587,10.985987,-23.002029,-9.739456117,-9.20869563,-9.567635102,8.258388681,-7.679998875,-0.81353643,-7.327798377,-7.221795095,-4.432707528,1.307017354,-2.839075508,-3.142883521
4940,"Chiroptera","Phyllostomidae","Leptonycteris nivalis",22.63,0.586,93,56.78,3650,NA,310.8,0.0851506849315068,NA,401.708,121.66,NA,1,1,330.984,7.8,50.731,NA,1575.469,0.11005698630137,0.344675209898365,NA,NA,0,2,NA,NA,20,0,80,20,0,0,0,0,0,40,40,0,0,3,2,"Ar",1,0,0,0,1,3500,500,3000,0,"Occurs on mainland",1,0,"Nearctic, Neotropical",3,0,1,0,0,0,1,0,0,0,0,0,0,0,0,1,1,0,1,0,0,0,0,0,1,1,0,0,0,0,0,0,0,0,"Leptonycteris nivalis","Leptonycteris nivalis",0,0,NA,NA,56.78,NA,NA,NA,NA,NA,NA,NA,0.125618744,0.616446812,0.766195461,18.97179385,-48.14074129,-19.04267167,10.81805879,-23.19066519,-10.49697074,-9.037866219,-10.28391502,8.072409523,-7.961161314,-0.575297348,-7.324144782,-6.80539339,-4.391548027,1.226261238,-2.539590701,-2.922079224
4941,"Chiroptera","Phyllostomidae","Leptonycteris yerbabuenae",24.26,0.678,89.5,53.37,3686.5,NA,316.218,0.085777295537773,NA,415.175,121.83,NA,1,1,333.104,7.3,41.99,14.17,1695.638,0.112620371626204,0.300906842539159,NA,NA,0,2,NA,NA,10,0,90,NA,NA,NA,NA,NA,NA,NA,NA,NA,NA,1,1,"Ar",1,0,0,0,1,2600,NA,NA,0,"Occurs on mainland",1,0,"Nearctic, Neotropical",2,0,1,0,0,0,1,0,0,0,0,0,0,0,0,1,1,0,1,0,0,0,0,0,1,0,0,0,0,0,0,0,0,0,"Leptonycteris yerbabuenae","Leptonycteris yerbabuenae",0,0,39.38168809,5.900000005,53.37000002,1000,1,11,0,0,0,1,0.029662692,0.512772042,0.604414061,19.01474626,-48.20955368,-18.96078233,10.89415685,-23.10102896,-10.13116672,-9.128708772,-9.94571538,8.180928696,-7.832098035,-0.70433645,-7.328204748,-7.010966986,-4.400258493,1.2417146,-2.654499506,-3.019987352
4930,"Chiroptera","Phyllostomidae","Lichonycteris degener",6.5,0.459,55,31.55,4878.506,NA,444.469,0.091107605484138,NA,570.143,119.204,NA,0.98,1.434,289.961,NA,59.858,NA,2114.507,0.11686836092853,NA,NA,NA,0,2,NA,NA,0,0,100,0,0,0,0,0,0,50,50,0,0,2,1,"Ar",1,0,0,0,1,900,50,850,NA,NA,NA,NA,"Neotropical",1,0,1,0,0,0,NA,NA,NA,NA,0,0,0,0,0,0,1,0,1,0,0,0,0,0,0,0,0,0,0,0,0,0,0,0,"Lichonycteris obscura","Lichonycteris degener",0,0,43.7311,6.6763,NA,NA,NA,NA,NA,NA,NA,NA,1.259946989,1.371115087,1.441855514,18.39500404,-47.18082103,-19.90759503,9.414787334,-23.91622026,-14.72986553,-7.29452393,-14.20665785,6.249751296,-9.302743961,1.091500881,-6.954446315,-4.561180209,-3.283207465,1.195829484,-0.482873107,-0.359997266
4931,"Chiroptera","Phyllostomidae","Lichonycteris obscura",6.5,0.463,55,31.55,4894.371,NA,467.514,0.0955207523091323,NA,587.374,119.918,NA,0.98,1.36,299.542,NA,62.335,NA,2119.402,0.120010109572813,NA,NA,NA,0,2,NA,NA,0,0,100,0,0,0,0,0,0,50,50,0,0,2,1,"Ar",1,0,0,0,1,1000,NA,NA,0,"Occurs on mainland",1,0,"Neotropical",NA,0,1,0,0,0,1,0,0,0,0,0,0,0,0,0,1,0,1,0,0,1,0,0,0,0,0,0,0,0,0,1,0,0,"Lichonycteris obscura","Lichonycteris obscura",1,0,45.00991235,6.600000007,31.55000003,1,1,NA,0,1,0,0,0.444350359,1.947163382,2.425375275,18.39500404,-47.18082103,-19.90759503,9.414787334,-23.91622026,-14.72986553,-7.29452393,-14.20665785,6.249751296,-9.302743961,1.091500881,-6.954446315,-4.561180209,-3.283207465,1.195829484,-0.482873107,-0.359997266
4953,"Chiroptera","Phyllostomidae","Lionycteris spurrelli",8.85,0.352,60,34.99,5144.313,NA,438.034,0.0851491734659225,NA,552.766,114.406,NA,0.98,1.682,250.108,NA,57.694,NA,2100.685,0.107451859947091,NA,NA,NA,0,2,NA,NA,0,0,100,NA,NA,NA,NA,NA,NA,NA,NA,NA,NA,1,2,"Ar",1,0,0,0,1,1400,NA,NA,0,"Occurs on mainland",1,0,"Neotropical",4,0,1,0,0,0,1,0,0,0,0,0,0,0,0,0,1,0,1,1,0,1,0,0,1,0,0,0,0,0,0,1,0,0,"Lionycteris spurrelli","Lionycteris spurrelli",1,1,NA,NA,35.37500004,NA,NA,NA,1,0,0,0,0.316860968,1.780001212,1.854162628,23.29611199,-47.79866604,3.155632799,6.529313059,19.37206572,12.73215805,8.813749771,4.355196345,-6.484717347,-0.387989233,2.222465837,0.052885466,-0.73898563,-1.806092633,1.737968999,-14.26197763,1.107907755
4556,"Chiroptera","Pteropodidae","Lissonycteris angolensis",68.31,1.762,120.08,73.08,3157.25,NA,276.058,0.0874362182278882,NA,374.103,121.66,NA,0.99,2,242.055,NA,82.951,NA,1404.814,0.118490141737271,NA,NA,NA,0,2,NA,1,0,0,100,0,0,0,0,0,0,60,40,0,0,2,1,"Ar",1,0,0,0,1,4000,0,4000,0,"Occurs on mainland",1,0,"Afrotropical",5,0,1,0,0,0,1,0,0,0,0,1,0,0,0,0,0,0,1,1,1,1,0,1,1,0,0,0,0,0,0,1,0,0,"Myonycteris angolensis","Lissonycteris angolensis",1,1,NA,NA,NA,NA,NA,NA,NA,NA,NA,NA,0.548155281,1.06194851,1.2383254,-50.19904882,-11.54517924,-25.67180408,-37.24904585,-3.1529766,-21.1126041,22.15077249,-3.445136979,-16.33851552,6.977016033,5.426341534,12.00437674,6.459155763,-10.90340019,-2.395079055,2.131458907,-9.634114682
4954,"Chiroptera","Phyllostomidae","Lonchophylla bokermanni",9.74,0.4,61.047,40,5030.306,NA,428.444,0.0851725521270476,NA,540.616,113.836,NA,0.987,1.68,250.156,NA,60.549,NA,2096.837,0.107471791974484,NA,NA,NA,0,2,NA,NA,40,0,60,40,0,0,0,0,0,30,30,0,0,3,2,"Ar",1,0,0,0,1,NA,NA,NA,0,"Occurs on mainland",0,0,"Neotropical",2,0,1,0,0,0,1,0,0,0,0,0,0,0,0,0,1,0,1,1,0,0,0,0,0,0,0,0,0,0,0,0,0,0,"Lonchophylla bokermanni","Lonchophylla bokermanni",0,1,NA,NA,NA,NA,NA,NA,NA,NA,NA,NA,1.170431566,1.170431566,1.170431566,23.27151963,-47.87102688,3.04254558,6.594339406,19.25271491,12.75214196,8.728080392,4.463158962,-6.437790607,-0.267596132,2.172394312,0.163946999,-0.668986499,-1.739766793,1.621386354,-14.22212434,1.248640299
6621,"Chiroptera","Phyllostomidae","Lonchophylla cadenai",NA,NA,NA,NA,NA,NA,NA,NA,NA,NA,NA,NA,NA,NA,NA,NA,NA,NA,NA,NA,NA,NA,NA,NA,NA,NA,NA,NA,NA,NA,NA,NA,NA,NA,NA,NA,NA,NA,NA,NA,NA,NA,NA,NA,0,0,0,1,2430,75,2355,NA,NA,NA,NA,"Neotropical",1,NA,NA,NA,NA,NA,NA,NA,NA,NA,0,0,0,0,0,0,1,0,1,0,0,0,0,0,0,0,0,0,0,0,0,0,0,0,"Hsunycteris cadenai","Hsunycteris cadenai",1,0,NA,NA,NA,NA,NA,NA,NA,NA,NA,NA,1.434666853,1.593587616,1.688940074,23.14642805,-48.11224004,2.15568681,7.0419483,17.78624372,13.22296967,8.107116275,5.576261474,-6.298332125,0.528463202,1.952316887,0.665670645,-0.370860758,-1.44330341,1.096724106,-13.19983604,1.731107222
4955,"Chiroptera","Phyllostomidae","Lonchophylla chocoana",21,0.565,74.691,NA,4999.624,NA,428.753,0.0857570489300795,NA,545.993,117.809,NA,0.989,1.653,237.913,NA,60.54,NA,2122.499,0.109206812352289,NA,NA,NA,0,2,NA,NA,20,0,80,NA,NA,NA,NA,NA,NA,NA,NA,NA,NA,3,2,"Ar",1,0,0,0,1,NA,NA,NA,NA,"Occurs on mainland",NA,NA,"Neotropical",1,0,1,0,0,0,1,0,0,0,0,0,0,0,0,0,1,0,1,0,0,0,0,0,0,0,0,0,0,0,0,0,0,0,"Lonchophylla chocoana","Lonchophylla chocoana",1,0,NA,NA,NA,NA,NA,NA,NA,NA,NA,NA,NA,NA,NA,23.18877139,-48.01716716,2.50919693,6.867684446,18.43695668,13.01952615,8.359109883,5.122674262,-6.341346096,0.230565625,2.023441228,0.504441885,-0.474582392,-1.545635168,1.236355902,-13.68118388,1.592979481
4956,"Chiroptera","Phyllostomidae","Lonchophylla concava",7.4,0.432,65,33.86,4883.24,NA,458.129,0.0938166053685668,NA,571.616,118.048,NA,0.98,1.64,246.475,NA,61.222,NA,2136.321,0.117056708251079,NA,NA,NA,0,2,NA,NA,20,0,80,40,0,0,0,0,0,30,30,0,0,3,2,"Ar",1,0,0,0,1,1000,0,1000,NA,"Occurs on mainland",NA,NA,"Neotropical",1,0,1,0,0,0,1,0,0,0,0,0,0,0,0,0,1,0,1,0,0,0,0,0,0,0,0,0,0,0,0,0,0,0,"Lonchophylla concava","Lonchophylla concava",1,0,NA,NA,NA,NA,NA,NA,NA,NA,NA,NA,1.223833344,2.251835087,2.722531841,23.36488587,-47.50347064,3.598598241,6.293384265,20.05126129,12.72920738,9.251577195,3.941314297,-6.707721269,-0.829011794,2.443189715,-0.365359338,-1.008246668,-2.06433299,2.319440419,-14.37435885,0.561113893
4957,"Chiroptera","Phyllostomidae","Lonchophylla dekeyseri",7.2,0.393,61.108,35.99,5056.565,NA,418.555,0.0827745712751641,NA,531.016,116.043,NA,0.989,1.676,249.201,NA,59.998,NA,2097.346,0.105015163455824,NA,NA,NA,0,2,NA,NA,40,0,60,40,0,0,0,0,0,30,30,0,0,3,2,"Ar",1,0,0,0,1,NA,NA,NA,0,"Occurs on mainland",0,0,"Neotropical",2,0,1,0,0,0,1,0,0,0,0,0,0,0,0,0,1,0,0,1,0,0,0,0,1,0,0,0,0,0,0,0,0,0,"Lonchophylla dekeyseri","Lonchophylla dekeyseri",0,0,NA,NA,NA,NA,NA,NA,NA,NA,NA,NA,1.118419063,1.262863699,1.34953048,23.31650001,-47.70912712,3.281903979,6.467140386,19.61969634,12.73500458,8.960688415,4.208524847,-6.547009832,-0.535648456,2.302531215,-0.107052433,-0.846357822,-1.907243255,1.942158142,-14.28536896,0.892248825
4958,"Chiroptera","Phyllostomidae","Lonchophylla fornicata",NA,NA,NA,NA,NA,NA,NA,NA,NA,NA,NA,NA,NA,NA,NA,NA,NA,NA,NA,NA,NA,NA,NA,NA,NA,NA,NA,NA,NA,NA,NA,NA,NA,NA,NA,NA,NA,NA,NA,NA,NA,NA,NA,NA,0,0,0,1,512,75,437,NA,NA,NA,NA,"Neotropical",1,NA,NA,NA,NA,NA,NA,NA,NA,NA,0,0,0,0,0,0,1,0,1,0,0,0,0,0,0,0,0,0,0,0,0,0,0,0,"Lonchophylla fornicata","Lonchophylla fornicata",1,0,NA,NA,NA,NA,NA,NA,NA,NA,NA,NA,NA,NA,NA,23.3931783,-47.42809766,3.709925943,6.236326918,20.22571584,12.72766886,9.342410593,3.860878555,-6.749657547,-0.891472822,2.506261509,-0.469685463,-1.054331983,-2.104048216,2.417742947,-14.24718612,0.426537517
4959,"Chiroptera","Phyllostomidae","Lonchophylla handleyi",14.53,0.447,64.772,45.99,5093.632,NA,372.445,0.0731197306754787,NA,491.861,113.082,NA,0.99,1.741,237.935,NA,58.942,NA,2064.848,0.0965639056767352,NA,NA,NA,0,2,NA,NA,40,0,60,40,0,0,0,0,0,30,30,0,0,3,2,"Ar",1,0,0,0,1,2200,1400,800,0,"Occurs on mainland",0,0,"Neotropical",2,0,1,0,0,0,1,0,0,0,0,0,0,0,0,0,1,0,1,0,0,0,0,0,1,0,0,0,0,0,0,0,0,0,"Lonchophylla handleyi","Lonchophylla handleyi",1,0,NA,NA,45.99000005,NA,NA,NA,1,0,0,0,1.429703234,2.238268913,2.073743542,23.2101428,-47.98773862,2.608622944,6.811424521,18.52438055,12.97708065,8.429501013,4.984072555,-6.368275343,0.083766007,2.064969039,0.383249482,-0.54887907,-1.614335625,1.345042066,-13.78861161,1.491734798
4960,"Chiroptera","Phyllostomidae","Lonchophylla hesperia",8.72,0.428,64.454,38.49,4930.559,NA,485.566,0.0984809227513554,NA,599.878,119.07,NA,0.987,1.599,252.331,NA,64.501,NA,2190,0.12166531218874,NA,NA,NA,0,2,NA,NA,40,0,60,40,0,0,0,0,0,30,30,0,0,3,2,"Ar",1,0,0,0,1,NA,NA,NA,0,"Occurs on mainland",1,0,"Neotropical",NA,0,1,0,0,0,1,0,0,0,0,0,0,0,0,0,1,0,1,0,0,0,0,0,0,1,0,0,0,0,0,0,0,0,"Lonchophylla hesperia","Lonchophylla hesperia",0,0,NA,NA,NA,NA,NA,NA,NA,NA,NA,NA,0.215711831,0.456517658,0.617054876,23.46356313,-47.12519364,4.063673352,6.094639026,20.71149863,12.81463334,9.575909977,3.722387536,-6.884826494,-1.088530956,2.602538562,-0.674940932,-1.08797775,-2.194412721,2.720120566,-14.28410239,0.16530627
4962,"Chiroptera","Phyllostomidae","Lonchophylla mordax",21.56,0.432,65,33.86,4996.216,NA,421.316,0.0843270186877429,NA,537.817,115.403,NA,0.98,1.689,239.942,NA,60.534,NA,2104.791,0.107644865634312,NA,NA,NA,0,2,NA,NA,40,0,60,40,0,0,0,0,0,30,30,0,0,3,2,"Ar",1,0,0,0,1,NA,NA,NA,0,"Occurs on mainland",1,0,"Neotropical",2,0,1,0,0,0,1,0,0,0,0,0,0,0,0,0,1,0,1,0,0,0,0,0,1,0,0,0,0,0,0,0,0,0,"Lonchophylla mordax","Lonchophylla mordax",1,0,NA,NA,35.85,NA,NA,NA,NA,NA,NA,NA,0.300729023,1.3472957,2.06157304,23.42929169,-47.25609053,3.895900893,6.133601227,20.47860377,12.76768432,9.48761638,3.81751436,-6.844796743,-0.951546999,2.562706296,-0.523981873,-1.125135695,-2.185220094,2.560787148,-14.26346494,0.272973559
4963,"Chiroptera","Phyllostomidae","Lonchophylla orcesi",22,0.589,76.156,NA,5070.19,NA,399.647,0.0788228843495017,NA,517.537,116.741,NA,0.989,1.683,235.676,NA,59.666,NA,2093.976,0.102074478471221,NA,NA,NA,0,2,NA,NA,20,0,80,NA,NA,NA,NA,NA,NA,NA,NA,NA,NA,3,2,"Ar",1,0,0,0,1,NA,NA,NA,NA,"Occurs on mainland",NA,NA,"Neotropical",1,0,1,0,0,0,1,0,0,0,0,0,0,0,0,0,1,0,1,0,0,0,0,0,0,0,0,0,0,0,0,0,0,0,"Lonchophylla orcesi","Lonchophylla orcesi",1,0,NA,NA,NA,NA,NA,NA,NA,NA,NA,NA,NA,NA,NA,23.3140625,-47.74167707,3.224510073,6.492707053,19.48657406,12.72650466,8.884263251,4.2716198,-6.510789271,-0.465096509,2.2680896,-0.040262786,-0.799190372,-1.862551314,1.844986507,-14.27222753,0.987469445
4964,"Chiroptera","Phyllostomidae","Lonchophylla orienticollina",NA,NA,NA,NA,NA,NA,NA,NA,NA,NA,NA,NA,NA,NA,NA,NA,NA,NA,NA,NA,NA,NA,NA,NA,NA,NA,NA,NA,NA,NA,NA,NA,NA,NA,NA,NA,NA,NA,NA,NA,NA,NA,NA,NA,0,0,0,1,2013,75,1938,NA,NA,NA,NA,"Neotropical",1,NA,NA,NA,NA,NA,NA,NA,NA,NA,0,0,0,0,0,0,1,0,1,0,0,0,0,0,0,0,0,0,0,0,0,0,0,0,"Lonchophylla orienticollina","Lonchophylla orienticollina",1,0,NA,NA,NA,NA,NA,NA,NA,NA,NA,NA,1.351746735,2.453333895,3.077612288,23.25839281,-47.88996792,2.941592832,6.641437074,19.05432799,12.81152947,8.655393951,4.594916496,-6.422800222,-0.180472396,2.146606706,0.217659563,-0.639712097,-1.70866055,1.548746174,-14.12440098,1.321171949
6620,"Chiroptera","Phyllostomidae","Lonchophylla pattoni",NA,NA,NA,NA,NA,NA,NA,NA,NA,NA,NA,NA,NA,NA,NA,NA,NA,NA,NA,NA,NA,NA,NA,NA,NA,NA,NA,NA,NA,NA,NA,NA,NA,NA,NA,NA,NA,NA,NA,NA,NA,NA,NA,NA,0,0,0,1,980,80,900,NA,NA,NA,NA,"Neotropical",1,NA,NA,NA,NA,NA,NA,NA,NA,NA,0,0,0,0,0,0,1,0,1,0,0,0,0,0,0,0,0,0,0,0,0,0,0,0,"Hsunycteris pattoni","Hsunycteris pattoni",1,0,NA,NA,NA,NA,NA,NA,NA,NA,NA,NA,1.912825601,1.912825601,1.912825601,23.10998944,-48.27304342,1.705724135,7.267023097,16.90078619,13.47982059,7.796978225,6.083659338,-6.259745066,0.771089956,1.909981718,0.718470979,-0.343918419,-1.418888705,1.073778832,-12.69745952,1.76714935
4965,"Chiroptera","Phyllostomidae","Lonchophylla peracchii",9.74,0.4,60.792,40,5048.116,NA,429.095,0.085001018201642,NA,542.271,114.7,NA,0.987,1.672,250.918,NA,60.923,NA,2105.922,0.10742047132039,NA,NA,NA,0,2,NA,NA,40,0,60,40,0,0,0,0,0,30,30,0,0,3,2,"Ar",1,0,0,0,1,900,0,900,NA,NA,NA,NA,"Neotropical",1,0,1,0,0,0,NA,NA,NA,NA,0,0,0,0,0,0,1,0,1,0,0,0,0,0,0,0,0,0,0,0,0,0,0,0,"Lonchophylla peracchii","Lonchophylla peracchii",1,0,NA,NA,NA,NA,NA,NA,NA,NA,NA,NA,NA,NA,NA,23.34954548,-47.61384355,3.478369297,6.36046266,19.86747427,12.6923372,9.121350088,3.990397348,-6.611406659,-0.751429736,2.382161156,-0.295050037,-0.963713691,-2.015903227,2.165337998,-14.32554466,0.662500964
4966,"Chiroptera","Phyllostomidae","Lonchophylla robusta",13.72,0.522,78,42.5,4818.341,NA,411.593,0.0854221401100503,NA,528.674,117.609,NA,0.98,1.539,271.672,NA,61.271,NA,2016.067,0.109721167513881,NA,NA,NA,0,2,NA,NA,40,0,60,40,0,0,0,0,0,30,30,0,0,3,2,"Ar",1,0,0,0,1,800,NA,NA,0,"Occurs on mainland",1,0,"Neotropical",3,0,1,0,0,0,1,0,0,0,0,0,0,0,0,0,1,0,1,0,0,1,0,0,1,0,0,0,0,0,0,1,0,0,"Lonchophylla robusta","Lonchophylla robusta",1,0,NA,NA,42.5,NA,NA,NA,0,1,0,0,0.316860968,2.085784305,3.098909505,23.22185985,-47.96280743,2.697041345,6.766520978,18.67963161,12.92915085,8.506519737,4.849385077,-6.387876847,-0.021516347,2.098769956,0.306939182,-0.594904133,-1.662426092,1.43857354,-13.93067419,1.415313783
6543,"Chiroptera","Phyllostomidae","Lonchophylla thomasi",7.09,0.344,57,32.49,5091.473,NA,388.005,0.0762068265902618,NA,499.99,114.418,NA,0.99,1.706,247.149,NA,55.991,NA,2054.035,0.0982014438650662,NA,NA,NA,0,2,NA,NA,40,0,60,40,0,0,0,0,0,30,30,0,0,3,2,"Ar",1,0,0,0,1,850,NA,NA,0,"Occurs on mainland",1,0,"Neotropical",2,0,1,0,0,0,1,0,0,0,0,0,0,0,0,0,1,0,1,0,0,0,0,0,1,0,0,0,0,0,0,0,0,0,"Lonchophylla thomasi","Hsunycteris thomasi",1,0,41.0818,6.347599993,31.99999998,NA,NA,NA,NA,NA,NA,NA,0.316860968,1.688085025,1.849713365,23.17773885,-48.06503517,2.382439064,6.934121641,18.19592894,13.09494285,8.245824745,5.308960102,-6.303338393,0.371256238,1.974658137,0.596981297,-0.420631596,-1.486803428,1.128935902,-13.40700538,1.656464619
4969,"Chiroptera","Phyllostomidae","Lonchorhina aurita",15.38,0.377,74,51.05,5247.502,NA,494.967,0.0943243089759661,NA,634.756,118.579,NA,0.98,1,357.871,NA,76.055,NA,2110.981,0.120963460328362,NA,NA,NA,0,2,NA,NA,100,0,0,100,0,0,0,0,0,0,0,0,0,1,3,"S",1,0,0,0,1,1500,NA,NA,0,"Occurs on mainland",1,0,"Neotropical",2,0,0,0,0,1,1,0,0,0,0,0,0,0,0,0,1,0,1,0,0,1,0,0,1,0,0,0,0,0,0,1,0,0,"Lonchorhina aurita","Lonchorhina aurita",1,0,NA,NA,51.04999995,NA,NA,7,0,0,0,1,0.610609609,1.783489954,2.271206539,18.26027854,-46.79905111,-19.96356849,9.005136096,-23.91274117,-15.69460406,-6.642711368,-15.11704473,5.476442332,-9.542959014,1.652267083,-6.661645808,-3.592705297,-2.590531334,1.319500004,-0.026109879,0.899669019
4970,"Chiroptera","Phyllostomidae","Lonchorhina fernandezi",11.59,1.265,81.262,42.5,5426.048,NA,523.012,0.0963891215116416,NA,676.939,138.698,NA,1.013,1.018,356.89,NA,99.48,NA,2189.369,0.124757281911255,NA,NA,NA,0,2,NA,NA,100,0,0,100,0,0,0,0,0,0,0,0,0,1,3,"S",1,0,0,0,1,90,70,20,0,"Occurs on mainland",0,0,"Neotropical",1,0,0,0,0,1,1,0,0,0,0,0,0,0,0,0,1,0,0,1,0,0,0,0,1,0,0,0,0,0,0,0,0,0,"Lonchorhina fernandezi","Lonchorhina fernandezi",0,0,NA,NA,NA,NA,NA,NA,NA,NA,NA,NA,NA,NA,NA,21.45233399,-50.15425443,-11.43050507,12.17381588,-11.20511293,12.28173282,-4.787300118,15.96583029,-0.685055751,11.19359665,-2.31873208,8.228264355,6.378944273,5.04105142,-4.492020991,6.388162752,4.263550482
4971,"Chiroptera","Phyllostomidae","Lonchorhina inusitata",18.6,0.452,72.113,NA,5340.772,NA,462.63,0.0866223085351706,NA,588.759,118.028,NA,1.003,1.132,341.032,NA,75.123,NA,2097.418,0.110238557272245,NA,NA,NA,0,2,NA,NA,100,0,0,NA,NA,NA,NA,NA,NA,NA,NA,NA,NA,1,3,"S",1,0,0,0,1,NA,NA,NA,NA,"Occurs on mainland",NA,NA,"Neotropical",2,0,0,0,0,1,1,0,0,0,0,0,0,0,0,0,1,0,1,0,0,0,0,0,1,0,0,0,0,0,0,0,0,0,"Lonchorhina inusitata","Lonchorhina inusitata",1,0,NA,NA,NA,NA,NA,NA,1,0,0,0,1.61832124,1.61832124,1.61832124,19.91116781,-49.7930332,-17.32108593,12.11845151,-21.05825442,-2.057125302,-9.31705537,-1.234897164,8.001261522,-2.202250465,-2.662717217,-3.165683185,-7.722551866,-5.873223944,0.406813061,-1.56605014,-7.294115844
4973,"Chiroptera","Phyllostomidae","Lonchorhina marinkellei",17.67,0.957,78.223,59.5,5376.737,NA,470.416,0.0874909819840546,NA,614.908,127.389,NA,1.011,1.078,347.758,NA,81.77,NA,2132.716,0.114364530011418,NA,NA,NA,0,2,NA,NA,100,0,0,100,0,0,0,0,0,0,0,0,0,1,3,"S",1,0,0,0,1,240,180,60,0,"Occurs on mainland",0,0,"Neotropical",2,0,0,0,0,1,1,0,0,0,0,0,0,0,0,0,1,0,0,0,0,1,0,0,1,0,0,0,0,0,0,0,0,0,"Lonchorhina marinkellei","Lonchorhina marinkellei",0,0,NA,NA,NA,NA,NA,NA,NA,NA,NA,NA,1.671468682,2.437694282,2.693102815,19.30590383,-48.89046357,-18.58520124,11.52771931,-22.50577884,-7.538081741,-9.442587624,-7.419302479,8.375750375,-6.634373606,-1.27295507,-6.85061947,-7.799616164,-4.934942999,1.49874935,-3.643944395,-4.171364232
4974,"Chiroptera","Phyllostomidae","Lonchorhina orinocensis",9.04,0.441,49,43,5626.673,NA,460.188,0.0817868747659585,NA,588.247,121.722,NA,1.007,1.124,343.628,NA,72.898,NA,2139.253,0.104546150096158,NA,NA,NA,0,2,NA,NA,100,0,0,100,0,0,0,0,0,0,0,0,0,1,3,"S",1,0,0,0,1,300,80,220,0,"Occurs on mainland",1,0,"Neotropical",3,0,0,0,0,1,1,0,0,0,0,0,0,0,0,0,1,0,1,1,0,0,0,1,0,0,0,0,0,0,0,0,0,0,"Lonchorhina orinocensis","Lonchorhina orinocensis",1,1,NA,NA,43.00000004,NA,NA,NA,NA,NA,NA,NA,0.900579151,1.533578851,1.732772544,18.23077671,-46.72293875,-19.97087813,8.900250372,-23.88127303,-15.91392402,-6.467345953,-15.31615032,5.271134075,-9.579760227,1.788185686,-6.572754477,-3.361866277,-2.396200199,1.347660799,0.075155572,1.215542203
4997,"Chiroptera","Phyllostomidae","Lophostoma brasiliense",9.76,0.405,61,36.5,5001.05,NA,446.433,0.0892678537507123,NA,566.973,117.231,NA,0.98,1.119,340.948,NA,76.561,NA,2014.727,0.113370792133652,NA,NA,NA,0,2,NA,NA,90,0,10,90,0,0,0,0,0,10,0,0,0,1,2,"S",1,0,0,0,1,500,NA,NA,0,"Occurs on mainland",1,0,"Neotropical",3,0,0,0,0,1,1,0,0,0,0,0,0,0,0,0,1,0,1,1,0,1,0,0,0,0,0,0,0,0,0,1,0,0,"Lophostoma brasiliense","Lophostoma brasiliense",1,0,38.4415,5.086200005,36.49999996,NA,NA,NA,0,1,0,0,0.470417695,1.656921483,2.358134435,19.54446941,-49.37930692,-18.23985777,11.88799005,-22.09484096,-5.688254906,-9.501614765,-5.499685656,8.302886168,-5.453319816,-1.676609475,-5.975303783,-7.812465511,-5.26079399,1.387998517,-3.643664947,-5.149606556
4998,"Chiroptera","Phyllostomidae","Lophostoma carrikeri",22.35,0.653,83.499,46.5,4791.813,NA,304.386,0.0635220948730679,NA,403.058,112.56,NA,1.001,2,247.779,NA,71.12,NA,1807.416,0.0841138834090562,NA,NA,NA,0,2,NA,NA,90,0,10,90,0,0,0,0,0,10,0,0,0,1,2,"S",1,0,0,0,1,NA,NA,NA,0,"Occurs on mainland",0,0,"Neotropical",2,0,0,0,0,1,1,0,0,0,0,0,0,0,0,0,1,0,1,1,0,0,0,0,0,0,0,0,0,0,0,0,0,0,"Lophostoma carrikeri","Lophostoma carrikeri",1,1,42.8035,5.476299995,46.50000001,NA,NA,NA,0,1,0,0,1.407455691,1.796876484,2.001796009,19.48507914,-49.26610005,-18.33608034,11.79282725,-22.2111417,-6.215776037,-9.474695483,-6.07201759,8.311550166,-5.825497279,-1.544981292,-6.256830131,-7.814745653,-5.203222669,1.457278842,-3.76012497,-4.911094331
4999,"Chiroptera","Phyllostomidae","Lophostoma evotis",20.58,0.682,79.5,49.97,5263.799,NA,474.447,0.0901339507834551,NA,606.522,122.309,NA,1,1,350.555,NA,90.161,NA,2123.187,0.115225144425158,NA,NA,NA,0,2,NA,NA,90,0,10,90,0,0,0,0,0,10,0,0,0,1,2,"S",1,0,0,0,1,200,NA,NA,0,"Occurs on mainland",1,0,"Neotropical",1,0,0,0,0,1,1,0,0,0,0,0,0,0,0,0,1,0,1,0,0,0,0,0,0,0,0,0,0,0,0,0,0,0,"Lophostoma evotis","Lophostoma evotis",1,0,NA,NA,49.96999995,NA,NA,NA,0,1,0,0,0.859937457,1.305099695,1.518316496,19.39430721,-49.08709443,-18.46407632,11.64511381,-22.34610189,-6.913094112,-9.436451396,-6.810155419,8.330274103,-6.294931354,-1.378465001,-6.621738882,-7.845366296,-5.03989191,1.529692724,-3.783090289,-4.427878024
5000,"Chiroptera","Phyllostomidae","Lophostoma kalkoae",NA,160.69,1220.484,NA,9566.594,NA,818.978,0.0856081067096607,NA,983.913,195.871,NA,1.104,1.036,404.991,NA,194.641,NA,3315.663,0.102848830001566,NA,NA,NA,0,2,NA,NA,89,0,11,NA,NA,NA,NA,NA,NA,NA,NA,NA,NA,1,3,"S",1,0,0,0,1,NA,NA,NA,NA,"Occurs on mainland",NA,NA,"Neotropical",1,0,0,0,0,1,1,0,0,0,0,0,0,0,0,0,1,0,1,0,0,0,0,0,0,0,0,0,0,0,0,0,0,0,"Lophostoma kalkoae","Lophostoma kalkoae",1,0,NA,NA,NA,NA,NA,NA,NA,NA,NA,NA,NA,NA,NA,19.56877729,-49.40281729,-18.18290181,11.89172156,-22.0544501,-5.512869178,-9.494958046,-5.297966769,8.293179257,-5.298249999,-1.734614157,-5.842073961,-7.802488973,-5.268519358,1.349724168,-3.575965536,-5.258478882
6648,"Chiroptera","Phyllostomidae","Lophostoma occidentalis",32.29,0.756,89,54.5,5057.546,NA,326.264,0.0645103376222381,NA,433.168,116.591,NA,0.99,2,248.936,NA,78.154,NA,1878.622,0.0856478616309174,NA,NA,NA,0,2,NA,NA,88,1,11,90,0,0,0,0,0,10,0,0,0,1,2,"S",1,0,0,0,1,979,300,679,NA,"Occurs on mainland",NA,NA,"Neotropical",1,0,0,0,0,1,1,0,0,0,0,0,0,0,0,0,1,0,1,0,0,0,0,0,0,0,0,0,0,0,0,0,0,0,"Lophostoma aequatorialis","Lophostoma occidentale",1,0,NA,NA,NA,NA,NA,NA,NA,NA,NA,NA,0.166372877,1.032364726,1.702067236,19.51086955,-49.33305313,-18.30445504,11.82301175,-22.16582881,-5.984705628,-9.474197067,-5.810569936,8.298610306,-5.64759005,-1.604160228,-6.122412283,-7.843343914,-5.223692745,1.427854122,-3.694664031,-5.021991765
5002,"Chiroptera","Phyllostomidae","Lophostoma schulzi",18.02,0.51,76.028,42.61,4923.303,NA,377.011,0.076576842822796,NA,486.682,116.187,NA,0.992,1.73,256.276,NA,74.676,NA,1974.879,0.0988527417467501,NA,NA,NA,0,2,NA,NA,90,0,10,90,0,0,0,0,0,10,0,0,0,1,2,"S",1,0,0,0,1,NA,NA,NA,0,"Occurs on mainland",0,0,"Neotropical",1,0,0,0,0,1,1,0,0,0,0,0,0,0,0,0,1,0,1,0,0,0,0,0,0,0,0,0,0,0,0,0,0,0,"Lophostoma schulzi","Lophostoma schulzi",1,0,NA,NA,42.60999998,NA,NA,NA,NA,NA,NA,NA,1.268266825,1.50381498,1.654830604,19.44109482,-49.15459307,-18.39393778,11.74416024,-22.29616929,-6.607536788,-9.483413145,-6.504200175,8.334120418,-6.11171291,-1.443526433,-6.468970659,-7.740834418,-5.138783021,1.485514507,-3.823866664,-4.643889977
6544,"Chiroptera","Phyllostomidae","Lophostoma silvicolum",32.29,0.756,89,54.5,5023.45,NA,322.004,0.0641001702017538,NA,424.109,114.148,NA,0.99,2,252.838,NA,74.115,NA,1862.827,0.0844258427972808,NA,NA,NA,0,2,NA,NA,90,0,10,90,0,0,0,0,0,10,0,0,0,1,2,"S",1,0,0,0,1,1845,0,1845,0,"Occurs on mainland",1,0,"Neotropical",1,0,0,0,0,1,1,0,0,0,0,0,0,0,0,0,1,0,1,0,0,0,0,0,0,0,0,0,0,0,0,0,0,0,"Lophostoma silvicolum","Lophostoma silvicola",1,0,33.5559,5.283699999,54.49999997,9.499999994,NA,1,0,0,0,1,0.25527192,1.678933869,2.089171073,19.34748534,-48.98454287,-18.51227082,11.57919874,-22.37744619,-7.174131595,-9.430487635,-7.078318649,8.36898819,-6.466854192,-1.337620096,-6.771406899,-7.945952743,-5.004357539,1.554572273,-3.752012882,-4.299979554
4673,"Chiroptera","Megadermatidae","Lyroderma lyra",38.935,0.894,73.99,69.5,5110,620.76,580.38,0.113577299412916,450,709.72,151.04,NA,1,1,357.369,8.86,44.58,NA,1985.801,0.138888454011742,0.227558751765763,NA,NA,0,2,NA,NA,40,60,0,40,30,20,10,0,0,0,0,0,0,3,3,"G",1,0,0,0,1,1000,0,1000,NA,"Occurs on mainland",NA,NA,"Indomalayan",4,0,0,1,0,0,1,0,0,0,0,0,0,0,1,0,0,0,1,0,1,1,0,1,1,0,0,0,0,0,0,1,0,0,"Megaderma lyra","Lyroderma lyra",1,0,32,5.720000003,67.60000001,1001.500001,NA,NA,0,0,0,1,0.324154947,1.232989815,1.719767111,-65.62608033,9.22563687,18.56269729,32.0505685,-4.58176775,-20.18204004,28.75963781,29.83233251,30.36632044,-17.91527565,17.68760986,5.863956851,2.992475037,4.251587418,0.264706544,-0.832095682,-4.180091354
4674,"Chiroptera","Megadermatidae","Macroderma gigas",139,1.7,115.82,107,8249,365.25,365.25,0.0442780943144624,365.25,456.57,91.32,NA,1,1,347.923,21.605,91.32,NA,1460,0.0553485270941932,0.155431654676259,NA,NA,0,2,NA,NA,20,80,0,20,70,10,0,0,0,0,0,0,0,2,3,"G",1,0,0,0,1,NA,NA,NA,0,"Occurs on mainland",0,0,"Australasian",5,0,0,1,0,0,1,0,0,0,0,0,0,1,0,0,0,0,1,1,1,0,0,1,1,0,0,0,0,0,0,0,0,0,"Macroderma gigas","Macroderma gigas",0,0,33.78113558,6.1,107.0000001,1.5,0,2,0,0,0,1,0.073605402,0.59386583,0.775178085,-65.34772661,9.192140431,18.40587527,31.78372991,-4.542206094,-20.42835352,29.19193855,30.61654124,31.48955394,-18.76334344,18.78492483,6.355861177,3.157765597,4.880616167,0.250113151,-0.90675248,-5.676811741
4432,"Chiroptera","Pteropodidae","Macroglossus minimus",16.1,0.607,68.09,40.23,2670.583,87.77,87.77,0.0328654829301317,NA,212.91,125.14,NA,0.99,3,225.73,3.81,65,NA,1139.14,0.0797241650980329,0.70283850931677,NA,NA,0,2,NA,1,0,0,100,0,0,0,0,0,0,20,80,0,0,2,1,"Ar",1,0,0,0,1,2250,0,2250,1,"Occurs on mainland",1,0,"Australasian, Indomalayan",3,0,1,0,0,0,1,0,0,0,0,0,0,1,1,0,0,0,1,1,0,1,0,0,0,0,0,0,0,0,0,1,0,0,"Macroglossus minimus","Macroglossus minimus",1,1,51.65676305,6.500000005,39.99999997,NA,0,NA,0,0,0,1,0.532919946,2.046559823,2.583624811,-70.84894252,4.570867291,-11.18497514,-29.13957382,6.08025946,10.56465802,-8.891636583,2.972855466,7.378626823,-4.654205943,-5.497338492,-7.072101402,14.50581799,-2.984657153,0.456734815,-1.620674329,-7.021736853
4433,"Chiroptera","Pteropodidae","Macroglossus sobrinus",21.8,0.692,85,46.96,2190,NA,220.484,0.100677625570776,NA,324.301,120.03,NA,1,2.043,227.676,NA,57.394,NA,1209.153,0.148082648401826,NA,NA,NA,0,2,NA,1,0,0,100,0,0,0,0,0,0,20,80,0,0,2,1,"Ar",1,0,0,0,1,2000,NA,NA,0,"Occurs on mainland",1,0,"Indomalayan",2,0,1,0,0,0,1,0,0,0,0,0,0,0,1,0,0,0,1,0,0,1,0,0,0,0,0,0,0,0,0,1,0,0,"Macroglossus sobrinus","Macroglossus sobrinus",1,0,NA,NA,49.25000002,5.499999994,NA,NA,NA,NA,NA,NA,1.013491915,2.036404911,2.732928453,-70.87456338,4.593406283,-11.08001089,-28.94400892,6.057185335,10.60824651,-8.974355208,2.890265644,7.349308419,-4.713788346,-5.321535426,-6.94530903,14.72306838,-3.643066809,0.419483457,-1.528828772,-6.912363831
6783,"Chiroptera","Hipposideridae","Macronycteris commersoni",109.995,0.745,136.25,95.99,4380,742.46,742.46,0.169511415525114,NA,882.08,136.05,NA,0.995,1,361.137,28,124.515,NA,2462.136,0.201388127853881,0.253284240192736,NA,NA,0,2,NA,NA,100,0,0,100,0,0,0,0,0,0,0,0,0,1,3,"A",1,0,0,0,1,1350,0,1350,1,"Occurs only on isolated islands",1,0,"Afrotropical",2,1,0,0,0,0,0,0,0,1,0,1,0,0,0,0,0,0,0,0,0,0,0,0,0,0,0,0,0,0,0,0,0,0,"Hipposideros commersoni","Macronycteris commersoni",0,0,NA,NA,NA,NA,NA,NA,NA,NA,NA,NA,NA,NA,NA,-71.48191666,9.253373318,17.56873346,28.1844286,-2.82347656,2.063554251,-5.3460699,-8.73798026,-8.450820172,3.4706425,1.361845223,3.066656357,-2.454223188,9.64001315,-0.317896631,-1.280937579,-14.29046554
4667,"Chiroptera","Hipposideridae","Macronycteris gigas",115.42,1.298,136.25,NA,4380,742.46,742.46,0.169511415525114,NA,878.51,136.05,NA,1,1,359.364,28,124.515,NA,2426.028,0.200573059360731,0.242592271703344,NA,NA,0,2,NA,NA,100,0,0,NA,NA,NA,NA,NA,NA,NA,NA,NA,NA,1,3,"A",1,0,0,0,1,NA,0,NA,0,"Occurs on mainland",1,0,"Afrotropical",3,1,0,0,0,0,1,0,0,0,0,1,0,0,0,0,0,0,1,1,0,0,0,1,1,0,0,0,0,0,0,0,0,0,"Hipposideros gigas","Macronycteris gigas",1,0,NA,NA,NA,NA,NA,NA,NA,NA,NA,NA,0.721737213,1.288347796,1.664418353,-71.32079512,9.259659438,17.92551505,29.04611241,-3.055465249,0.933945856,-3.903613219,-8.148425102,-8.836361843,4.383142005,-0.85561052,1.691670983,-2.035721174,8.482923418,-0.33215228,-1.206272856,-14.55901962
4668,"Chiroptera","Hipposideridae","Macronycteris thomensis",109.995,1.133,136.25,NA,4380,742.46,742.46,0.169511415525114,NA,878.51,136.05,NA,0.995,1,360.842,28,124.515,NA,2457.844,0.200573059360731,0.253284240192736,NA,NA,0,2,NA,NA,100,0,0,NA,NA,NA,NA,NA,NA,NA,NA,NA,NA,1,3,"A",1,0,0,0,1,NA,0,NA,NA,"Occurs only on isolated islands",NA,NA,"Afrotropical",2,1,0,0,0,0,0,0,0,1,0,1,0,0,0,0,0,0,1,0,0,1,0,0,1,0,0,0,0,0,0,1,0,0,"Hipposideros thomensis","Macronycteris thomensis",1,0,NA,NA,NA,NA,NA,NA,NA,NA,NA,NA,2.424035183,2.664172869,2.80825548,-74.37564797,9.087796278,12.38660014,16.14098468,-0.185806641,10.84447151,-15.15730453,-10.23208093,-3.305112132,-3.078043275,13.18558744,9.169730983,-4.283707751,4.481582681,-0.187458204,0.239479534,3.819912653
4669,"Chiroptera","Hipposideridae","Macronycteris vittatus",127.9,1.282,133.826,NA,4760.088,NA,695.35,0.146079232148649,NA,812.755,136.412,NA,1.016,1.004,360.291,NA,110.121,NA,2398.247,0.170743692133423,NA,NA,NA,0,2,NA,NA,100,0,0,NA,NA,NA,NA,NA,NA,NA,NA,NA,NA,1,3,"A",1,0,0,0,1,1700,0,1700,NA,"Occurs on mainland",NA,NA,"Afrotropical",3,1,0,0,0,0,1,0,0,0,0,1,0,0,0,0,0,0,1,1,0,1,0,0,1,0,0,0,0,0,0,1,0,0,"Hipposideros vittatus","Macronycteris vittatus",1,0,NA,NA,NA,NA,NA,NA,NA,NA,NA,NA,0.218801461,0.471357501,0.571875851,-71.37767859,9.253246112,17.75981072,28.65442317,-2.952002014,1.427293882,-4.533914908,-8.414796935,-8.692682039,4.012554531,0.040159469,2.246222209,-2.168091411,8.92715566,-0.328073597,-1.239695315,-14.52997831
4991,"Chiroptera","Phyllostomidae","Macrophyllum macrophyllum",8.02,0.321,53,35.63,999.316,NA,321.567,0.321787102378027,NA,403.904,112.251,NA,1,1.187,337.983,NA,67.744,NA,1323.592,0.404180459434253,NA,NA,NA,0,2,NA,NA,100,0,0,100,0,0,0,0,0,0,0,0,0,1,3,"A",1,0,0,0,1,NA,NA,NA,0,"Occurs on mainland",1,0,"Neotropical",1,1,0,0,0,0,1,0,0,0,0,0,0,0,0,0,1,0,1,0,0,0,0,0,0,0,0,0,0,0,0,0,0,0,"Macrophyllum macrophyllum","Macrophyllum macrophyllum",1,0,NA,NA,36.02499996,NA,NA,7,0,0,0,1,0.722291727,1.582296146,1.926812555,19.93528415,-49.81819234,-17.24078896,12.1353085,-20.94139368,-1.630409221,-9.297432339,-0.639515712,7.939064581,-1.68760591,-2.802058023,-2.686788698,-7.624086887,-5.884190753,0.13952074,-1.128491174,-7.509022203
4975,"Chiroptera","Phyllostomidae","Macrotus californicus",12,11.514,62.68,50.58,6375.333,216.03,120.88,0.0189605782160712,365.28,365,260.145,NA,1,1,313.792,1.555,30.44,NA,1709.295,0.057251911390354,0.129583333333333,NA,NA,0,2,NA,NA,50,0,50,50,0,0,0,0,0,50,0,0,0,2,3,"S",1,0,0,0,1,1220,NA,NA,0,"Occurs on mainland",0,0,"Nearctic",4,0,0,0,0,1,1,0,0,0,0,0,0,0,0,1,0,0,1,0,1,1,0,0,1,0,0,0,0,0,0,1,0,0,"Macrotus californicus","Macrotus californicus",0,0,42.22086573,6.4,50.58,NA,1,NA,0,0,0,1,0.029631084,0.161538173,0.163642212,13.38790128,-42.28827111,-20.94606866,2.458210942,-20.84849049,-20.64288335,-0.192317622,-18.87362358,-1.603964805,-9.04390863,3.365191415,-5.259610841,6.014550192,8.405787865,2.84373229,-1.042034428,10.67841578
4976,"Chiroptera","Phyllostomidae","Macrotus waterhousii",16.135,8.643,62.68,51.64,3802.083,91.32,91.32,0.024018413064628,NA,334.84,243.52,NA,1,1.895,226.195,0.59,30.44,NA,1529.276,0.0880675145703026,0.0692934614192749,NA,NA,0,2,NA,NA,50,0,50,50,0,0,0,0,0,50,0,0,0,2,2,"S",1,0,0,0,1,1400,NA,NA,0,"Occurs on mainland",1,0,"Neotropical",2,0,0,0,0,1,1,0,0,0,0,0,0,0,0,0,1,0,1,0,0,1,0,0,1,0,0,0,0,0,0,1,0,0,"Macrotus waterhousii","Macrotus waterhousii",0,0,34.46791329,8.999999991,51.64000005,300.0000002,NA,4.999999999,0,0,0,1,0.117401943,0.732316262,1.035597037,12.5300155,-41.82097609,-21.2926449,1.438614666,-20.53112912,-21.11516993,0.391397007,-19.04911247,-2.199066884,-8.770388766,3.145534875,-5.19632751,7.025742192,9.442133176,2.762242782,-1.212825881,11.06068674
4675,"Chiroptera","Megadermatidae","Megaderma spasma",38.6,0.667,73.99,56.49,5110,515.19,580.38,0.113577299412916,450,730.38,150,NA,1,1,357.944,8.86,38.04,NA,2030.301,0.142931506849315,0.229533678756477,NA,NA,0,2,NA,NA,40,60,0,40,30,20,10,0,0,0,0,0,0,3,3,"G",1,0,0,0,1,1600,0,1600,1,"Occurs on mainland",1,0,"Indomalayan",3,0,0,1,0,0,1,0,0,0,0,0,0,0,1,0,0,0,1,0,0,1,0,1,1,0,0,0,0,0,0,1,0,0,"Megaderma spasma","Megaderma spasma",1,0,33,4.999999996,60.40000005,16.49999999,NA,NA,NA,NA,NA,NA,0.474422341,1.768991254,2.337085676,-65.11974785,9.207012698,18.3125538,31.59438334,-4.508764147,-20.65147829,29.53627619,31.23063558,32.41585535,-19.48788919,19.88205518,6.947909333,3.177240617,5.373492498,0.191126212,-0.904281289,-7.104714756
4407,"Chiroptera","Pteropodidae","Megaerops ecaudatus",26.29,0.822,102,54.5,4298.112,NA,412.411,0.0959516643586766,NA,530.901,129.419,NA,1.043,1.823,253.811,NA,67.334,NA,1761.394,0.123519582551595,NA,NA,NA,0,2,NA,1,0,0,100,NA,NA,NA,NA,NA,NA,NA,NA,NA,NA,1,1,"Ar",1,0,0,0,1,3000,100,2900,1,"Occurs on mainland",1,0,"Indomalayan",1,0,1,0,0,0,1,0,0,0,0,0,0,0,1,0,0,0,1,0,0,0,0,0,0,0,0,0,0,0,0,0,0,0,"Megaerops ecaudatus","Megaerops ecaudatus",1,0,39.7691,6.1,56.75000002,NA,NA,NA,NA,NA,NA,NA,1.078691772,2.090494261,2.776507737,-73.07823898,6.088259417,-4.51104133,-16.84627551,4.541769477,11.70300857,-11.66665325,-0.413075184,5.770540566,-6.054475953,2.140509718,-1.417668091,14.86127452,-16.19018516,-0.544559067,1.114942392,1.736906541
4408,"Chiroptera","Pteropodidae","Megaerops kusnotoi",19.89,0.817,91.507,51.32,4913.283,NA,297.529,0.0605560477586982,NA,392.086,125.819,NA,1.054,1.926,248.845,NA,70.284,NA,1825,0.0798012245579992,NA,NA,NA,0,2,NA,NA,1,0,99,NA,NA,NA,NA,NA,NA,NA,NA,NA,NA,1,1,"Ar",1,0,0,0,1,NA,NA,NA,1,"Occurs on large land bridge islands",0,0,"Indomalayan",1,0,1,0,0,0,0,0,1,0,0,0,0,0,1,0,0,0,1,0,0,0,0,0,0,0,0,0,0,0,0,0,0,0,"Megaerops kusnotoi","Megaerops kusnotoi",1,0,NA,NA,51.32000004,NA,NA,NA,NA,NA,NA,NA,NA,NA,NA,-73.11743725,6.175569241,-4.133748894,-16.16602894,4.493053783,11.92287921,-11.97156822,-0.626146268,5.625101347,-5.990349845,2.375025559,-1.185451127,14.47197473,-16.61189827,-0.583245818,1.221473516,1.900152816
4409,"Chiroptera","Pteropodidae","Megaerops niphanae",26.3,0.958,96.64,57.17,3957.038,NA,344.568,0.0870772532384071,NA,459.183,127.596,NA,1.033,1.881,247.144,NA,64.668,NA,1630.014,0.116042100176951,NA,NA,NA,0,2,NA,NA,0,0,100,NA,NA,NA,NA,NA,NA,NA,NA,NA,NA,1,1,"Ar",1,0,0,0,1,2100,100,2000,0,"Occurs on mainland",1,0,"Indomalayan",1,0,1,0,0,0,1,0,0,0,0,0,0,0,1,0,0,0,1,0,0,1,0,0,0,0,0,0,0,0,0,1,0,0,"Megaerops niphanae","Megaerops niphanae",1,0,NA,NA,57.16999997,NA,NA,NA,NA,NA,NA,NA,1.013491915,1.35699606,1.530399501,-73.21580651,6.275748749,-3.698415123,-15.37255401,4.413293475,12.06107956,-12.198091,-0.831242234,5.485515626,-5.955372985,2.70177254,-0.894796212,14.04350385,-16.86577516,-0.6175008,1.320429001,2.172048197
6798,"Chiroptera","Pteropodidae","Megaerops wetmorei",18.7,0.831,86.109,49.48,4386.286,NA,502.095,0.114469279932955,NA,635.464,131.768,NA,1.057,1.729,262.45,NA,68.05,NA,1893.443,0.144875185977385,NA,NA,NA,0,2,NA,NA,1,0,99,NA,NA,NA,NA,NA,NA,NA,NA,NA,NA,1,1,"Ar",1,0,0,0,1,1200,800,400,1,"Occurs on mainland",0,0,"Indomalayan",1,0,1,0,0,0,1,0,0,0,0,0,0,0,1,0,0,0,1,0,0,0,0,0,0,0,0,0,0,0,0,0,0,0,"Megaerops wetmorei","Ptenochirus wetmorei",1,0,NA,NA,49.48,NA,NA,NA,NA,NA,NA,NA,1.791135395,1.983446209,2.137294861,-73.26194154,6.38241643,-3.243613861,-14.55795037,4.360092567,12.36181732,-12.60718056,-1.101530944,5.303074255,-5.850783359,2.959723921,-0.627483297,13.3872423,-17.28619794,-0.64862574,1.443864869,2.373985176
4557,"Chiroptera","Pteropodidae","Megaloglossus azagnyi",14.555,0.68,61.295,41.83,3213.596,NA,301.536,0.0938313341191612,NA,419.552,129.175,NA,1,2,246.304,3.25,72.55,NA,1459.814,0.130555303155717,0.446581930608038,NA,NA,0,2,NA,1.5,0,0,100,0,0,0,0,0,0,0,100,0,0,1,1,"Ar",1,0,0,0,1,NA,NA,NA,NA,"Occurs on mainland",NA,NA,"Afrotropical",1,0,1,0,0,0,1,0,0,0,0,1,0,0,0,0,0,0,1,0,0,0,0,0,0,0,0,0,0,0,0,0,0,0,"Megaloglossus azagnyi","Megaloglossus azagnyi",1,0,NA,NA,NA,NA,NA,NA,NA,NA,NA,NA,1.087082582,1.087082582,1.087082582,-53.94391886,-9.658243478,-24.88593683,-38.2849858,-2.244134034,-18.87496906,20.59203716,-1.757052858,-14.08675305,6.69309536,5.538957502,11.65006186,0.935176613,-12.22850919,-2.088307254,2.358092372,-8.219966402
4558,"Chiroptera","Pteropodidae","Megaloglossus woermanni",14.555,0.68,61.295,41.83,3213.596,NA,301.536,0.0938313341191612,NA,419.552,129.175,NA,1,2,246.304,3.25,72.55,NA,1459.814,0.130555303155717,0.446581930608038,NA,NA,0,2,NA,1.5,0,0,100,0,0,0,0,0,0,0,100,0,0,1,1,"Ar",1,0,0,0,1,NA,NA,NA,0,"Occurs on mainland",1,0,"Afrotropical",1,0,1,0,0,0,1,0,0,0,0,1,0,0,0,0,0,0,1,0,0,0,0,0,0,0,0,0,0,0,0,0,0,0,"Megaloglossus woermanni","Megaloglossus woermanni",1,0,NA,NA,43.09999998,NA,NA,NA,0,0,0,1,1.015278568,1.840753433,2.345670534,-54.40987411,-9.407683729,-24.79887666,-38.55214381,-2.012219801,-18.26689634,20.17078195,-1.395683742,-13.68471555,6.736044241,5.567703787,11.71255238,-0.275638344,-12.44742355,-2.088736545,2.500754475,-7.749249444
6799,"Chiroptera","Pteropodidae","Melonycteris fardoulisi",48.4,1.223,104.049,NA,4657.493,NA,537.577,0.115421966281001,NA,684.252,134.517,NA,0.991,1.689,266.136,NA,89.118,NA,2008.48,0.146914230466906,NA,NA,NA,0,2,NA,NA,0,0,100,NA,NA,NA,NA,NA,NA,NA,NA,NA,NA,1,1,"Ar",1,0,0,0,1,NA,NA,NA,NA,"Occurs only on isolated islands",NA,NA,"Australasian",2,0,1,0,0,0,0,0,0,1,0,0,0,1,0,0,0,0,0,0,0,0,0,0,0,0,0,0,0,0,0,0,0,0,"Melonycteris fardoulisi","Nesonycteris fardoulisi",0,0,NA,NA,NA,NA,NA,NA,NA,NA,NA,NA,NA,NA,NA,-69.3848279,3.470813873,-13.99364229,-33.8746339,6.203477084,8.756737744,-6.578173389,4.392909776,7.586061713,-2.870575083,-8.068404182,-8.813089508,6.503062324,9.259065475,1.153871671,-2.610853691,-4.148211259
4456,"Chiroptera","Pteropodidae","Melonycteris melanops",50.445,1.288,100.065,59.99,3387.963,NA,252.882,0.0746413110178594,NA,349.647,126.699,NA,1.013,2,234.732,NA,77.983,NA,1423.213,0.103202720926999,NA,NA,NA,0,2,NA,NA,0,0,100,0,0,0,0,0,0,30,70,0,0,2,1,"Ar",1,0,0,0,1,1600,0,1600,1,"Occurs only on isolated islands",0,0,"Australasian",2,0,1,0,0,0,0,0,0,1,0,0,0,1,0,0,0,0,1,0,0,1,0,1,0,0,0,0,0,0,0,1,0,0,"Melonycteris melanops","Melonycteris melanops",0,0,NA,NA,59.99000001,1,NA,NA,0,0,0,1,1.5842493,1.728496788,1.872272696,-69.58164649,3.617735427,-13.7545426,-33.56961888,6.280456843,9.044036539,-6.826397856,4.417225626,7.638904637,-3.024080635,-8.034308975,-8.765785033,7.526171061,8.55871264,1.097108532,-2.606149281,-4.8680502
6800,"Chiroptera","Pteropodidae","Melonycteris woodfordi",36.2,1.018,88.28,53.73,4639.185,NA,528.856,0.113997609493909,NA,674.028,134.159,NA,0.98,1.704,265.101,NA,81.959,NA,1990.893,0.145290174890633,NA,NA,NA,0,2,NA,NA,0,0,100,0,0,0,0,0,0,30,70,0,0,2,1,"Ar",1,0,0,0,1,1100,0,1100,1,"Occurs only on isolated islands",0,0,"Australasian",2,0,1,0,0,0,0,0,0,1,0,0,0,1,0,0,0,0,0,0,0,0,0,0,0,0,0,0,0,0,0,0,0,0,"Melonycteris woodfordi","Nesonycteris woodfordi",0,0,NA,NA,53.73000005,NA,NA,NA,0,0,1,0,NA,NA,NA,-69.55584245,3.574140207,-13.83703984,-33.71794398,6.254749558,8.919017403,-6.694127252,4.444771758,7.672543582,-2.951808821,-8.081510835,-8.858304812,7.07824837,8.942822307,1.129371457,-2.605498208,-4.505367856
5056,"Chiroptera","Phyllostomidae","Mesophylla macconnelli",6.86,0.344,52,31.62,5887.196,NA,354.706,0.060250414628628,NA,485.692,115.414,NA,0.99,1.896,247.764,NA,42.038,NA,2114.569,0.0824997163335483,NA,NA,NA,0,2,NA,NA,10,0,90,10,0,0,0,0,0,90,0,0,0,1,1,"Ar",1,0,0,0,1,1100,NA,NA,0,"Occurs on mainland",1,0,"Neotropical",1,0,1,0,0,0,1,0,0,0,0,0,0,0,0,0,1,0,1,0,0,0,0,0,0,0,0,0,0,0,0,0,0,0,"Mesophylla macconnelli","Mesophylla macconnelli",1,0,43.909,6.194800005,31.62000003,2.000000002,NA,NA,0,0,1,0,0.716439825,1.657141631,2.261032793,22.80761624,-49.0945983,-1.291528173,8.673735986,10.8418995,14.77430129,5.488873147,9.421090365,-5.900954358,2.661648633,1.543224339,1.40256654,0.263275077,-0.768933085,0.88442993,-8.829598319,2.523640884
4978,"Chiroptera","Phyllostomidae","Micronycteris brosseti",4.85,0.319,61.516,NA,4717.713,NA,344.626,0.0730493779507147,NA,438.072,123.87,NA,1.006,1.496,285.21,NA,63.223,NA,1844.877,0.0928568567015416,NA,NA,NA,0,2,NA,NA,89,0,11,NA,NA,NA,NA,NA,NA,NA,NA,NA,NA,1,2,"S",1,0,0,0,1,NA,NA,NA,NA,"Occurs on mainland",NA,NA,"Neotropical",1,0,0,0,0,1,1,0,0,0,0,0,0,0,0,0,1,0,1,0,0,0,0,0,0,0,0,0,0,0,0,0,0,0,"Micronycteris brosseti","Micronycteris brosseti",1,0,NA,NA,NA,NA,NA,NA,NA,NA,NA,NA,1.246048336,1.326752013,1.37517422,18.13213845,-46.41876449,-19.96387541,8.615477597,-23.73616316,-16.46096089,-5.922498404,-15.83777105,4.591112643,-9.64375756,2.199803778,-6.299349167,-2.389498818,-1.502515699,1.530433223,0.251941847,2.465496987
4979,"Chiroptera","Phyllostomidae","Micronycteris buriri",NA,144.291,1137.653,NA,9160.796,NA,801.361,0.0874772235949802,NA,961.115,188.08,NA,1.117,1.048,398.891,NA,188.01,NA,3246.326,0.104916101177234,NA,NA,NA,0,2,NA,NA,84,0,16,NA,NA,NA,NA,NA,NA,NA,NA,NA,NA,1,3,"S",1,0,0,0,1,646,0,646,NA,"Occurs only on isolated islands",NA,NA,"Neotropical",2,0,0,0,0,1,0,0,0,1,0,0,0,0,0,0,1,0,1,0,0,1,0,0,0,0,0,0,0,0,0,1,0,0,"Micronycteris buriri","Micronycteris buriri",1,0,NA,NA,NA,NA,NA,NA,NA,NA,NA,NA,1.294926419,1.531610999,1.668039428,18.10188861,-46.32678106,-19.97126639,8.521696386,-23.72899306,-16.6673721,-5.768614624,-16.02343385,4.387312714,-9.675915825,2.323714759,-6.226250714,-2.081958161,-1.210230173,1.57855634,0.298575128,2.834215886
4980,"Chiroptera","Phyllostomidae","Micronycteris giovanniae",NA,146.638,1158.709,NA,9232.92,NA,810.121,0.0877426642925532,NA,968.141,189.8,NA,1.115,1.044,399.415,NA,186.78,NA,3259.485,0.104857509866868,NA,NA,NA,0,2,NA,NA,84,1,15,NA,NA,NA,NA,NA,NA,NA,NA,NA,NA,1,3,"S",1,0,0,0,1,NA,NA,NA,NA,"Occurs on mainland",NA,NA,"Neotropical",1,0,0,0,0,1,1,0,0,0,0,0,0,0,0,0,1,0,1,0,0,0,0,0,0,0,0,0,0,0,0,0,0,0,"Micronycteris giovanniae","Micronycteris giovanniae",1,0,NA,NA,NA,NA,NA,NA,NA,NA,NA,NA,NA,NA,NA,17.9188548,-45.52798787,-19.75335796,8.075171919,-23.23953746,-17.2923294,-4.94477354,-16.71475854,3.405783825,-9.791355611,2.862434078,-5.96319619,-0.51949787,0.39048936,2.000477728,0.236296558,4.84544597
4981,"Chiroptera","Phyllostomidae","Micronycteris hirsuta",12.89,0.379,66,43.3,4557.253,NA,357.237,0.0783886696656955,NA,461.322,116.363,NA,0.99,1.533,283.132,NA,64.663,NA,1855.606,0.1012280863055,NA,NA,NA,0,2,NA,NA,89,0,11,NA,NA,NA,NA,NA,NA,NA,NA,NA,NA,1,2,"S",1,0,0,0,1,1500,NA,NA,0,"Occurs on mainland",1,0,"Neotropical",2,0,0,0,0,1,1,0,0,0,0,0,0,0,0,0,1,0,1,0,0,1,0,0,0,0,0,0,0,0,0,1,0,0,"Micronycteris hirsuta","Micronycteris hirsuta",1,0,33.7552,5.388799994,43.29999996,10.5,NA,NA,NA,NA,NA,NA,0.677608675,1.742760645,1.99430333,17.74450281,-45.36663301,-19.78451783,7.812670435,-23.11162851,-17.49048672,-4.664942561,-16.91002502,3.092061789,-9.790136546,2.942490487,-5.938670043,-0.044685904,0.967994054,2.128368115,0.14917128,5.371738747
4982,"Chiroptera","Phyllostomidae","Micronycteris matses",10.7,0.396,65.534,NA,5223.261,NA,439.931,0.0842253527059054,NA,560.374,120.333,NA,1.007,1.014,358.208,NA,70.291,NA,2023.15,0.107284319125542,NA,NA,NA,0,2,NA,NA,100,0,0,NA,NA,NA,NA,NA,NA,NA,NA,NA,NA,1,3,"S",1,0,0,0,1,NA,NA,NA,NA,"Occurs on mainland",NA,NA,"Neotropical",NA,0,0,0,0,1,1,0,0,0,0,0,0,0,0,0,1,0,1,0,0,0,0,0,0,1,0,0,0,0,0,0,0,0,"Micronycteris matses","Micronycteris matses",0,0,NA,NA,NA,NA,NA,NA,0,1,0,0,NA,NA,NA,17.98534038,-45.81699909,-19.80935208,8.212500204,-23.33001288,-17.05677689,-5.141383958,-16.48865062,3.648291822,-9.760189474,2.724526617,-6.046388996,-0.963257672,-0.048149084,1.901660582,0.37775886,4.270809716
4983,"Chiroptera","Phyllostomidae","Micronycteris megalotis",6.4,0.274,60.896,33.95,4290.719,NA,314.586,0.0733177819381787,NA,414.089,121.66,NA,0.98,1.785,249.252,NA,60.481,NA,1711.752,0.0965080677620697,NA,NA,NA,0,2,NA,NA,20,0,80,NA,NA,NA,NA,NA,NA,NA,NA,NA,NA,3,2,"S",1,0,0,0,1,NA,NA,NA,0,"Occurs on mainland",1,0,"Neotropical",3,0,0,0,0,1,1,0,0,0,0,0,0,0,0,0,1,0,1,0,0,1,0,0,1,0,0,0,0,0,0,1,0,0,"Micronycteris megalotis","Micronycteris megalotis",1,0,37.98132202,5.6,32.9,14.00000001,NA,17,0,0,0,1,0.166372877,1.548888727,1.898129136,18.08167244,-46.22983722,-19.92923811,8.46248481,-23.62578086,-16.72646656,-5.629394691,-16.10491365,4.218358341,-9.684624766,2.410218475,-6.179692512,-1.810182474,-0.937130358,1.642973442,0.302169954,3.173116484
4984,"Chiroptera","Phyllostomidae","Micronycteris microtis",6.4,0.361,51,NA,5118.218,NA,388.304,0.0758670302828055,NA,503.663,121.66,NA,0.99,1,338.546,NA,62.597,NA,1997.817,0.0984059295637661,NA,NA,NA,0,2,NA,NA,20,0,80,NA,NA,NA,NA,NA,NA,NA,NA,NA,NA,3,2,"S",1,0,0,0,1,2600,NA,NA,NA,"Occurs on mainland",NA,NA,"Neotropical",3,0,0,0,0,1,1,0,0,0,0,0,0,0,0,0,1,0,1,0,0,1,0,0,1,0,0,0,0,0,0,1,0,0,"Micronycteris microtis","Micronycteris microtis",1,0,34.29405533,5.73,NA,NA,NA,NA,0,1,0,0,0.328414871,1.2519473,1.435516002,18.05313159,-46.08788935,-19.86643461,8.392813451,-23.47975022,-16.76589189,-5.466211092,-16.18292756,4.035898045,-9.702475962,2.509120457,-6.146996014,-1.565284102,-0.676098518,1.747978079,0.266704966,3.537849033
4985,"Chiroptera","Phyllostomidae","Micronycteris minuta",6.65,0.286,55,34,3448.437,NA,313.98,0.0910499452360591,NA,402.326,121.66,NA,0.985,1.719,261.86,1.8,58.503,NA,1530.64,0.116669088053515,0.458313834586466,NA,NA,0,2,NA,NA,89,0,11,NA,NA,NA,NA,NA,NA,NA,NA,NA,NA,1,2,"S",1,0,0,0,1,800,NA,NA,0,"Occurs on mainland",1,0,"Neotropical",2,0,0,0,0,1,1,0,0,0,0,0,0,0,0,0,1,0,1,0,0,1,0,0,1,0,0,0,0,0,0,1,0,0,"Micronycteris minuta","Micronycteris minuta",1,0,40.7669,5.812000005,36.52500003,3.000000002,NA,4.999999999,0,0,0,1,0.514371071,1.42819835,1.844768194,18.14933438,-46.4925112,-19.98193103,8.666643976,-23.77831493,-16.3651707,-6.0240015,-15.73318022,4.726641973,-9.621818206,2.125091621,-6.333202417,-2.643903864,-1.760099266,1.485150003,0.235297466,2.158272725
4986,"Chiroptera","Phyllostomidae","Micronycteris sanborni",6.3,0.355,61.21,NA,5409.094,NA,421.193,0.0778675689496245,NA,535.76,125.544,NA,1.017,1.018,357.382,NA,67.769,NA,2000.15,0.0990480106280275,NA,NA,NA,0,2,NA,NA,100,0,0,NA,NA,NA,NA,NA,NA,NA,NA,NA,NA,1,3,"S",1,0,0,0,1,NA,NA,NA,NA,"Occurs on mainland",NA,NA,"Neotropical",2,0,0,0,0,1,1,0,0,0,0,0,0,0,0,0,1,0,1,1,0,0,0,0,0,0,0,0,0,0,0,0,0,0,"Micronycteris sanborni","Micronycteris sanborni",0,0,NA,NA,NA,NA,NA,NA,NA,NA,NA,NA,NA,NA,NA,18.01823192,-45.97908361,-19.86089263,8.295922676,-23.41858597,-16.93093784,-5.276591217,-16.33626698,3.802009491,-9.704804376,2.637104225,-6.047129717,-1.229474912,-0.350848934,1.807894251,0.2946064,3.943356915
4987,"Chiroptera","Phyllostomidae","Micronycteris schmidtorum",7.73,0.308,54,35.49,5346.29,NA,465.515,0.0870725306708016,NA,587.908,120.045,NA,1.012,1.013,359.013,NA,67.05,NA,2069.162,0.109965602314876,NA,NA,NA,0,2,NA,NA,100,0,0,NA,NA,NA,NA,NA,NA,NA,NA,NA,NA,1,3,"S",1,0,0,0,1,NA,NA,NA,0,"Occurs on mainland",1,0,"Neotropical",1,0,0,0,0,1,1,0,0,0,0,0,0,0,0,0,1,0,1,0,0,0,0,0,0,0,0,0,0,0,0,0,0,0,"Micronycteris schmidtorum","Micronycteris schmidtorum",1,0,44.34511791,6.309150002,35.48999997,NA,NA,NA,0,1,0,0,0.372345771,1.330938918,1.709417271,18.16422289,-46.55083523,-19.98820371,8.694171934,-23.79646756,-16.30392707,-6.073826517,-15.66202093,4.78741062,-9.600377311,2.083385717,-6.341610506,-2.767466536,-1.890828534,1.444775126,0.219906026,1.982574629
4990,"Chiroptera","Phyllostomidae","Micronycteris yatesi",NA,NA,NA,NA,NA,NA,NA,NA,NA,NA,NA,NA,NA,NA,NA,NA,NA,NA,NA,NA,NA,NA,NA,NA,NA,NA,NA,NA,NA,NA,NA,NA,NA,NA,NA,NA,NA,NA,NA,NA,NA,NA,NA,NA,0,0,0,1,1800,220,1580,NA,NA,NA,NA,"Neotropical",2,NA,NA,NA,NA,NA,NA,NA,NA,NA,0,0,0,0,0,0,1,0,1,1,0,0,0,0,0,0,0,0,0,0,0,0,0,0,"Micronycteris yatesi","Micronycteris yatesi",1,1,NA,NA,NA,NA,NA,NA,NA,NA,NA,NA,0.480489467,0.538368878,0.573096525,18.1851041,-46.60187381,-19.97893802,8.764010427,-23.81170419,-16.1752363,-6.20031035,-15.56132233,4.950437069,-9.607900118,1.989467775,-6.434031346,-2.965287475,-2.060659611,1.426137917,0.160645041,1.737269654
6805,"Chiroptera","Pteropodidae","Micropteropus intermedius",32.01,1.44,109.674,60.59,4899.248,NA,494.563,0.100946716720607,NA,632.71,148.256,NA,1.002,1.83,265.397,NA,118.468,NA,2015.763,0.129144309494028,NA,NA,NA,0,2,NA,NA,0,0,100,0,0,0,0,0,0,100,0,0,0,1,1,"Ar",1,0,0,0,1,NA,NA,NA,0,"Occurs on mainland",0,0,"Afrotropical",2,0,1,0,0,0,1,0,0,0,0,1,0,0,0,0,0,0,0,0,0,0,0,0,0,0,0,0,0,0,0,0,0,0,"Micropteropus intermedius","Epomophorus intermedius",0,0,NA,NA,NA,NA,NA,NA,NA,NA,NA,NA,NA,NA,NA,-57.3619679,-7.875689819,-24.00974394,-39.53240908,-0.585427819,-13.83724913,16.75239239,1.158365991,-9.884833015,6.416605024,5.005169197,10.55606792,-8.702269198,-11.73258971,-1.618308608,2.80542445,-3.752914915
6806,"Chiroptera","Pteropodidae","Micropteropus pusillus",25.38,0.82,90.69,51.98,1669.875,202.08,202.08,0.12101504603638,NA,349.79,161.77,NA,0.99,2,236.209,NA,55.18,20,1241.372,0.209470768770118,NA,NA,NA,0,2,NA,1.5,0,0,100,0,0,0,0,0,0,90,10,0,0,1,1,"Ar",1,0,0,0,1,NA,NA,NA,0,"Occurs on mainland",1,0,"Afrotropical",3,0,1,0,0,0,1,0,0,0,0,1,0,0,0,0,0,0,0,0,0,0,0,0,0,0,0,0,0,0,0,0,0,0,"Micropteropus pusillus","Epomophorus pusillus",0,0,45.59771293,8.7,52.65000006,5.499999994,NA,0,0,0,1,0,0.197070573,0.980594068,1.249054797,-57.48460836,-7.758586692,-23.93190627,-39.62314519,-0.399806524,-13.33700247,16.48007788,1.543135205,-9.5722615,6.505893932,4.897473011,10.52621368,-9.458547197,-11.65151285,-1.606485956,2.825710558,-3.505657744
5765,"Chiroptera","Vespertilionidae","Mimetillus moloneyi",8.89,0.234,60,28,7048.875,NA,539.42,0.0765256867230586,NA,637.709,91.235,NA,0.98,1.026,364.851,NA,58.824,NA,2293.242,0.0904696139454877,NA,NA,NA,1,2,NA,NA,100,0,0,100,0,0,0,0,0,0,0,0,0,1,3,"A",1,0,0,0,1,NA,0,NA,0,"Occurs on mainland",0,0,"Afrotropical",1,1,0,0,0,0,1,0,0,0,0,1,0,0,0,0,0,0,1,1,0,1,0,0,0,0,0,0,0,0,0,1,0,0,"Mimetillus moloneyi","Mimetillus moloneyi",0,1,87.18563755,6.7,28,NA,NA,NA,NA,NA,NA,NA,0.366414852,1.123868587,1.605399996,37.66623149,18.34638442,22.48375851,-14.29919691,-18.65021681,6.347244265,3.50000465,3.486373116,-7.377115733,-6.94294904,1.372786961,-4.169193774,-1.026482082,0.331276172,-5.605687989,0.809723361,0.674402689
5014,"Chiroptera","Phyllostomidae","Mimon bennettii",12.9,0.699,75,56,5489.781,NA,483.11,0.0880016889562626,NA,620.902,124.722,NA,1,1,353.712,NA,94.237,NA,2080.978,0.113101415156634,NA,NA,NA,0,2,NA,NA,30,40,30,30,0,20,20,0,0,30,0,0,0,4,3,"S",1,0,0,0,1,1000,NA,NA,0,"Occurs on mainland",1,0,"Neotropical",3,0,0,0,0,1,1,0,0,0,0,0,0,0,0,0,1,0,1,1,0,0,0,0,1,0,0,0,0,0,0,0,0,0,"Mimon bennettii","Mimon bennettii",1,0,NA,5.920000004,56,3.000000002,NA,12,0,0,0,1,0.937794128,1.457908434,1.708936752,19.86137113,-49.76625885,-17.48786297,12.06880268,-21.2766164,-2.78192038,-9.341268928,-2.167656995,8.081289445,-2.965836991,-2.445405029,-3.85812775,-7.873048885,-5.787111544,0.75311747,-2.138513717,-6.860287056
5015,"Chiroptera","Phyllostomidae","Mimon cozumelae",26.195,0.761,75,65.2,5400.936,NA,469.16,0.0868664246345448,NA,595.155,124.799,NA,0.99,1,344.357,NA,92.822,NA,2104.421,0.110194788458889,NA,NA,NA,0,2,NA,NA,60,10,30,60,10,0,0,0,0,30,0,0,0,2,2,"S",1,0,0,0,1,NA,NA,NA,0,"Occurs on mainland",1,0,"Neotropical",2,0,0,0,0,1,1,0,0,0,0,0,0,0,0,0,1,0,1,0,0,0,0,0,1,0,0,0,0,0,0,0,0,0,"Mimon cozumelae","Mimon cozumelae",1,0,NA,NA,65.20000004,NA,NA,NA,NA,NA,NA,NA,0.29187002,0.868159755,1.026210197,19.88796896,-49.76355525,-17.38806695,12.0616385,-21.17560051,-2.444766473,-9.318228768,-1.717132322,8.049212013,-2.571527827,-2.560776642,-3.490647307,-7.839363375,-5.839095168,0.572068827,-1.814851724,-7.083751252
5126,"Chiroptera","Miniopteridae","Miniopterus aelleni",7.81,0.367,110,37.03,4374.441,NA,550.236,0.125784300211158,NA,697.63,146.648,NA,1.012,1.009,360.714,NA,82.289,NA,2081.226,0.159478662530824,NA,NA,NA,1,2,NA,NA,100,0,0,100,0,0,0,0,0,0,0,0,0,1,3,"A",1,0,0,0,1,1350,40,1310,NA,NA,NA,NA,"Afrotropical",1,1,0,0,0,0,NA,NA,NA,NA,0,1,0,0,0,0,0,0,1,0,0,0,0,0,0,0,0,0,0,0,0,0,0,0,"Miniopterus aelleni","Miniopterus aelleni",1,0,NA,NA,NA,NA,NA,NA,NA,NA,NA,NA,NA,NA,NA,36.17425618,12.68628972,25.74608695,-14.72230678,-6.018384687,-14.34704664,-15.51103311,11.6096347,-5.139487215,5.760168323,4.83433105,-1.999155681,1.197162998,-0.607052021,11.16328192,-1.630157247,-0.528306044
5127,"Chiroptera","Miniopteridae","Miniopterus africanus",14.9,0.575,90.296,NA,8323.411,742.46,742.46,0.089201410335258,NA,833.7,91.24,NA,0.99,1.008,366.39,NA,69.066,NA,2637.038,0.100163262393266,NA,NA,NA,1,2,NA,NA,100,0,0,100,0,0,0,0,0,0,0,0,0,1,3,"A",1,0,0,0,1,NA,NA,NA,NA,"Occurs on mainland",NA,NA,"Afrotropical",1,1,0,0,0,0,1,0,0,0,0,1,0,0,0,0,0,0,1,0,0,0,0,0,0,0,0,0,0,0,0,0,0,0,NA,"Miniopterus africanus",1,0,NA,NA,NA,NA,NA,NA,NA,NA,NA,NA,0.452803255,0.929866163,1.088887133,NA,NA,NA,NA,NA,NA,NA,NA,NA,NA,NA,NA,NA,NA,NA,NA,NA
5128,"Chiroptera","Miniopteridae","Miniopterus ambohitrensis",7.81,0.518,110,37.03,4203.973,NA,546.729,0.130050549801343,NA,696.764,150.862,NA,1.017,1.013,360.344,NA,85.687,NA,2052.936,0.165739408887735,NA,NA,NA,1,2,NA,NA,100,0,0,100,0,0,0,0,0,0,0,0,0,1,3,"A",1,0,0,0,1,1600,800,800,NA,NA,NA,NA,"Afrotropical",1,1,0,0,0,0,NA,NA,NA,NA,0,1,0,0,0,0,0,0,1,0,0,0,0,0,0,0,0,0,0,0,0,0,0,0,"Miniopterus ambohitrensis","Miniopterus ambohitrensis",1,0,NA,NA,NA,NA,NA,NA,NA,NA,NA,NA,1.564622933,1.564622933,1.564622933,36.08369484,12.41057688,25.83607586,-14.69036072,-5.386184442,-14.98584745,-15.94808924,11.35882548,-4.448822002,6.288629711,4.373992776,-1.169251309,1.311645352,-0.6198711,10.89825981,-2.592466183,-0.303877197
5130,"Chiroptera","Miniopteridae","Miniopterus australis",7.4,0.204,88.281,40.5,2007.5,413.84,526.54,0.262286425902864,639.24,706.54,180,NA,0.995,1,358.236,NA,77.696,NA,1845.228,0.351950186799502,NA,NA,NA,1,2,NA,NA,100,0,0,100,0,0,0,0,0,0,0,0,0,1,3,"A",1,0,0,0,1,1500,NA,NA,1,"Occurs on mainland",1,0,"Australasian, Indomalayan",2,1,0,0,0,0,1,0,0,0,0,0,0,1,1,0,0,0,1,0,0,1,0,0,1,0,0,0,0,0,0,1,0,0,"Miniopterus australis","Miniopterus australis",1,0,32.25810911,6.800000005,40.49999998,2.500000002,1,2.999999999,0,0,0,1,0.150262461,0.994668467,1.222826551,36.69032655,14.11071427,25.29159679,-14.8633596,-9.103284905,-10.49314073,-12.46044502,11.86457538,-7.913436346,2.500981745,6.057318058,-5.175222212,0.516637836,-0.370249289,10.88058313,3.871224532,-1.438907403
5132,"Chiroptera","Miniopteridae","Miniopterus brachytragos",7.81,0.36,110,37.03,4669.435,NA,549.113,0.117597311023711,NA,677.447,139.698,NA,1.007,1.012,362.303,NA,78.757,NA,2062.689,0.145081150074902,NA,NA,NA,1,2,NA,NA,100,0,0,100,0,0,0,0,0,0,0,0,0,1,3,"A",1,0,0,0,1,600,5,595,NA,NA,NA,NA,"Afrotropical",2,1,0,0,0,0,NA,NA,NA,NA,0,1,0,0,0,0,0,0,1,0,0,0,0,1,0,0,0,0,0,0,0,0,0,0,"Miniopterus brachytragos","Miniopterus brachytragos",1,0,NA,NA,NA,NA,NA,NA,NA,NA,NA,NA,NA,NA,NA,36.45420453,13.5273307,25.47215391,-14.82443544,-8.087027214,-11.9292693,-13.67276622,12.0022806,-7.11916713,3.741386784,5.846752262,-4.250172856,0.787059495,-0.491918638,11.50293625,1.783414009,-1.174007269
5133,"Chiroptera","Miniopteridae","Miniopterus egeri",7.38,0.49,115,42.5,4533.65,NA,576.252,0.127105533069381,NA,714.416,155.09,NA,1,1.008,360.546,NA,93.6,NA,2134.504,0.157580757226517,NA,NA,NA,1,2,NA,NA,100,0,0,100,0,0,0,0,0,0,0,0,0,1,3,"A",1,0,0,0,1,1300,5,1295,NA,NA,NA,NA,"Afrotropical",1,1,0,0,0,0,NA,NA,NA,NA,0,1,0,0,0,0,0,0,1,0,0,0,0,0,0,0,0,0,0,0,0,0,0,0,"Miniopterus egeri","Miniopterus egeri",1,0,NA,NA,NA,NA,NA,NA,NA,NA,NA,NA,1.644864643,1.661543849,1.674887214,36.53853634,13.76427822,25.37246041,-14.83162369,-8.567346366,-11.27714985,-13.14264497,12.01072819,-7.561450894,3.170676042,6.026481299,-4.775826758,0.665617731,-0.436816033,11.39099276,2.857303751,-1.325351723
5135,"Chiroptera","Miniopteridae","Miniopterus fraterculus",7.38,0.563,115,42.5,5049.989,NA,578.402,0.11453529898778,NA,715.162,155.09,NA,1,1.005,361.044,NA,88.682,NA,2188.524,0.141616546095447,NA,NA,NA,1,2,NA,NA,100,0,0,100,0,0,0,0,0,0,0,0,0,1,3,"A",1,0,0,0,1,2200,0,2200,0,"Occurs on mainland",1,0,"Afrotropical",5,1,0,0,0,0,1,0,0,0,0,1,0,0,0,0,0,0,1,1,1,1,0,0,1,1,0,0,0,0,0,1,0,0,"Miniopterus fraterculus","Miniopterus fraterculus",1,0,7.15399262,6.186390533,42.5,NA,NA,NA,0,0,0,1,0.272393892,0.620722799,0.666015358,36.33040518,13.1417953,25.63381293,-14.79783859,-7.123821168,-13.15627598,-14.63866769,11.89153804,-6.207758536,4.766962347,5.418628851,-3.203059216,0.991927881,-0.568373147,11.38721294,-0.02243745,-0.871040315
5137,"Chiroptera","Miniopteridae","Miniopterus fuscus",10.905,0.265,64.22,41.49,8030,653.5,577,0.0718555417185554,730,677,100,NA,1,1.002,364.75,2.8,66,12.5,2096.51,0.0843088418430884,0.257276478679505,NA,NA,1,2,NA,NA,100,0,0,100,0,0,0,0,0,0,0,0,0,1,3,"A",1,0,0,0,1,NA,NA,NA,1,"Occurs only on isolated islands",0,0,"Indomalayan",4,1,0,0,0,0,0,0,0,1,0,0,0,0,1,0,0,0,1,0,0,0,1,0,1,0,0,0,0,0,0,0,1,0,"Miniopterus fuscus","Miniopterus fuscus",1,0,NA,NA,41.49000002,NA,NA,NA,NA,NA,NA,NA,0.925351503,2.329760967,3.172406646,36.47853044,13.59113199,25.43224046,-14.81533065,-8.166835838,-11.8044817,-13.57158864,12.00233809,-7.199170008,3.646523938,5.890126311,-4.356347612,0.764413031,-0.483799533,11.48223283,1.977597859,-1.203982561
5138,"Chiroptera","Miniopteridae","Miniopterus gleni",9,0.326,100,NA,5005.916,NA,564.102,0.112687068660361,NA,696.898,134.217,NA,1.014,1.006,362.238,NA,67.735,NA,2088.591,0.139214880952857,NA,NA,NA,1,2,NA,NA,100,0,0,100,0,0,0,0,0,0,0,0,0,1,3,"A",1,0,0,0,1,1000,0,1000,NA,"Occurs only on isolated islands",NA,NA,"Afrotropical",2,1,0,0,0,0,0,0,0,1,0,1,0,0,0,0,0,0,1,0,0,1,0,0,1,0,0,0,0,0,0,1,0,0,"Miniopterus gleni","Miniopterus gleni",1,0,NA,NA,NA,NA,NA,NA,NA,NA,NA,NA,1.952335934,1.952335934,1.952335934,36.03255213,12.24006626,25.92407893,-14.68909471,-5.005682117,-15.37992513,-16.21017134,11.18345678,-4.011859575,6.579039951,4.057498501,-0.64209667,1.37160916,-0.620869707,10.61560312,-3.124201989,-0.166981803
5139,"Chiroptera","Miniopteridae","Miniopterus griffithsi",9,0.502,100,NA,4215.645,NA,547.172,0.129795559161172,NA,698.207,152.872,NA,1.016,1.025,359.563,NA,94.164,NA,2042.253,0.165622816911766,NA,NA,NA,0,2,NA,NA,100,0,0,100,0,0,0,0,0,0,0,0,0,1,3,"A",1,0,0,0,1,110,15,95,NA,NA,NA,NA,"Afrotropical",2,1,0,0,0,0,NA,NA,NA,NA,0,1,0,0,0,0,0,0,1,0,1,0,0,0,0,0,0,0,0,0,0,0,0,0,"Miniopterus griffithsi","Miniopterus griffithsi",1,0,NA,NA,NA,NA,NA,NA,NA,NA,NA,NA,0.328427129,0.328427129,0.328427129,36.04291705,12.29208364,25.89052723,-14.68926892,-5.160525194,-15.23839255,-16.12772631,11.28126027,-4.206189998,6.46232483,4.187632442,-0.848875649,1.350920229,-0.62313584,10.80449076,-2.934362566,-0.220212901
5140,"Chiroptera","Miniopteridae","Miniopterus griveaudi",4.6,0.415,100.083,NA,4448.544,NA,557.106,0.125233334772006,NA,696.256,148.016,NA,1.018,1.011,361.269,NA,87.421,NA,2093.287,0.156513232194624,NA,NA,NA,1,2,NA,NA,100,0,0,100,0,0,0,0,0,0,0,0,0,1,3,"A",1,0,0,0,1,NA,NA,NA,NA,"Occurs only on isolated islands",NA,NA,"Afrotropical",NA,1,0,0,0,0,0,0,0,1,0,1,0,0,0,0,0,0,1,0,0,0,0,0,0,1,0,0,0,0,0,0,0,0,"Miniopterus griveaudi","Miniopterus griveaudi",0,0,NA,NA,NA,NA,NA,NA,NA,NA,NA,NA,NA,NA,NA,36.30526526,13.06892373,25.63443643,-14.77285293,-6.901535823,-13.39462376,-14.81867688,11.84865015,-6.006573288,4.976573937,5.327049184,-2.989900275,1.031888714,-0.579850787,11.35308793,-0.349777799,-0.808047321
5141,"Chiroptera","Miniopteridae","Miniopterus inflatus",14.9,0.326,84.423,48.09,8256.791,742.46,742.46,0.0899211327984444,NA,833.7,91.24,NA,0.99,1.005,366.653,NA,68.267,NA,2604.416,0.100971430668404,NA,NA,NA,1,2,NA,NA,100,0,0,100,0,0,0,0,0,0,0,0,0,1,3,"A",1,0,0,0,1,NA,0,NA,0,"Occurs on mainland",1,0,"Afrotropical",2,1,0,0,0,0,1,0,0,0,0,1,0,0,0,0,0,0,1,0,0,0,0,0,1,0,0,0,0,0,0,0,0,0,"Miniopterus inflatus","Miniopterus inflatus",1,0,54.29175419,8.700000008,46.57500005,NA,1,2.999999999,NA,NA,NA,NA,0.528505427,1.185111469,1.456948341,35.98444876,12.09122185,25.96415502,-14.66475881,-4.637790349,-15.72538009,-16.43678837,11.02700684,-3.627412597,6.853530277,3.815595316,-0.224950195,1.427237695,-0.61599319,10.46315596,-3.450690798,-0.069294292
5142,"Chiroptera","Miniopteridae","Miniopterus macrocneme",7.565,0.562,99.846,42.94,2007.5,582.89,526.54,0.262286425902864,639.24,706.54,180,NA,1,1,358.458,NA,79.467,NA,1901.456,0.351950186799502,NA,NA,NA,1,2,NA,NA,100,0,0,NA,NA,NA,NA,NA,NA,NA,NA,NA,NA,1,3,"A",1,0,0,0,1,3200,0,3200,1,"Occurs on large land bridge islands",1,0,"Australasian",4,1,0,0,0,0,0,0,1,0,0,0,0,1,0,0,0,0,1,0,1,1,0,0,1,0,0,0,0,0,0,0,0,0,"Miniopterus macrocneme","Miniopterus macrocneme",1,0,NA,NA,42.93999999,NA,NA,NA,NA,NA,NA,NA,NA,NA,NA,36.8658441,14.4771577,25.33660068,-14.97680429,-9.76385361,-9.67737579,-11.75224577,11.70523636,-8.272627569,1.762569097,6.024067417,-5.520488072,0.35145749,-0.300655911,9.961410982,4.645350572,-1.479533812
5143,"Chiroptera","Miniopteridae","Miniopterus maghrebensis",11.185,0.29,60,45.99,8030,666.44,666.44,0.0829937733499377,730,723.66,113.44,NA,0.995,1,364.75,2.86,60.19,12.5,1995.699,0.0901195516811955,0.254421099687081,NA,NA,1,2,NA,NA,100,0,0,100,0,0,0,0,0,0,0,0,0,1,3,"A",1,0,0,0,1,2600,0,2600,NA,NA,NA,NA,"Palearctic",2,1,0,0,0,0,NA,NA,NA,NA,1,0,0,0,0,0,0,0,1,0,1,0,0,0,0,0,0,0,0,0,0,0,0,0,"Miniopterus maghrebensis","Miniopterus maghrebensis",0,0,NA,NA,NA,NA,NA,NA,NA,NA,NA,NA,NA,NA,NA,36.65316515,14.02578052,25.32172512,-14.86360858,-9.00377571,-10.65187106,-12.60089026,11.90409532,-7.852835778,2.638061534,6.062409973,-5.105365909,0.549076335,-0.385115867,11.022023,3.666954813,-1.421453592
5144,"Chiroptera","Miniopteridae","Miniopterus magnater",13,0.324,70.064,49.99,8030,653.5,577,0.0718555417185554,730,677,100,NA,1,1,364.75,2.8,66,12.5,2075.414,0.0843088418430884,0.215384615384615,NA,NA,1,2,NA,NA,100,0,0,100,0,0,0,0,0,0,0,0,0,1,3,"A",1,0,0,0,1,2100,0,2100,0,"Occurs on mainland",1,0,"Australasian, Indomalayan",3,1,0,0,0,0,1,0,0,0,0,0,0,1,1,0,0,0,1,0,0,1,0,0,1,0,0,0,0,0,0,1,0,0,"Miniopterus magnater","Miniopterus magnater",1,0,NA,NA,51.125,NA,NA,NA,1,0,0,0,0.859845757,1.660954644,1.704885127,36.5146021,13.70584709,25.37844373,-14.8192012,-8.442077264,-11.43860669,-13.2779657,12.02249279,-7.466429604,3.317444445,6.004121799,-4.670973093,0.696565728,-0.450506359,11.46783213,2.627636587,-1.295069908
5145,"Chiroptera","Miniopteridae","Miniopterus mahafaliensis",7.81,0.431,110,37.03,4298.769,NA,505.267,0.117537602043748,NA,643.471,140.84,NA,1.015,1.014,361.319,NA,79.863,NA,1979.932,0.149687270937331,NA,NA,NA,1,2,NA,NA,100,0,0,100,0,0,0,0,0,0,0,0,0,1,3,"A",1,0,0,0,1,950,0,950,NA,NA,NA,NA,"Afrotropical",3,1,0,0,0,0,NA,NA,NA,NA,0,1,0,0,0,0,0,0,1,0,1,0,0,1,0,0,0,0,0,0,0,0,0,0,"Miniopterus mahafaliensis","Miniopterus mahafaliensis",0,0,NA,NA,NA,NA,NA,NA,NA,NA,NA,NA,NA,NA,NA,36.73896892,14.22305719,25.29075341,-14.89248303,-9.341450015,-10.16801125,-12.17589089,11.8061071,-8.071317165,2.191465716,6.06189559,-5.349334657,0.450300132,-0.333658481,10.5558022,4.286242417,-1.460458926
5146,"Chiroptera","Miniopteridae","Miniopterus majori",11.46,0.351,80,44.6,8030,698.22,666.44,0.0829937733499377,730,779.88,113.44,NA,0.995,1,364.75,2.86,60.19,12.5,2291.147,0.097120797011208,0.248315881326353,NA,NA,1,2,NA,NA,100,0,0,100,0,0,0,0,0,0,0,0,0,1,3,"A",1,0,0,0,1,1550,15,1535,1,"Occurs only on isolated islands",1,0,"Afrotropical",3,1,0,0,0,0,0,0,0,1,0,1,0,0,0,0,0,0,1,0,0,1,0,0,1,0,0,0,0,0,0,1,0,0,"Miniopterus majori","Miniopterus majori",1,0,NA,NA,44.60000003,NA,NA,NA,NA,NA,NA,NA,0.333031401,0.766480342,0.869119576,36.13504551,12.54968364,25.81036076,-14.71493915,-5.672697554,-14.72116125,-15.77311149,11.47748367,-4.752878884,6.067286427,4.58392991,-1.53949206,1.261120893,-0.617385897,10.98400356,-2.193586085,-0.405717999
5147,"Chiroptera","Miniopteridae","Miniopterus manavi",7.81,0.346,110,37.03,4777.955,NA,541.528,0.113338865686261,NA,673.997,137.132,NA,1.005,1.006,362.232,NA,70.951,NA,2066.026,0.141063907048099,NA,NA,NA,1,2,NA,NA,100,0,0,100,0,0,0,0,0,0,0,0,0,1,3,"A",1,0,0,0,1,1500,20,1480,1,"Occurs only on isolated islands",1,0,"Afrotropical",4,1,0,0,0,0,0,0,0,1,0,1,0,0,0,0,0,0,1,0,0,1,0,1,1,0,0,0,0,0,0,1,0,0,"Miniopterus manavi","Miniopterus manavi",1,0,NA,NA,38.17500002,NA,NA,NA,1,0,0,0,0.328427129,0.511264586,0.333031401,36.19306892,12.75281379,25.73571698,-14.74141078,-6.239067147,-14.11566186,-15.34235852,11.67134512,-5.359868249,5.546898734,4.94494899,-2.238915997,1.154436241,-0.597023059,11.19999748,-1.30108269,-0.593935097
5148,"Chiroptera","Miniopteridae","Miniopterus medius",10.91,0.283,65.635,NA,8030,653.5,577,0.0718555417185554,730,677,100,NA,1,1.002,364.75,2.8,66,12.5,2056.57,0.0843088418430884,0.257158570119157,NA,NA,1,2,NA,NA,100,0,0,100,0,0,0,0,0,0,0,0,0,1,3,"A",1,0,0,0,1,2600,0,2600,1,"Occurs on mainland",1,0,"Australasian, Indomalayan",2,1,0,0,0,0,1,0,0,0,0,0,0,1,1,0,0,0,1,0,0,0,0,0,1,0,0,0,0,0,0,0,0,0,"Miniopterus medius","Miniopterus medius",1,0,NA,NA,NA,NA,NA,NA,NA,NA,NA,NA,1.578069809,2.56317045,2.729625775,36.78217668,14.3003736,25.342171,-14.94190306,-9.512988159,-9.988174979,-12.02055102,11.77333959,-8.153216609,2.02855347,6.053427839,-5.42129587,0.414710851,-0.320202996,10.36389418,4.448874802,-1.473613566
5149,"Chiroptera","Miniopteridae","Miniopterus minor",7.01,0.431,99.008,NA,4432.562,NA,559.03,0.126118935279416,NA,700.743,146.4,NA,1.011,1.007,361.387,NA,85.387,NA,2088.794,0.158089836081255,NA,NA,NA,1,2,NA,NA,100,0,0,100,0,0,0,0,0,0,0,0,0,1,3,"A",1,0,0,0,1,NA,NA,NA,NA,"Occurs on mainland",NA,NA,"Afrotropical",NA,1,0,0,0,0,1,0,0,0,0,1,0,0,0,0,0,0,1,0,0,0,0,0,0,1,0,0,0,0,0,0,0,0,"Miniopterus minor","Miniopterus minor",0,0,NA,NA,NA,NA,NA,NA,NA,NA,NA,NA,0.429748761,0.594455739,0.571875851,36.34229798,13.18770398,25.60921341,-14.79950419,-7.252890387,-13.00542004,-14.52825339,11.93316528,-6.353591653,4.633831273,5.503802228,-3.375649839,0.964778028,-0.559080818,11.45730053,0.257249226,-0.921779579
5151,"Chiroptera","Miniopteridae","Miniopterus natalensis",11.185,0.334,60,45,8030,698.22,666.44,0.0829937733499377,730,779.88,113.44,NA,0.995,1,364.75,2.86,60.19,12.5,2288.398,0.097120797011208,0.254421099687081,NA,NA,1,2,NA,NA,100,0,0,100,0,0,0,0,0,0,0,0,0,1,3,"A",1,0,0,0,1,NA,0,NA,NA,"Occurs on mainland",NA,NA,"Afrotropical",3,1,0,0,0,0,1,0,0,0,0,1,0,0,0,0,0,0,0,1,1,0,0,0,1,1,0,0,0,0,0,0,0,0,"Miniopterus natalensis","Miniopterus natalensis",0,1,5.802672696,6.327853881,45.00000002,NA,NA,NA,NA,NA,NA,NA,0.226926008,0.574989215,0.970221025,36.39337527,13.32317987,25.53991282,-14.79237756,-7.469399272,-12.70428317,-14.289062,11.9485417,-6.560139261,4.406840606,5.614525888,-3.630174612,0.91634902,-0.544311664,11.47364121,0.66577469,-0.995079233
5152,"Chiroptera","Miniopteridae","Miniopterus newtoni",6.6,0.39,93.747,NA,4704.674,NA,556.534,0.118293849903309,NA,695.961,140.652,NA,1.011,1.006,362.048,NA,81.128,NA,2083.119,0.147929697147985,NA,NA,NA,1,2,NA,NA,100,0,0,100,0,0,0,0,0,0,0,0,0,1,3,"A",1,0,0,0,1,NA,NA,NA,NA,"Occurs only on isolated islands",NA,NA,"Afrotropical",2,1,0,0,0,0,0,0,0,1,0,1,0,0,0,0,0,0,1,0,0,1,0,0,0,0,0,0,0,0,0,1,0,0,"Miniopterus newtoni","Miniopterus newtoni",1,0,NA,NA,NA,NA,NA,NA,NA,NA,NA,NA,2.245682833,2.245682833,2.245682833,36.40771639,13.37523433,25.53509905,-14.81018849,-7.657147535,-12.50042703,-14.13458248,11.98370537,-6.729940904,4.22267171,5.686331131,-3.807336472,0.880770033,-0.532754972,11.49902051,0.95520108,-1.046600155
5155,"Chiroptera","Miniopteridae","Miniopterus pallidus",11.185,0.29,60,45.99,8030,666.44,666.44,0.0829937733499377,730,723.66,113.44,NA,0.995,1,364.75,2.86,60.19,12.5,1995.699,0.0901195516811955,0.254421099687081,NA,NA,1,2,NA,NA,100,0,0,100,0,0,0,0,0,0,0,0,0,1,3,"A",1,0,0,0,1,2600,0,2600,NA,NA,NA,NA,NA,NA,1,0,0,0,0,NA,NA,NA,NA,0,0,0,0,0,0,0,0,0,0,0,0,0,0,0,0,0,0,0,0,0,0,0,0,"Miniopterus schreibersii","Miniopterus pallidus",0,0,NA,NA,NA,NA,NA,NA,NA,NA,NA,NA,NA,NA,NA,36.42925806,13.43838481,25.51544812,-14.81865814,-7.821397246,-12.2920783,-13.9700006,12.00367132,-6.890876327,4.036412689,5.756452729,-3.98790472,0.843185602,-0.519159423,11.49944331,1.264351438,-1.097092901
5156,"Chiroptera","Miniopteridae","Miniopterus paululus",7.53,0.447,102.441,35.99,2007.5,582.89,526.54,0.262286425902864,639.24,706.54,180,NA,1,1,358.348,NA,87.094,NA,1875.469,0.351950186799502,NA,NA,NA,1,2,NA,NA,100,0,0,100,0,0,0,0,0,0,0,0,0,1,3,"A",1,0,0,0,1,NA,NA,NA,1,"Occurs only on isolated islands",0,0,"Australasian, Indomalayan",NA,1,0,0,0,0,0,0,0,1,0,0,0,1,1,0,0,0,1,0,0,0,0,0,0,1,0,0,0,0,0,0,0,0,"Miniopterus paululus","Miniopterus paululus",0,0,NA,NA,NA,NA,NA,NA,NA,NA,NA,NA,1.214200725,1.848107197,2.246034251,36.16364561,12.629609,25.78506142,-14.72379297,-5.850577685,-14.53064421,-15.64090751,11.54966888,-4.956085509,5.915265374,4.721856382,-1.783686824,1.228285612,-0.61455879,11.07705568,-1.912306763,-0.471812479
5157,"Chiroptera","Miniopteridae","Miniopterus petersoni",6,0.559,115,42.5,5039.797,NA,571.795,0.113455958642779,NA,711.409,155.09,NA,1,1.006,360.722,NA,87.991,NA,2189.269,0.141158264906305,NA,NA,NA,1,2,NA,NA,100,0,0,100,0,0,0,0,0,0,0,0,0,1,3,"A",1,0,0,0,1,2200,0,2200,NA,"Occurs only on isolated islands",NA,NA,NA,5,1,0,0,0,0,0,0,0,1,0,0,0,0,0,0,0,0,1,0,0,0,0,0,0,0,0,0,0,0,0,0,0,0,"Miniopterus petersoni","Miniopterus petersoni",1,0,NA,NA,NA,NA,NA,NA,NA,NA,NA,NA,0.328427129,0.6491596,0.675183309,36.21002448,12.7938159,25.75547453,-14.76659274,-6.359955694,-14.01587462,-15.27403865,11.71394162,-5.484385707,5.426203715,5.007185813,-2.378103627,1.127294644,-0.591475774,11.16513312,-1.114911052,-0.632097637
5158,"Chiroptera","Miniopteridae","Miniopterus pusillus",7.6,0.216,87.982,41.99,2007.5,582.89,526.54,0.262286425902864,639.24,706.54,180,NA,0.995,1,358.171,NA,77.437,NA,1842.843,0.351950186799502,NA,NA,NA,1,2,NA,NA,100,0,0,100,0,0,0,0,0,0,0,0,0,1,3,"A",1,0,0,0,1,1200,NA,NA,0,"Occurs on mainland",1,0,"Indomalayan",2,1,0,0,0,0,1,0,0,0,0,0,0,0,1,0,0,0,1,0,0,1,0,0,1,0,0,0,0,0,0,1,0,0,"Miniopterus pusillus","Miniopterus pusillus",1,0,32.9,7.3,41.99000004,NA,NA,NA,0,0,0,1,1.129765852,1.588753149,1.704885127,36.59824159,13.90206383,25.36555283,-14.86412039,-8.860583814,-10.87754523,-12.79758852,11.95116512,-7.758961778,2.82371013,6.057174793,-4.998592364,0.592783662,-0.401483035,11.18171011,3.403117689,-1.390739304
5159,"Chiroptera","Miniopteridae","Miniopterus robustior",10.46,1.117,102.487,41,4695.427,NA,569.052,0.121192811644181,NA,707.19,150.862,NA,1.019,1.021,360.131,NA,95.331,NA,2135.945,0.150612500204987,NA,NA,NA,0,2,NA,NA,100,0,0,100,0,0,0,0,0,0,0,0,0,1,3,"A",1,0,0,0,1,28,0,28,1,"Occurs only on isolated islands",0,0,"Australasian",NA,1,0,0,0,0,0,0,0,1,0,0,0,1,0,0,0,0,1,0,0,0,0,0,1,0,0,0,0,0,0,0,0,0,"Miniopterus robustior","Miniopterus robustior",1,0,NA,NA,NA,NA,NA,NA,NA,NA,NA,NA,NA,NA,NA,36.80799379,14.35321552,25.3387082,-14.9509124,-9.587234353,-9.878686882,-11.92319346,11.74822615,-8.201201247,1.925799293,6.050379975,-5.473709521,0.390567151,-0.308903675,10.24653768,4.586190466,-1.479664384
5160,"Chiroptera","Miniopteridae","Miniopterus schreibersii",11.185,0.29,60,45.99,8030,666.44,666.44,0.0829937733499377,730,723.66,113.44,NA,0.995,1,364.75,2.86,60.19,12.5,1995.699,0.0901195516811955,0.254421099687081,NA,NA,1,2,NA,NA,100,0,0,100,0,0,0,0,0,0,0,0,0,1,3,"A",1,0,0,0,1,2600,0,2600,0,"Occurs on mainland",1,0,"Afrotropical, Palearctic",NA,1,0,0,0,0,1,0,0,0,1,1,0,0,0,0,0,0,1,0,1,1,0,0,1,0,0,0,0,0,0,1,0,0,"Miniopterus schreibersii","Miniopterus schreibersii",1,0,42.12152215,7,45.99000005,NA,1,2.999999999,0,0,0,1,0.086015608,0.894508525,1.387313273,36.42925806,13.43838481,25.51544812,-14.81865814,-7.821397246,-12.2920783,-13.9700006,12.00367132,-6.890876327,4.036412689,5.756452729,-3.98790472,0.843185602,-0.519159423,11.49944331,1.264351438,-1.097092901
5161,"Chiroptera","Miniopteridae","Miniopterus shortridgei",7.4,0.379,99.453,NA,2007.5,582.89,526.54,0.262286425902864,639.24,706.54,180,NA,0.995,1,357.993,NA,88.884,NA,1858.348,0.351950186799502,NA,NA,NA,1,2,NA,NA,100,0,0,100,0,0,0,0,0,0,0,0,0,1,3,"A",1,0,0,0,1,NA,NA,NA,NA,"Occurs on large land bridge islands",NA,NA,"Australasian, Indomalayan",NA,1,0,0,0,0,0,0,1,0,0,0,0,1,1,0,0,0,1,0,0,0,0,0,0,1,0,0,0,0,0,0,0,0,"Miniopterus shortridgei","Miniopterus shortridgei",0,0,NA,NA,NA,NA,NA,NA,NA,NA,NA,NA,NA,NA,NA,36.11415942,12.48688058,25.82582593,-14.70382522,-5.513952611,-14.88046476,-15.88132748,11.40856575,-4.56896245,6.209552725,4.465339804,-1.324049867,1.291047627,-0.620409855,10.89650651,-2.449200457,-0.344879668
5162,"Chiroptera","Miniopteridae","Miniopterus sororculus",8,0.569,115,42.5,4783.077,NA,568.11,0.118775006130991,NA,713.114,155.09,NA,1,1.006,360.306,NA,94.962,NA,2103.339,0.149091055820343,NA,NA,NA,1,2,NA,NA,100,0,0,100,0,0,0,0,0,0,0,0,0,1,3,"A",1,0,0,0,1,2200,40,2160,NA,"Occurs only on isolated islands",NA,NA,"Afrotropical",3,1,0,0,0,0,0,0,0,1,0,1,0,0,0,0,0,0,0,1,1,0,0,1,0,0,0,0,0,0,0,0,0,0,"Miniopterus sororculus","Miniopterus sororculus",0,0,NA,NA,NA,NA,NA,NA,NA,NA,NA,NA,0.328427129,0.520423485,0.520423485,35.95296038,11.98710313,26.02222911,-14.66878309,-4.444473657,-15.90323604,-16.54496727,10.92776473,-3.418686433,6.959216367,3.648424432,0.024899073,1.450613015,-0.607049229,10.31195185,-3.594734756,-0.010649233
5163,"Chiroptera","Miniopteridae","Miniopterus tristis",15.17,0.333,83.564,51,5633.109,NA,478.736,0.0849861062514501,NA,573.061,104.242,NA,1.011,1.01,363.822,NA,59.366,NA,1967.912,0.101730855909232,NA,NA,NA,1,2,NA,NA,100,0,0,100,0,0,0,0,0,0,0,0,0,1,3,"A",1,0,0,0,1,1600,0,1600,1,"Occurs on large land bridge islands",1,0,"Australasian, Indomalayan",2,1,0,0,0,0,0,0,1,0,0,0,0,1,1,0,0,0,1,0,0,1,0,0,1,0,0,0,0,0,0,1,0,0,"Miniopterus tristis","Miniopterus tristis",1,0,NA,NA,53.62499998,NA,NA,NA,1,0,0,0,0.923210372,1.683565964,1.672389622,36.56528842,13.8239535,25.38473535,-14.85599738,-8.716935992,-11.09658075,-12.99041629,11.99417913,-7.66178012,3.010954981,6.045930489,-4.882234737,0.632663865,-0.422929797,11.30008758,3.086448559,-1.356688682
4461,"Chiroptera","Pteropodidae","Mirimiri acrodonta",257.53,4.451,186.79,117.99,3738.517,NA,619.97,0.165833136508407,NA,766.236,154.688,NA,1.003,1.569,276.918,NA,133.204,NA,2196.102,0.204957206293298,NA,NA,NA,0,2,NA,1,0,0,100,0,0,0,0,0,0,40,40,20,0,3,1,"Ar",1,0,0,0,1,NA,900,NA,NA,"Occurs only on isolated islands",NA,NA,"Oceanian",1,0,1,0,0,0,0,0,0,1,0,0,0,0,0,0,0,1,1,0,0,0,0,0,0,0,0,0,0,0,0,0,0,0,"Mirimiri acrodonta","Mirimiri acrodonta",1,0,NA,NA,NA,NA,NA,NA,NA,NA,NA,NA,NA,NA,NA,-69.41945511,3.440000977,-14.08966221,-34.03302728,6.183503246,8.6057546,-6.424295338,4.421679265,7.534407851,-2.718550751,-8.110405208,-8.801556598,5.559038465,9.794036575,1.180288943,-2.558618899,-3.530418083
6547,"Chiroptera","Molossidae","Molossops aequatorianus",7.49,0.257,66.953,36.5,3498.856,NA,382.673,0.109370891514255,NA,470.761,98.142,NA,1.01,1.064,358.246,NA,51.803,NA,1612.58,0.134547120544544,NA,NA,NA,1,2,NA,NA,100,0,0,100,0,0,0,0,0,0,0,0,0,1,3,"A",1,0,0,0,1,NA,NA,NA,0,"Occurs on mainland",0,0,"Neotropical",1,1,0,0,0,0,1,0,0,0,0,0,0,0,0,0,1,0,1,0,0,0,0,0,0,0,0,0,0,0,0,0,0,0,"Molossops aequatorianus","Cabreramops aequatorianus",0,0,NA,NA,NA,NA,NA,NA,NA,NA,NA,NA,NA,NA,NA,31.90152877,-13.81231302,29.41355844,-9.721293079,29.26447478,-14.98336499,-6.850923041,-7.46744889,9.858444123,3.089077468,-4.701405554,5.563971913,0.247086355,0.136850448,-8.094423628,-3.827749862,0.862554013
6546,"Chiroptera","Molossidae","Molossops mattogrossensis",7.48,0.258,54,28.49,5172.227,NA,501.261,0.096913959886138,NA,617.897,102.738,NA,1.012,1,361.934,NA,54.255,NA,2049.163,0.119464400924399,NA,NA,NA,0,2,NA,NA,100,0,0,100,0,0,0,0,0,0,0,0,0,1,3,"A",1,0,0,0,1,195,75,120,0,"Occurs on mainland",1,0,"Neotropical",2,1,0,0,0,0,1,0,0,0,0,0,0,0,0,0,1,0,1,0,0,0,0,1,0,0,0,0,0,0,0,0,0,0,"Molossops mattogrossensis","Neoplatymops mattogrossensis",1,0,50.09178543,7.299999998,29.6,3.499999997,NA,NA,1,0,0,0,1.362404325,1.395841447,1.415903719,31.84667397,-14.06471141,29.2075093,-9.520588727,29.73978736,-14.65938951,-6.456937164,-7.701710851,9.799615641,2.73138726,-4.681909008,5.266908876,0.190067625,0.255499508,-8.085649206,-2.376409714,0.789328828
5217,"Chiroptera","Molossidae","Molossops neglectus",6.91,0.242,66,35.49,3008.54,NA,345.544,0.114854381194865,NA,424.681,96.728,NA,1.013,1.077,356.768,NA,50.515,NA,1486.835,0.141158502130602,NA,NA,NA,1,2,NA,NA,100,0,0,100,0,0,0,0,0,0,0,0,0,1,3,"A",1,0,0,0,1,NA,NA,NA,0,"Occurs on mainland",1,0,"Neotropical",NA,1,0,0,0,0,1,0,0,0,0,0,0,0,0,0,1,0,1,0,0,0,0,0,0,1,0,0,0,0,0,0,0,0,"Molossops neglectus","Molossops neglectus",0,0,NA,NA,35.48999997,NA,NA,NA,NA,NA,NA,NA,1.254105388,1.441825432,1.65058788,31.88667741,-13.87549677,29.38391965,-9.682227167,29.39424774,-14.87383377,-6.706357961,-7.556299096,9.81086591,2.896583382,-4.714260668,5.455128462,0.209845659,0.174604545,-8.138447261,-3.310679325,0.822555233
5218,"Chiroptera","Molossidae","Molossops temminckii",5.86,0.181,43,28.49,5453.379,NA,479.645,0.08795372557088,NA,573.289,76.1,NA,0.99,1,362.939,1,38.5,NA,2115.265,0.105125464413898,0.168941979522184,NA,NA,1,2,NA,NA,100,0,0,100,0,0,0,0,0,0,0,0,0,1,3,"A",1,0,0,0,1,NA,NA,NA,0,"Occurs on mainland",0,0,"Neotropical",1,1,0,0,0,0,1,0,0,0,0,0,0,0,0,0,1,0,1,0,0,1,0,0,0,0,0,0,0,0,0,1,0,0,"Molossops temminckii","Molossops temminckii",1,0,51.96110315,7.706666667,28.48999998,NA,NA,NA,0,1,0,0,0.295828455,0.805443393,1.308805882,31.86001373,-13.93336962,29.29724921,-9.61267795,29.54104708,-14.80253555,-6.602534217,-7.646119337,9.834745616,2.834555938,-4.711474205,5.388173668,0.199246748,0.208258005,-8.103594116,-2.906195478,0.80592209
5219,"Chiroptera","Molossidae","Molossus alvarezi",NA,151.223,1198.198,NA,9160.224,NA,784.053,0.0855932125677276,NA,939.626,190.157,NA,1.102,1.039,389.433,NA,178.213,NA,3257.34,0.102576749214866,NA,NA,NA,0,2,NA,NA,100,0,0,NA,NA,NA,NA,NA,NA,NA,NA,NA,NA,1,3,"A",1,0,0,0,1,NA,NA,NA,NA,"Occurs on mainland",NA,NA,"Neotropical",1,1,0,0,0,0,1,0,0,0,0,0,0,0,0,0,1,0,1,0,0,0,0,0,0,0,0,0,0,0,0,0,0,0,"Molossus alvarezi","Molossus alvarezi",1,0,NA,NA,NA,NA,NA,NA,NA,NA,NA,NA,0.296962741,0.656899895,0.853669333,30.27607582,-22.1648335,22.59871568,-4.11370856,33.85643117,-3.25095933,2.760418932,-8.572742426,4.678613103,-4.695682859,-1.919042866,-2.893574136,-1.320915341,1.033635232,-3.007022162,16.80919694,-1.385811926
5220,"Chiroptera","Molossidae","Molossus aztecus",14,0.287,62.41,NA,2486.704,103.46,103.46,0.0416052734865106,NA,211.43,107.97,NA,0.99,2,281.01,3.49,60.45,NA,1144.276,0.0850241926662763,0.493585714285714,NA,NA,1,2,NA,NA,100,0,0,100,0,0,0,0,0,0,0,0,0,1,3,"A",1,0,0,0,1,1300,NA,NA,0,"Occurs on mainland",0,0,"Neotropical",1,1,0,0,0,0,1,0,0,0,0,0,0,0,0,0,1,0,1,0,0,1,0,0,0,0,0,0,0,0,0,1,0,0,"Molossus aztecus","Molossus aztecus",1,0,NA,NA,NA,NA,NA,NA,NA,NA,NA,NA,0.698342169,1.477386899,1.637106381,32.57976531,-9.530236396,29.82327537,-11.00115978,24.58293415,-17.07885389,-9.706160621,-5.775092814,10.27600308,5.26466537,-4.720188791,6.907679774,0.128529497,-0.641792169,-6.705544982,-9.365958723,0.691783201
5221,"Chiroptera","Molossidae","Molossus bondae",14,0.31,65,41,2407.089,103.46,103.46,0.0429813770907515,NA,211.43,107.97,NA,0.99,2,280.843,3.49,60.45,NA,1096.489,0.0878363866063947,0.493585714285714,NA,NA,0,2,NA,NA,100,0,0,100,0,0,0,0,0,0,0,0,0,1,3,"A",1,0,0,0,1,2750,0,2750,NA,NA,NA,NA,"Neotropical",3,1,0,0,0,0,NA,NA,NA,NA,0,0,0,0,0,0,1,0,1,1,1,0,0,0,0,0,0,0,0,0,0,0,0,0,"Molossus currentium","Molossus bondae",1,0,72.27481022,8.8,NA,NA,NA,NA,NA,NA,NA,NA,0.444350359,1.519129293,1.860753155,32.53164463,-9.939007992,29.8688933,-10.92985696,25.02969874,-16.93205851,-9.442198947,-5.975936776,10.26156912,5.10645742,-4.715675378,6.834450008,0.154934253,-0.604432883,-6.772974325,-9.251037354,0.710546289
5222,"Chiroptera","Molossidae","Molossus coibensis",13.925,0.289,63.705,NA,2485.334,103.46,103.46,0.0416282077177554,NA,211.43,107.97,NA,0.992,2,280.005,3.49,60.45,NA,1134.079,0.0850710608714966,0.497246678635548,NA,NA,1,2,NA,NA,100,0,0,100,0,0,0,0,0,0,0,0,0,1,3,"A",1,0,0,0,1,1300,0,1300,NA,"Occurs on mainland",NA,NA,"Neotropical",2,1,0,0,0,0,1,0,0,0,0,0,0,0,0,0,1,0,1,0,0,1,0,0,0,0,0,0,0,0,0,1,0,0,"Molossus coibensis","Molossus coibensis",1,0,54.28215486,7.925585239,34.30833333,NA,NA,NA,0,1,0,0,0.149646178,0.697026143,0.725551323,31.75233456,-14.63172427,28.84392551,-9.132425096,30.59676986,-13.86923862,-5.648086805,-7.980023693,9.492621203,1.910781529,-4.659313352,4.69721883,0.079139696,0.510277975,-8.048771565,0.441740924,0.677783202
5223,"Chiroptera","Molossidae","Molossus currentium",14,0.298,65,41,2532.149,103.46,103.46,0.0408585750680548,NA,211.43,107.97,NA,0.99,2,283.799,3.49,60.45,NA,1129.179,0.0834982459563004,0.493585714285714,NA,NA,1,2,NA,NA,100,0,0,100,0,0,0,0,0,0,0,0,0,1,3,"A",1,0,0,0,1,150,50,100,0,"Occurs on mainland",1,0,"Neotropical",3,1,0,0,0,0,1,0,0,0,0,0,0,0,0,0,1,0,1,1,0,1,0,0,0,0,0,0,0,0,0,0,0,0,"Molossus currentium","Molossus currentium",1,1,84.80104125,10.43,41,NA,NA,NA,NA,NA,NA,NA,0.783605015,1.630020224,2.456691238,32.53164463,-9.939007992,29.8688933,-10.92985696,25.02969874,-16.93205851,-9.442198947,-5.975936776,10.26156912,5.10645742,-4.715675378,6.834450008,0.154934253,-0.604432883,-6.772974325,-9.251037354,0.710546289
5227,"Chiroptera","Molossidae","Molossus molossus",13.85,0.26,62.41,38.22,2475.85,103.46,103.46,0.0417876688813943,NA,211.43,107.97,NA,0.99,2,281.957,3.49,60.45,NA,1135.846,0.0853969343861704,0.498931407942238,NA,NA,1,2,NA,NA,100,0,0,100,0,0,0,0,0,0,0,0,0,1,3,"A",1,0,0,0,1,NA,NA,NA,0,"Occurs on mainland",1,0,"Neotropical",1,1,0,0,0,0,1,0,0,0,0,0,0,0,0,0,1,0,1,0,0,1,0,0,0,0,0,0,0,0,0,1,0,0,"Molossus molossus","Molossus molossus",1,0,63.23365875,8.354799999,39.75,NA,NA,NA,NA,NA,NA,NA,0.190993283,1.399287712,1.757944206,31.75488775,-14.83082418,28.73538276,-9.019340572,30.75903058,-13.63312699,-5.453135513,-8.004278026,9.407894415,1.778565383,-4.620767025,4.558654464,0.099695372,0.599390712,-8.078329817,1.066123162,0.697197463
5229,"Chiroptera","Molossidae","Molossus pretiosus",98,0.745,78,45.5,4769.49,NA,377.429,0.0791340373918385,NA,458.653,93.583,NA,0.98,1.104,351.843,6,61.873,NA,1836.445,0.0961639504433388,0.06624,NA,NA,1,2,NA,NA,100,0,0,100,0,0,0,0,0,0,0,0,0,1,3,"A",1,0,0,0,1,1200,NA,NA,0,"Occurs on mainland",1,0,"Neotropical",3,1,0,0,0,0,1,0,0,0,0,0,0,0,0,0,1,0,1,0,0,1,0,0,1,0,0,0,0,0,0,1,0,0,"Molossus pretiosus","Molossus pretiosus",1,0,NA,NA,NA,NA,NA,NA,NA,NA,NA,NA,0.657508717,1.045261632,1.113093414,32.8947115,-7.861096597,29.66307402,-11.28582067,22.99614417,-17.47904032,-10.45783986,-5.193414066,10.29256337,5.720602009,-4.782837563,7.22313214,0.066807062,-0.760651295,-6.300019428,-9.548958791,0.597103259
5230,"Chiroptera","Molossidae","Molossus rufus",25,0.493,93.5,NA,3191.61,NA,322.946,0.101185921838821,NA,386.512,91.509,NA,1.011,1.145,349.301,NA,52.75,NA,1498.731,0.121102515658241,NA,NA,NA,1,2,NA,NA,100,0,0,100,0,0,0,0,0,0,0,0,0,1,3,"A",1,0,0,0,1,NA,NA,NA,NA,"Occurs on mainland",NA,NA,"Neotropical",2,1,0,0,0,0,1,0,0,0,0,0,0,0,0,0,1,0,1,0,1,1,0,0,0,0,0,0,0,0,0,1,0,0,"Molossus rufus","Molossus rufus",1,0,76.51745,11.1,50.49999999,265,NA,NA,0,0,0,1,0.241667209,1.128859238,1.517693164,31.80137986,-14.41470562,28.9704715,-9.273224923,30.24199716,-14.10590877,-5.913691406,-7.86971513,9.604438736,2.258900338,-4.620010928,4.863273101,0.130098288,0.422858001,-8.054065862,-0.554061333,0.727721115
5231,"Chiroptera","Molossidae","Molossus sinaloae",21.09,0.435,85,47.06,2190,365.25,365.25,0.166780821917808,NA,385.266,92.461,NA,1.015,1,356.156,3.79,47.25,NA,1306.193,0.175920547945205,0.182401612138454,NA,NA,1,2,NA,NA,100,0,0,100,0,0,0,0,0,0,0,0,0,1,3,"A",1,0,0,0,1,2400,NA,NA,0,"Occurs on mainland",1,0,"Neotropical",2,1,0,0,0,0,1,0,0,0,0,0,0,0,0,0,1,0,1,0,0,1,0,0,1,0,0,0,0,0,0,1,0,0,"Molossus sinaloae","Molossus sinaloae",1,0,67.67026121,8.191428571,47.06,NA,NA,NA,NA,NA,NA,NA,0.218507777,1.841151034,3.014386244,30.44723454,-21.28885308,23.1036574,-4.5123454,33.85486917,-3.979180129,2.364020206,-8.724630302,5.049422727,-4.430194328,-2.14280689,-2.441033439,-1.174620489,1.124226713,-3.473020604,16.67880728,-1.330251623
4942,"Chiroptera","Phyllostomidae","Monophyllus plethodon",15.33,0.412,64.37,43.54,4511.305,NA,319.377,0.0707948143608113,NA,425.395,113.467,NA,0.995,1.871,230.419,0.87,53.412,NA,1828.357,0.0942953313952393,0.105651086105675,NA,NA,0,2,NA,NA,20,0,80,20,0,0,0,0,0,40,40,0,0,3,2,"Ar",1,0,0,0,1,550,0,550,1,"Occurs only on isolated islands",0,0,"Neotropical",1,0,1,0,0,0,0,0,0,1,0,0,0,0,0,0,1,0,0,0,0,0,0,0,1,0,0,0,0,0,0,0,0,0,"Monophyllus plethodon","Monophyllus plethodon",0,0,47.22099273,6.55,41.25000001,NA,NA,NA,1,0,0,0,0.567841229,1.255200476,1.702120383,19.25229278,-48.78869778,-18.68495975,11.47061079,-22.6401746,-7.988011514,-9.448673217,-7.845133523,8.383629062,-6.841216887,-1.188142441,-6.946791567,-7.636901253,-4.885991298,1.429424357,-3.522056336,-4.045506485
4943,"Chiroptera","Phyllostomidae","Monophyllus redmani",8.745,0.43,63.067,39.43,4566.211,NA,491.454,0.107628403505664,NA,604.814,119.381,NA,0.99,1.515,262.495,NA,59.433,NA,2123.282,0.132454238317064,NA,NA,NA,0,2,NA,NA,20,0,80,20,0,0,0,0,0,40,40,0,0,3,2,"Ar",1,0,0,0,1,NA,NA,NA,1,"Occurs only on isolated islands",1,0,"Neotropical",1,0,1,0,0,0,0,0,0,1,0,0,0,0,0,0,1,0,0,0,0,0,0,0,1,0,0,0,0,0,0,0,0,0,"Monophyllus redmani","Monophyllus redmani",0,0,50.87756768,NA,41.99999996,10.5,NA,4.999999999,1,0,0,0,0.523699549,1.207510845,1.570732869,19.21636579,-48.68763301,-18.7266817,11.38126126,-22.72820913,-8.39623672,-9.386197827,-8.258115499,8.32468464,-7.042295553,-1.079237021,-7.018422804,-7.442716498,-4.843353733,1.415969641,-3.482304022,-3.931543071
5233,"Chiroptera","Molossidae","Mops bakarii",NA,NA,NA,NA,NA,NA,NA,NA,NA,NA,NA,NA,NA,NA,NA,NA,NA,NA,NA,NA,NA,NA,NA,NA,NA,NA,NA,NA,NA,NA,NA,NA,NA,NA,NA,NA,NA,NA,NA,NA,NA,NA,NA,NA,0,0,0,1,NA,NA,NA,NA,NA,NA,NA,"Afrotropical",2,NA,NA,NA,NA,NA,NA,NA,NA,NA,0,1,0,0,0,0,0,0,1,0,0,1,0,0,0,0,0,0,0,0,0,1,0,0,"Mops bakarii","Mops bakarii",1,0,NA,NA,NA,NA,NA,NA,NA,NA,NA,NA,NA,NA,NA,34.78640025,4.903265884,27.46600119,-13.33979606,7.800779328,-19.03002774,-15.93606539,2.931265061,5.976885291,9.007360123,-2.369332579,7.130271775,0.915690909,-1.084253877,1.085429483,-9.03968982,0.492693138
5234,"Chiroptera","Molossidae","Mops brachypterus",16,0.453,86.168,36.5,4980.325,NA,519.226,0.104255445176771,NA,620.414,97.311,NA,0.99,1.064,361.176,NA,59.442,NA,1965.282,0.124572994734279,NA,NA,NA,1,2,NA,NA,100,0,0,100,0,0,0,0,0,0,0,0,0,1,3,"A",1,0,0,0,1,NA,0,NA,NA,"Occurs on mainland",NA,NA,"Afrotropical",1,1,0,0,0,0,1,0,0,0,0,1,0,0,0,0,0,0,1,0,0,0,0,0,0,0,0,0,0,0,0,0,0,0,"Mops brachypterus","Mops brachypterus",1,0,NA,NA,NA,NA,NA,NA,NA,NA,NA,NA,0.668391308,1.247123492,1.5485144,35.10421529,7.680971895,26.63762067,-13.65070491,4.145364936,-18.95217911,-16.78002358,4.859675263,4.570366099,9.446844737,-1.678910191,6.867844591,1.371717686,-0.802228362,2.484839484,-8.438842464,0.842238641
5235,"Chiroptera","Molossidae","Mops condylurus",26.59,0.422,101.823,47.22,3747.588,285.63,285.63,0.0762170227890579,NA,374.27,88.64,NA,1,2,272.133,8.03,49.99,NA,1568.45,0.0998695694403974,0.603986461075592,NA,NA,1,2,NA,NA,100,0,0,100,0,0,0,0,0,0,0,0,0,1,3,"A",1,0,0,0,1,NA,0,NA,NA,"Occurs on mainland",NA,NA,"Afrotropical",1,1,0,0,0,0,1,0,0,0,0,1,0,0,0,0,0,0,1,1,0,1,0,0,0,0,0,0,0,0,0,1,0,0,"Mops condylurus","Mops condylurus",0,1,60.75957431,9.099999993,47.22000003,NA,1,NA,NA,NA,NA,NA,0.141140572,0.733398405,0.89259512,35.01962763,6.811274433,26.88612459,-13.53814343,5.368740656,-18.98613812,-16.51332635,4.234672137,5.031620231,9.322216537,-1.894721703,6.951620418,1.220353086,-0.903752923,2.103764017,-8.598362469,0.709638275
5236,"Chiroptera","Molossidae","Mops congicus",42.84,0.581,94.79,55.5,4541.11,NA,430.161,0.0947259590716807,NA,519.237,87.797,NA,0.99,1.5,282.563,NA,54.918,NA,1904.266,0.114341427536439,NA,NA,NA,1,2,NA,NA,100,0,0,100,0,0,0,0,0,0,0,0,0,1,3,"A",1,0,0,0,1,NA,0,NA,NA,"Occurs on mainland",NA,NA,"Afrotropical",1,1,0,0,0,0,1,0,0,0,0,1,0,0,0,0,0,0,1,0,0,0,0,0,0,0,0,0,0,0,0,0,0,0,"Mops congicus","Mops congicus",1,0,NA,NA,55.5,NA,NA,NA,NA,NA,NA,NA,1.52801275,1.649969738,1.710948231,34.11225265,-0.008681493,28.62970226,-12.65509858,14.18107357,-18.82722208,-14.00920024,-0.769910471,8.505974148,7.97716261,-3.797484704,7.707803879,0.294166168,-1.216801224,-2.328710244,-9.75717756,0.289230198
5237,"Chiroptera","Molossidae","Mops demonstrator",9.74,0.832,76.957,40,4673.091,NA,492.369,0.105362596191686,NA,579.102,96.998,NA,1,1.062,360.523,NA,56.559,NA,1854.784,0.12392268843042,NA,NA,NA,1,2,NA,NA,100,0,0,100,0,0,0,0,0,0,0,0,0,1,3,"A",1,0,0,0,1,NA,0,NA,NA,"Occurs on mainland",NA,NA,"Afrotropical",1,1,0,0,0,0,1,0,0,0,0,1,0,0,0,0,0,0,0,1,0,0,0,0,0,0,0,0,0,0,0,0,0,0,"Mops demonstrator","Mops demonstrator",0,1,NA,NA,40,NA,NA,NA,NA,NA,NA,NA,NA,NA,NA,33.59277125,-3.46075598,29.2666457,-12.13448926,18.20551959,-18.45508644,-12.54696865,-3.000754494,9.630318153,6.966773669,-4.426974199,7.625035683,0.046634487,-1.092903484,-4.321489793,-9.811227458,0.338946008
5238,"Chiroptera","Molossidae","Mops leucostigma",26.69,0.39,120,NA,2726.483,285.63,285.63,0.104761335390685,NA,374.27,88.64,NA,1,2,269.657,8.03,49.99,NA,1330.156,0.137272082752762,0.601723491944548,NA,NA,1,2,NA,NA,100,0,0,NA,NA,NA,NA,NA,NA,NA,NA,NA,NA,1,3,"A",1,0,0,0,1,950,5,945,NA,"Occurs only on isolated islands",NA,NA,"Afrotropical",3,1,0,0,0,0,0,0,0,1,0,1,0,0,0,0,0,0,1,0,0,1,0,0,1,0,0,0,0,0,0,1,0,0,"Mops leucostigma","Mops leucostigma",1,0,47.49010977,8.27,44.4,NA,NA,NA,0,0,0,1,1.072654705,1.50940161,1.744357147,35.16753967,8.244085181,26.46452776,-13.7182904,3.314122798,-18.89134788,-16.94313781,5.324605243,4.182335814,9.497598277,-1.464625153,6.713101639,1.467637162,-0.734948301,2.863369734,-8.257753565,0.918886145
5239,"Chiroptera","Molossidae","Mops midas",35,0.573,87,61.5,4745,365.25,365.25,0.0769757639620653,NA,410.75,45.5,NA,1,2,277.02,9.5,55.404,NA,1700.058,0.0865648050579557,0.542857142857143,NA,NA,0,2,NA,NA,100,0,0,100,0,0,0,0,0,0,0,0,0,1,3,"A",1,0,0,0,1,150,0,150,NA,"Occurs on mainland",NA,NA,"Afrotropical",3,1,0,0,0,0,1,0,0,0,0,1,0,0,0,0,0,0,1,1,0,1,0,0,0,1,0,0,0,0,0,1,0,0,"Mops midas","Mops midas",0,1,52,8.900000007,61.50000003,NA,NA,2,0,0,0,1,0.312500005,0.396498415,0.552345926,35.6039858,10.88313365,26.12357246,-14.33577456,-1.29377968,-18.05143587,-17.48622679,8.499827051,0.599997124,8.812714427,0.792172252,4.124912264,1.75067244,-0.475664714,6.452105495,-6.138003762,0.891127806
5240,"Chiroptera","Molossidae","Mops mops",31.12,0.472,94.753,45.5,3971.57,NA,329.44,0.082949564026317,NA,400.085,79.76,NA,1.011,1.61,299.607,NA,54.555,NA,1656.119,0.100737239932823,NA,NA,NA,1,2,NA,NA,100,0,0,100,0,0,0,0,0,0,0,0,0,1,3,"A",1,0,0,0,1,NA,NA,NA,NA,"Occurs on mainland",NA,NA,"Indomalayan",1,1,0,0,0,0,1,0,0,0,0,0,0,0,1,0,0,0,1,0,0,0,0,0,0,0,0,0,0,0,0,0,0,0,"Mops mops","Mops mops",1,0,NA,NA,45.50000004,NA,NA,NA,NA,NA,NA,NA,1.791135395,2.725994418,3.193423929,33.29943464,-5.279295757,29.32119742,-11.70172667,20.40127834,-17.97289211,-11.48913203,-4.266775699,10.18109454,6.357635102,-4.772933699,7.582636681,-0.002192545,-0.933832877,-5.659228253,-9.725631017,0.465045398
5241,"Chiroptera","Molossidae","Mops nanulus",3.88,0.272,73.471,29,3051.941,NA,327.976,0.107464724907854,NA,398.943,94.665,NA,1,1.5,290.279,NA,57.105,NA,1484.626,0.130717795658566,NA,NA,NA,1,2,NA,NA,100,0,0,100,0,0,0,0,0,0,0,0,0,1,3,"A",1,0,0,0,1,NA,0,NA,NA,"Occurs on mainland",NA,NA,"Afrotropical",1,1,0,0,0,0,1,0,0,0,0,1,0,0,0,0,0,0,1,0,0,1,0,0,0,0,0,0,0,0,0,1,0,0,"Mops nanulus","Mops nanulus",1,0,NA,NA,29,NA,NA,NA,NA,NA,NA,NA,0.418115873,1.114255073,1.681021705,35.36709656,9.828878718,26.06623979,-13.95725437,0.967534342,-18.67393464,-17.35227859,6.700304998,2.886150379,9.471675893,-0.750409714,6.072954204,1.716958625,-0.527851543,4.070183396,-7.535773955,1.111785294
5242,"Chiroptera","Molossidae","Mops niangarae",21.23,0.474,89.322,NA,5029.702,NA,528.493,0.105074415939553,NA,643.177,98.052,NA,0.98,1.069,361.999,NA,59.576,NA,2047.563,0.127875766794931,NA,NA,NA,NA,2,NA,NA,100,0,0,100,0,0,0,0,0,0,0,0,0,1,3,"A",1,0,0,0,1,NA,NA,NA,NA,"Occurs on mainland",NA,NA,"Afrotropical",NA,1,0,0,0,0,1,0,0,0,0,1,0,0,0,0,0,0,1,0,0,0,0,0,0,1,0,0,0,0,0,0,0,0,"Mops niangarae","Mops niangarae",0,0,NA,NA,NA,NA,NA,NA,NA,NA,NA,NA,NA,NA,NA,35.56163174,10.78808816,26.0648409,-14.26981203,-1.026509915,-18.15115957,-17.48079073,8.231329243,0.98013407,8.95966353,0.517659783,4.506377451,1.775251586,-0.464362783,6.073779498,-6.430927935,0.976946111
5243,"Chiroptera","Molossidae","Mops niveiventer",15.78,0.432,88.296,NA,3299.169,NA,326.943,0.0990985911906907,NA,396.137,82.441,NA,1,1.343,330.053,NA,55.215,NA,1546.229,0.120071751401641,NA,NA,NA,1,2,NA,NA,100,0,0,100,0,0,0,0,0,0,0,0,0,1,3,"A",1,0,0,0,1,NA,0,NA,NA,"Occurs on mainland",NA,NA,"Afrotropical",1,1,0,0,0,0,1,0,0,0,0,1,0,0,0,0,0,0,0,1,0,0,0,0,0,0,0,0,0,0,0,0,0,0,"Mops niveiventer","Mops niveiventer",0,0,0.007090066,7.747802621,NA,NA,NA,NA,NA,NA,NA,NA,NA,NA,NA,34.23594001,0.851637675,28.41515916,-12.75619236,13.18619391,-18.90699384,-14.36141049,-0.189371212,8.175040971,8.221418664,-3.603483216,7.694257204,0.380912007,-1.232132426,-1.788938085,-9.764727703,0.295411573
5244,"Chiroptera","Molossidae","Mops petersoni",5.86,0.3,79.245,33.5,4522.312,NA,354.44,0.0783758396147811,NA,425.535,90.201,NA,1.013,1.468,310.323,NA,54.922,NA,1825,0.0940967805847982,NA,NA,NA,1,2,NA,NA,100,0,0,100,0,0,0,0,0,0,0,0,0,1,3,"A",1,0,0,0,1,NA,NA,NA,NA,"Occurs on mainland",NA,NA,"Afrotropical",1,1,0,0,0,0,1,0,0,0,0,1,0,0,0,0,0,0,1,0,0,0,0,0,0,0,0,0,0,0,0,0,0,0,"Mops petersoni","Mops petersoni",1,0,NA,NA,NA,NA,NA,NA,NA,NA,NA,NA,2.050497974,2.050497974,2.050497974,35.64995625,10.99219386,26.13155141,-14.37174407,-1.525042863,-17.91497786,-17.4390982,8.690661498,0.305863046,8.711574274,1.025512918,3.812364969,1.73324149,-0.489431077,6.719329819,-5.984607153,0.825699552
5245,"Chiroptera","Molossidae","Mops sarasinorum",11.2,0.31,81.99,41.99,2711.364,NA,336.822,0.124226035309165,NA,412.996,86.716,NA,1.013,1.192,345.27,NA,53.155,NA,1426.155,0.152320381918473,NA,NA,NA,1,2,NA,NA,100,0,0,100,0,0,0,0,0,0,0,0,0,1,3,"A",1,0,0,0,1,1000,0,1000,NA,"Occurs only on isolated islands",NA,NA,"Australasian, Indomalayan",1,1,0,0,0,0,0,0,0,1,0,0,0,1,1,0,0,0,1,0,0,1,0,0,0,0,0,0,0,0,0,1,0,0,"Mops sarasinorum","Mops sarasinorum",1,0,NA,NA,NA,NA,NA,NA,NA,NA,NA,NA,NA,NA,NA,34.92420459,5.826473504,27.2356488,-13.45842198,6.645968379,-19.00405419,-16.21183221,3.5805054,5.475920278,9.129749433,-2.108557999,6.992270012,1.04775759,-1.008214718,1.612290795,-8.782482564,0.576269824
5246,"Chiroptera","Molossidae","Mops spurrelli",8.08,0.514,84.052,27.5,3025.936,NA,361.855,0.119584485593879,NA,438.723,93.874,NA,1.012,1.192,345.869,NA,56.921,NA,1525.532,0.144987534435626,NA,NA,NA,1,2,NA,NA,100,0,0,100,0,0,0,0,0,0,0,0,0,1,3,"A",1,0,0,0,1,NA,NA,NA,NA,"Occurs on mainland",NA,NA,"Afrotropical",1,1,0,0,0,0,1,0,0,0,0,1,0,0,0,0,0,0,1,0,0,0,0,0,0,0,0,0,0,0,0,0,0,0,"Mops spurrelli","Mops spurrelli",1,0,NA,NA,NA,NA,NA,NA,NA,NA,NA,NA,1.155698843,1.582331085,1.681021705,34.64790416,3.827413546,27.78361948,-13.20648086,9.399780474,-19.08870803,-15.53047287,1.965913998,6.728691158,8.847878857,-2.799107441,7.40531616,0.749829806,-1.148854966,0.156420085,-9.235615646,0.40335017
5247,"Chiroptera","Molossidae","Mops thersites",21.99,0.449,94.198,39.5,3873.416,NA,305.372,0.0788379043201143,NA,380.575,82.25,NA,1,2,275.795,NA,54.119,NA,1608.707,0.0982530665438466,NA,NA,NA,1,2,NA,NA,100,0,0,100,0,0,0,0,0,0,0,0,0,1,3,"A",1,0,0,0,1,NA,0,NA,NA,"Occurs on mainland",NA,NA,"Afrotropical",1,1,0,0,0,0,1,0,0,0,0,1,0,0,0,0,0,0,1,0,0,1,0,0,0,0,0,0,0,0,0,1,0,0,"Mops thersites","Mops thersites",1,0,NA,NA,39.5,NA,NA,NA,NA,NA,NA,NA,0.815574459,1.657718961,2.016847036,35.66502063,11.03833019,26.14586655,-14.39884505,-1.692597435,-17.81280167,-17.40070966,8.830365423,0.07996607,8.600278605,1.181161912,3.581443725,1.715540159,-0.49314053,6.916071331,-5.813264218,0.778499391
5248,"Chiroptera","Molossidae","Mops trevori",21.23,0.466,89.382,52.5,4991.497,NA,527.183,0.105616210928305,NA,640.826,97.88,NA,0.98,1.071,361.97,NA,59.033,NA,2039.284,0.128383529029468,NA,NA,NA,1,2,NA,NA,100,0,0,100,0,0,0,0,0,0,0,0,0,1,3,"A",1,0,0,0,1,NA,NA,NA,NA,"Occurs on mainland",NA,NA,"Afrotropical",2,1,0,0,0,0,1,0,0,0,0,1,0,0,0,0,0,0,1,1,0,0,0,0,0,0,0,0,0,0,0,0,0,0,"Mops trevori","Mops trevori",0,1,NA,NA,52.5,NA,NA,NA,NA,NA,NA,NA,1.457872052,1.591353537,1.671442428,35.26768617,8.736949865,26.37963416,-13.80425276,2.639518294,-18.81435121,-17.05618331,5.741938848,3.767527791,9.471561954,-1.231966921,6.494299884,1.527827951,-0.691224757,3.294126951,-8.052381,0.956387141
4875,"Chiroptera","Mormoopidae","Mormoops blainvillei",10.345,0.326,63.748,46.5,5376.244,NA,518.183,0.0963838322814217,NA,639.782,115.049,NA,1,1,360.978,NA,68.197,NA,2100.748,0.119001667335039,NA,NA,NA,0,2,NA,NA,100,0,0,100,0,0,0,0,0,0,0,0,0,1,3,"A",1,0,0,0,1,NA,NA,NA,1,"Occurs only on isolated islands",1,0,"Neotropical",1,1,0,0,0,0,0,0,0,1,0,0,0,0,0,0,1,0,0,0,0,0,0,0,1,0,0,0,0,0,0,0,0,0,"Mormoops blainvillei","Mormoops blainvillei",0,0,26.53457132,6.340000002,46.86666667,NA,NA,NA,1,0,0,0,1.00516996,1.470368489,1.678370595,11.41134424,-41.45370299,-21.63724187,0.464240182,-20.24199559,-21.58749381,1.178390745,-19.14759413,-2.992314702,-8.500991775,3.165681435,-4.980308672,8.196329373,10.55064707,2.705550351,-1.366949393,11.53743525
4876,"Chiroptera","Mormoopidae","Mormoops megalophylla",16.045,0.42,71.37,54.99,2728.027,NA,343.295,0.125840030175654,NA,404.86,103.244,NA,1,1,352.592,0.91,60.063,NA,1423.5,0.148407622065324,0.0567154876908694,NA,NA,0,2,NA,NA,100,0,0,100,0,0,0,0,0,0,0,0,0,1,3,"A",1,0,0,0,1,3000,NA,NA,0,"Occurs on mainland",1,0,"Nearctic, Neotropical",2,1,0,0,0,0,1,0,0,0,0,0,0,0,0,1,1,0,1,0,0,0,0,0,1,0,0,0,0,0,0,0,0,0,"Mormoops megalophylla","Mormoops megalophylla",1,0,43.5580453,7.100000005,57.27500002,499999.9996,1,7,1,0,0,0,0.072622626,0.733160025,0.952071869,10.05663033,-40.73701062,-22.0758306,-0.975767649,-19.71473591,-22.25769392,2.207143058,-19.39193778,-4.109959069,-8.094036215,3.046106981,-4.761358218,9.879601677,11.93992515,2.612809748,-1.739019122,12.1976119
5249,"Chiroptera","Molossidae","Mormopterus acetabulosus",9.05,0.889,95,38.99,4005.728,NA,479.138,0.119613213877727,NA,583.626,111.152,NA,1.007,1.016,361.17,NA,63.581,NA,1861.99,0.14569786066353,NA,NA,NA,0,2,NA,NA,100,0,0,100,0,0,0,0,0,0,0,0,0,1,3,"A",1,0,0,0,1,NA,0,NA,1,"Occurs on mainland",0,0,"Afrotropical",3,1,0,0,0,0,1,0,0,0,0,1,0,0,0,0,0,0,1,0,1,0,0,0,1,0,0,0,0,0,0,0,0,0,"Mormopterus acetabulosus","Mormopterus acetabulosus",1,0,NA,NA,38.98999998,NA,NA,NA,NA,NA,NA,NA,NA,NA,NA,31.78709384,-14.5535526,28.90567719,-9.189518543,30.46742774,-13.94240106,-5.743726915,-7.929564628,9.544179072,2.098151197,-4.612178468,4.746373058,0.108870313,0.474891244,-8.01908323,0.025793315,0.704896549
6827,"Chiroptera","Molossidae","Mormopterus beccarii",14.3,0.233,72.498,35.99,4548.058,NA,413.785,0.0909805899572961,NA,512.301,102.082,NA,1.019,1.019,361.954,NA,58.195,NA,1853.154,0.112641703337996,NA,NA,NA,0,2,NA,NA,100,0,0,100,0,0,0,0,0,0,0,0,0,1,3,"A",1,0,0,0,1,300,0,300,0,"Occurs on mainland",0,0,"Australasian",5,1,0,0,0,0,1,0,0,0,0,0,0,1,0,0,0,0,0,0,0,0,0,0,0,0,0,0,0,0,0,0,0,0,"Mormopterus beccarii","Ozimops beccarii",0,0,58.16221922,6.969999998,35.99000003,NA,NA,NA,0,0,0,1,0.162328984,1.100013649,1.749287887,32.38887021,-10.75829428,29.79083223,-10.69512226,25.89181882,-16.65518148,-8.989581931,-6.328329109,10.28418768,4.850949012,-4.698007042,6.65120679,0.206817407,-0.491409885,-7.052262978,-8.779633176,0.773795841
6828,"Chiroptera","Molossidae","Mormopterus cobourgianus",NA,116.391,996.368,NA,8629.103,NA,756.389,0.087655576715216,NA,905.245,178.049,NA,1.101,1.044,382.295,NA,171.42,NA,3285,0.104906037162843,NA,NA,NA,0,2,NA,NA,95.34,1.958,1.986,NA,NA,NA,NA,NA,NA,NA,NA,NA,NA,1,3,"A",1,0,0,0,1,NA,0,NA,NA,NA,NA,NA,"Australasian",2,1,0,0,0,0,NA,NA,NA,NA,0,0,0,1,0,0,0,0,0,0,0,0,0,0,0,0,0,0,0,0,0,0,0,0,"Mormopterus loriae","Ozimops cobourgianus",0,0,NA,NA,NA,NA,NA,NA,NA,NA,NA,NA,0.503142688,0.743862384,0.958701222,31.98926885,-13.01397196,29.78867015,-10.18511547,28.04280255,-15.81672362,-7.782818411,-7.014079831,10.10359363,4.064615918,-4.661253623,6.194488729,0.358820131,-0.186454726,-7.786417298,-7.164173705,0.948983661
5250,"Chiroptera","Molossidae","Mormopterus doriae",8.41,0.322,73.765,38,4033.842,NA,424.651,0.105272095436559,NA,529.012,106.587,NA,1.01,1.014,361.402,NA,61.92,NA,1788.499,0.131143460750322,NA,NA,NA,0,2,NA,NA,100,0,0,100,0,0,0,0,0,0,0,0,0,1,3,"A",1,0,0,0,1,250,0,250,1,"Occurs on large land bridge islands",0,0,"Indomalayan",NA,1,0,0,0,0,0,0,1,0,0,0,0,0,1,0,0,0,1,0,0,0,0,0,0,1,0,0,0,0,0,0,0,0,"Mormopterus doriae","Mormopterus doriae",0,0,NA,NA,NA,NA,NA,NA,NA,NA,NA,NA,NA,NA,NA,30.93846502,-18.528112,25.08023111,-6.071710237,33.5516507,-6.873322314,0.563150284,-9.083671322,6.499066588,-3.014683785,-3.057064479,-0.413472994,-0.624113313,1.509494861,-5.303056718,15.29025535,-0.680020431
6829,"Chiroptera","Molossidae","Mormopterus eleryi",8,0.813,77.346,36.5,2555,NA,352.636,0.138018003913894,NA,427.165,107.359,NA,1,1.03,358.519,NA,61.544,NA,1431.668,0.167187866927593,NA,NA,NA,0,2,NA,NA,100,0,0,100,0,0,0,0,0,0,0,0,0,1,3,"A",1,0,0,0,1,NA,0,NA,NA,NA,NA,NA,"Australasian",3,1,0,0,0,0,NA,NA,NA,NA,0,0,0,1,0,0,0,0,0,0,0,0,0,0,0,0,0,0,0,0,0,0,0,0,"Mormopterus eleryi","Setirostris eleryi",0,0,NA,NA,NA,NA,NA,NA,NA,NA,NA,NA,0.035648833,0.208615991,0.265259248,32.71899426,-8.711097066,29.76113319,-11.15222502,23.81912533,-17.30747756,-10.08254639,-5.507637865,10.30019995,5.502414923,-4.759858204,7.090842709,0.103562957,-0.706611575,-6.486691082,-9.545655817,0.647272594
5251,"Chiroptera","Molossidae","Mormopterus francoismoutoui",9.05,0.886,95,38.99,3402.558,NA,390.474,0.114758954880416,NA,479.706,105.558,NA,1.008,1.03,360.263,NA,61.939,NA,1617.211,0.140983930325361,NA,NA,NA,0,2,NA,NA,100,0,0,100,0,0,0,0,0,0,0,0,0,1,3,"A",1,0,0,0,1,2000,0,2000,NA,NA,NA,NA,"Afrotropical",2,1,0,0,0,0,NA,NA,NA,NA,0,1,0,0,0,0,0,0,1,0,0,1,0,1,0,0,0,0,0,0,0,1,0,0,"Mormopterus francoismoutoui","Mormopterus francoismoutoui",0,0,NA,NA,NA,NA,NA,NA,NA,NA,NA,NA,0.896603672,1.302417227,1.337294976,30.17630588,-22.5966604,22.19711815,-3.823056247,33.79297198,-2.60868388,3.164933329,-8.479433614,4.334923702,-5.003603927,-1.707251252,-3.343408142,-1.41502565,1.006610009,-2.566155302,17.05110374,-1.441994974
6830,"Chiroptera","Molossidae","Mormopterus halli",NA,141.064,1120.687,NA,9005.884,NA,769.08,0.0853975023440231,NA,927.7,185.541,NA,1.103,1.038,386.843,NA,177.446,NA,3285,0.103010431846557,NA,NA,NA,0,2,NA,NA,95.823,1.838,1.802,NA,NA,NA,NA,NA,NA,NA,NA,NA,NA,1,3,"A",1,0,0,0,1,NA,0,NA,NA,NA,NA,NA,"Australasian",1,1,0,0,0,0,NA,NA,NA,NA,0,0,0,1,0,0,0,0,0,0,0,0,0,0,0,0,0,0,0,0,0,0,0,0,"Mormopterus halli","Ozimops halli",0,0,NA,NA,NA,NA,NA,NA,NA,NA,NA,NA,NA,NA,NA,32.07474012,-12.49650677,29.72902709,-10.25910277,27.56571222,-15.96513716,-8.052113898,-6.871288122,10.2041364,4.235015086,-4.73676774,6.347511474,0.297379984,-0.248485225,-7.724935105,-7.528517874,0.920366629
5252,"Chiroptera","Molossidae","Mormopterus jugularis",11.56,0.22,95,37.37,3358.324,NA,387.593,0.115412628442044,NA,465.118,105.913,NA,1.01,1.028,360.891,NA,62.027,NA,1622.114,0.138497059842945,NA,NA,NA,0,2,NA,NA,100,0,0,100,0,0,0,0,0,0,0,0,0,1,3,"A",1,0,0,0,1,1750,5,1745,1,"Occurs only on isolated islands",1,0,"Afrotropical",4,1,0,0,0,0,0,0,0,1,0,1,0,0,0,0,0,0,1,0,0,1,0,1,1,0,0,0,0,0,0,1,0,0,"Mormopterus jugularis","Mormopterus jugularis",1,0,59.30748393,7.91,37.37000001,NA,NA,NA,0,0,0,1,0.321832425,0.722661854,1.173162957,30.01566154,-23.35914549,21.62372203,-3.430704168,33.74148893,-1.902583172,3.637590202,-8.410774437,3.911037344,-5.337723863,-1.454387916,-3.819360901,-1.555564039,0.899677201,-2.110529806,17.15219437,-1.522360501
5253,"Chiroptera","Molossidae","Mormopterus kalinowskii",7.49,1.906,84.646,36.5,4346.289,NA,450.364,0.103620352903362,NA,553.065,115.087,NA,1.008,1.009,361.727,NA,64.865,NA,1879.526,0.127249936670111,NA,NA,NA,0,2,NA,NA,100,0,0,100,0,0,0,0,0,0,0,0,0,1,3,"A",1,0,0,0,1,1830,0,1830,0,"Occurs on mainland",1,0,"Neotropical",2,1,0,0,0,0,1,0,0,0,0,0,0,0,0,0,1,0,1,0,1,1,0,0,1,0,0,0,0,0,0,1,0,0,NA,"Mormopterus kalinowskii",0,0,63.64448036,9.2,36.5,NA,NA,NA,NA,NA,NA,NA,0.000246407,0.03275559,0.0536822,NA,NA,NA,NA,NA,NA,NA,NA,NA,NA,NA,NA,NA,NA,NA,NA,NA
6831,"Chiroptera","Molossidae","Mormopterus kitcheneri",NA,0.302,67.087,NA,2369.458,NA,377.37,0.159264270563141,NA,484.23,106.86,NA,0.99,1,360.045,NA,59.116,NA,1549.587,0.20436319191984,NA,NA,NA,0,2,NA,NA,100,0,0,NA,NA,NA,NA,NA,NA,NA,NA,NA,NA,1,3,"A",1,0,0,0,1,NA,0,NA,NA,NA,NA,NA,"Australasian",3,1,0,0,0,0,NA,NA,NA,NA,0,0,0,1,0,0,0,0,0,0,0,0,0,0,0,0,0,0,0,0,0,0,0,0,"Mormopterus kitcheneri","Ozimops kitcheneri",0,0,NA,NA,NA,NA,NA,NA,NA,NA,NA,NA,0.112952147,0.112952147,0.112952147,32.19318603,-11.63993542,29.73416344,-10.45922024,26.71111247,-16.30983134,-8.548197633,-6.590454337,10.29424129,4.569251776,-4.73467196,6.502011663,0.214329947,-0.386615378,-7.550405352,-8.256349319,0.844233343
6832,"Chiroptera","Molossidae","Mormopterus lumsdenae",NA,108.361,963.923,NA,8462.698,NA,724.365,0.0855950430938218,NA,869.011,174.333,NA,1.101,1.046,378.209,NA,166.612,NA,3046.398,0.102687228115667,NA,NA,NA,0,2,NA,NA,93.488,3.568,2.357,NA,NA,NA,NA,NA,NA,NA,NA,NA,NA,1,3,"A",1,0,0,0,1,NA,0,NA,NA,NA,NA,NA,"Australasian",5,1,0,0,0,0,NA,NA,NA,NA,0,0,0,1,0,0,0,0,0,0,0,0,0,0,0,0,0,0,0,0,0,0,0,0,"Mormopterus lumsdenae","Ozimops lumsdenae",0,0,NA,NA,NA,NA,NA,NA,NA,NA,NA,NA,0.051886614,0.463688819,0.619582648,32.24534898,-11.41459383,29.78909402,-10.54434265,26.48597154,-16.42781431,-8.692317596,-6.485571192,10.26115923,4.669876717,-4.68561809,6.518150883,0.217445319,-0.426915421,-7.331394841,-8.472205866,0.822838132
5254,"Chiroptera","Molossidae","Mormopterus minutus",4.27,0.764,73.295,30,3992.388,NA,421.801,0.105651304432335,NA,506.656,116.133,NA,1.019,1.047,361.733,NA,64.779,NA,1750.836,0.126905501168724,NA,NA,NA,0,2,NA,NA,100,0,0,100,0,0,0,0,0,0,0,0,0,1,3,"A",1,0,0,0,1,NA,NA,NA,1,"Occurs only on isolated islands",0,0,"Neotropical",1,1,0,0,0,0,0,0,0,1,0,0,0,0,0,0,1,0,1,0,0,1,0,0,0,0,0,0,0,0,0,1,0,0,"Mormopterus minutus","Mormopterus minutus",0,0,NA,NA,NA,NA,NA,NA,NA,NA,NA,NA,NA,NA,NA,32.49464406,-10.22247915,29.80715361,-10.82305492,25.36140588,-16.79537245,-9.25864693,-6.095282641,10.26268509,5.009822225,-4.707184542,6.757260537,0.172847998,-0.556914871,-6.876638185,-8.994494796,0.726916701
6833,"Chiroptera","Molossidae","Mormopterus norfolkensis",8,0.813,77.611,36.5,2555,NA,349.535,0.136804305283757,NA,419.237,107.148,NA,1,1.036,357.466,NA,60.746,NA,1366.858,0.164084931506849,NA,NA,NA,0,2,NA,NA,100,0,0,100,0,0,0,0,0,0,0,0,0,1,3,"A",1,0,0,0,1,NA,NA,NA,0,"Occurs on mainland",0,0,NA,NA,1,0,0,0,0,1,0,0,0,0,0,0,0,0,0,0,0,0,0,0,0,0,0,0,0,0,0,0,0,0,0,0,0,"Mormopterus norfolkensis","Micronomus norfolkensis",0,0,42.75674369,7.52,36.5,NA,NA,NA,NA,NA,NA,NA,0.2375305,0.781073895,0.961380407,32.99045856,-7.13101245,29.54568533,-11.38949707,22.24686788,-17.63868857,-10.80473056,-4.902218328,10.31072489,5.932576297,-4.826249213,7.375168709,0.025446469,-0.815345683,-6.209322654,-9.612532327,0.564345794
5255,"Chiroptera","Molossidae","Mormopterus phrudus",6.11,0.785,74.94,34,4151.918,NA,439.241,0.105792310927143,NA,529.854,113.092,NA,1.009,1.016,362.104,NA,62.848,NA,1803.557,0.127616682217712,NA,NA,NA,0,2,NA,NA,100,0,0,100,0,0,0,0,0,0,0,0,0,1,3,"A",1,0,0,0,1,3000,1800,1200,NA,"Occurs on mainland",NA,NA,"Neotropical",2,1,0,0,0,0,1,0,0,0,0,0,0,0,0,0,1,0,1,0,0,0,0,0,1,0,0,0,0,0,0,0,0,0,"Mormopterus phrudus","Mormopterus phrudus",1,0,NA,NA,NA,NA,NA,NA,NA,NA,NA,NA,NA,NA,NA,35.74002872,11.2717895,26.18176464,-14.51038555,-2.464609759,-17.37254747,-17.26802903,9.522527884,-0.977163777,8.147024885,1.920418231,2.544992596,1.650503507,-0.525368174,8.045851537,-5.131019469,0.551425642
6834,"Chiroptera","Molossidae","Mormopterus planiceps",9.24,0.316,69.834,33.58,2369.458,377.37,377.37,0.159264270563141,NA,484.23,106.86,NA,0.99,1,361.266,2.06,60.195,NA,1541.737,0.20436319191984,0.220714285714286,NA,NA,0,2,NA,NA,100,0,0,100,0,0,0,0,0,0,0,0,0,1,3,"A",1,0,0,0,1,NA,NA,NA,0,"Occurs on mainland",0,0,NA,NA,1,0,0,0,0,1,0,0,0,0,0,0,0,0,0,0,0,0,0,0,0,0,0,0,0,0,0,0,0,0,0,0,0,"Mormopterus planiceps","Ozimops planiceps",0,0,57.28312645,6.1,33.58000002,NA,NA,NA,NA,NA,NA,NA,0.04398018,0.421415626,0.580231747,32.11856436,-11.97261411,29.67183862,-10.35093876,27.07617117,-16.16854616,-8.301165852,-6.79743026,10.30905222,4.391078408,-4.763888236,6.432528161,0.237956188,-0.320072846,-7.727863791,-7.863485442,0.864514342
6835,"Chiroptera","Molossidae","Mormopterus ridei",NA,112.634,996.199,NA,8527.022,NA,721.835,0.0846526489552859,NA,873.744,174.8,NA,1.109,1.047,377.886,NA,169.129,NA,3068.876,0.102467661042742,NA,NA,NA,0,2,NA,NA,93.823,2.735,2.348,NA,NA,NA,NA,NA,NA,NA,NA,NA,NA,1,3,"A",1,0,0,0,1,NA,0,NA,NA,NA,NA,NA,"Australasian",4,1,0,0,0,0,NA,NA,NA,NA,0,0,0,1,0,0,0,0,0,0,0,0,0,0,0,0,0,0,0,0,0,0,0,0,"Mormopterus loriae","Ozimops ridei",0,0,NA,NA,NA,NA,NA,NA,NA,NA,NA,NA,0.059075496,0.823716256,1.166381231,31.98926885,-13.01397196,29.78867015,-10.18511547,28.04280255,-15.81672362,-7.782818411,-7.014079831,10.10359363,4.064615918,-4.661253623,6.194488729,0.358820131,-0.186454726,-7.786417298,-7.164173705,0.948983661
4835,"Chiroptera","Emballonuridae","Mosia nigrescens",3.33,0.193,51.301,34.5,5611.211,NA,387.86,0.0691223338420174,NA,475.918,124.06,NA,0.98,1.251,339.273,NA,58.724,NA,1924.459,0.0848155594220214,NA,NA,NA,0,2,NA,NA,100,0,0,100,0,0,0,0,0,0,0,0,0,1,3,"A",1,0,0,0,1,NA,NA,NA,1,"Occurs on large land bridge islands",1,0,"Australasian",4,1,0,0,0,0,0,0,1,0,0,0,0,1,0,0,0,0,1,0,0,1,0,1,1,0,0,0,0,0,0,1,0,0,"Mosia nigrescens","Mosia nigrescens",1,0,NA,NA,34.49999999,NA,NA,NA,0,0,0,1,0.956470404,2.292843213,2.825464852,25.17448506,-41.11200784,9.709488216,3.396122497,28.65108604,10.87135154,12.70482112,-2.899494553,-6.752283065,-5.836679824,3.965145138,-6.110086284,-0.285620437,0.026364298,6.036899066,3.944813671,-1.224671378
5342,"Chiroptera","Vespertilionidae","Murina aenea",7.5,0.264,69.076,35.49,6154.476,NA,367.406,0.0596973649746948,NA,431.277,84.885,NA,1.383,1.013,364.488,NA,47.187,NA,1825,0.0700753402889214,NA,NA,NA,1,2,NA,NA,100,0,0,100,0,0,0,0,0,0,0,0,0,1,3,"A",1,0,0,0,1,1200,0,1200,1,"Occurs on mainland",1,0,"Indomalayan",1,1,0,0,0,0,1,0,0,0,0,0,0,0,1,0,0,0,1,0,0,0,0,0,0,0,0,0,0,0,0,0,0,0,"Murina aenea","Murina aenea",1,0,NA,NA,35.48999997,NA,NA,NA,0,0,1,0,1.940202036,2.394825139,2.572331394,37.64138566,18.12120212,22.93317627,-14.50407387,-18.3812949,5.505117724,2.673347917,4.006634268,-7.560223563,-6.545129201,1.75419671,-4.452158694,-0.944826947,0.319418866,-4.432910909,1.640512065,0.479520333
5343,"Chiroptera","Vespertilionidae","Murina annamitica",NA,NA,NA,NA,NA,NA,NA,NA,NA,NA,NA,NA,NA,NA,NA,NA,NA,NA,NA,NA,NA,NA,NA,NA,NA,NA,NA,NA,NA,NA,NA,NA,NA,NA,NA,NA,NA,NA,NA,NA,NA,NA,NA,NA,NA,NA,NA,NA,NA,NA,NA,NA,NA,NA,NA,NA,NA,NA,NA,NA,NA,NA,NA,NA,NA,NA,0,0,0,0,0,0,0,0,1,1,0,0,0,0,0,0,0,0,0,0,0,0,0,0,"Murina annamitica","Murina annamitica",1,0,NA,NA,NA,NA,NA,NA,NA,NA,NA,NA,1.515034137,1.515034137,1.515034137,37.63863626,18.0895036,23.00879764,-14.54049449,-18.33599677,5.287533291,2.436927756,4.200122956,-7.663685357,-6.446296319,1.877013834,-4.53688204,-0.922515746,0.305052785,-4.097517712,1.725690936,0.433664425
5344,"Chiroptera","Vespertilionidae","Murina aurata",4.27,0.259,65.38,30,6227.431,NA,420.342,0.0674984596376901,NA,480.938,90.019,NA,1.354,1.026,364.59,NA,58.619,NA,1965.906,0.0772289568523521,NA,NA,NA,1,2,NA,NA,100,0,0,100,0,0,0,0,0,0,0,0,0,1,3,"A",1,0,0,0,1,4154,2000,2154,0,"Occurs on mainland",0,0,"Indomalayan",1,1,0,0,0,0,1,0,0,0,0,0,0,0,1,0,0,0,1,0,0,0,0,0,0,0,0,0,0,0,0,0,0,0,"Murina aurata","Murina aurata",1,0,NA,NA,30.00000002,NA,NA,NA,NA,NA,NA,NA,1.064189237,1.652732222,2.205887183,37.63333082,17.26959688,24.20971873,-15.08359803,-16.58025505,0.990895279,-1.831426578,7.12766472,-8.915884092,-4.798626388,3.405643282,-5.438835461,-0.797170222,0.14796284,-0.736920582,3.107112582,-0.208893819
5345,"Chiroptera","Vespertilionidae","Murina balaensis",NA,NA,NA,NA,NA,NA,NA,NA,NA,NA,NA,NA,NA,NA,NA,NA,NA,NA,NA,NA,NA,NA,NA,NA,NA,NA,NA,NA,NA,NA,NA,NA,NA,NA,NA,NA,NA,NA,NA,NA,NA,NA,NA,NA,0,0,0,1,340,340,0,NA,NA,NA,NA,"Indomalayan",1,NA,NA,NA,NA,NA,NA,NA,NA,NA,0,0,0,0,1,0,0,0,1,0,0,0,0,0,0,0,0,0,0,0,0,0,0,0,"Murina balaensis","Murina balaensis",1,0,NA,NA,NA,NA,NA,NA,NA,NA,NA,NA,NA,NA,NA,37.5827081,16.43402071,24.91908511,-15.23464331,-13.70763902,-3.752998441,-6.260879608,9.386128424,-9.172147555,-2.60705207,4.624498099,-5.974200834,-0.563444414,0.072078566,1.964657942,4.939266916,-0.722279802
5346,"Chiroptera","Vespertilionidae","Murina beelzebub",NA,NA,NA,NA,NA,NA,NA,NA,NA,NA,NA,NA,NA,NA,NA,NA,NA,NA,NA,NA,NA,NA,NA,NA,NA,NA,NA,NA,NA,NA,NA,NA,NA,NA,NA,NA,NA,NA,NA,NA,NA,NA,NA,NA,NA,NA,NA,NA,NA,NA,NA,NA,NA,NA,NA,NA,1,NA,NA,NA,NA,NA,NA,NA,NA,NA,0,0,0,0,0,0,0,0,1,0,0,0,0,0,0,0,0,0,0,0,0,0,0,0,"Murina beelzebub","Murina beelzebub",1,0,NA,NA,NA,NA,NA,NA,NA,NA,NA,NA,NA,NA,NA,37.50817077,16.10273964,25.11486412,-15.22934235,-12.70492108,-5.185321289,-7.558848627,9.92606533,-9.080628159,-1.83789075,4.985875457,-6.112854057,-0.427670598,0.050899565,3.254304733,5.815753714,-0.932103253
5347,"Chiroptera","Vespertilionidae","Murina bicolor",NA,NA,NA,NA,NA,NA,NA,NA,NA,NA,NA,NA,NA,NA,NA,NA,NA,NA,NA,NA,NA,NA,NA,NA,NA,NA,NA,NA,NA,NA,NA,NA,NA,NA,NA,NA,NA,NA,NA,NA,NA,NA,NA,NA,0,0,0,1,3350,400,2950,NA,NA,NA,NA,"Indomalayan",2,NA,NA,NA,NA,NA,NA,NA,NA,NA,0,0,0,0,1,0,0,0,1,0,0,1,0,0,0,0,0,0,0,0,0,1,0,0,"Murina bicolor","Murina bicolor",1,0,NA,NA,NA,NA,NA,NA,NA,NA,NA,NA,NA,NA,NA,37.63275953,16.78655793,24.69130607,-15.25340243,-15.09996582,-1.66679912,-4.329163917,8.515820771,-9.219128911,-3.648882778,4.123427765,-5.787337995,-0.73278695,0.110265349,0.63043702,3.980777155,-0.478223427
5348,"Chiroptera","Vespertilionidae","Murina chrysochaetes",NA,NA,NA,NA,NA,NA,NA,NA,NA,NA,NA,NA,NA,NA,NA,NA,NA,NA,NA,NA,NA,NA,NA,NA,NA,NA,NA,NA,NA,NA,NA,NA,NA,NA,NA,NA,NA,NA,NA,NA,NA,NA,NA,NA,NA,NA,NA,NA,NA,NA,NA,NA,NA,NA,NA,NA,NA,NA,NA,NA,NA,NA,NA,NA,NA,NA,0,0,0,0,0,0,0,0,0,0,0,0,0,0,0,0,0,0,0,0,0,0,0,0,"Murina chrysochaetes","Murina chrysochaetes",0,0,NA,NA,NA,NA,NA,NA,NA,NA,NA,NA,NA,NA,NA,37.60619935,16.48363372,24.92940956,-15.25386937,-13.82258246,-3.587805463,-6.102759757,9.301023625,-9.163764989,-2.698404077,4.570898101,-5.951859596,-0.581903767,0.077733251,1.768450149,4.856066079,-0.686401266
5349,"Chiroptera","Vespertilionidae","Murina cyclotis",9.35,0.265,71.098,34.44,5709.474,NA,374.245,0.0655480697521348,NA,446.44,90.311,NA,2,1.01,364.196,NA,48.774,NA,1859.707,0.0781928422828443,NA,NA,NA,1,2,NA,NA,100,0,0,100,0,0,0,0,0,0,0,0,0,1,3,"A",1,0,0,0,1,1500,250,1250,0,"Occurs on mainland",1,0,"Indomalayan",2,1,0,0,0,0,1,0,0,0,0,0,0,0,1,0,0,0,1,0,0,1,0,0,1,0,0,0,0,0,0,1,0,0,"Murina cyclotis","Murina cyclotis",1,0,29.88243827,4.389999998,34.44000002,NA,NA,NA,0,0,0,1,1.064189237,1.362122451,1.533005849,37.63044277,17.4016353,24.0870192,-15.01869494,-16.85333364,1.602651083,-1.242537235,6.743480035,-8.803955118,-5.133861503,3.191268116,-5.361487995,-0.801266947,0.172835271,-1.378875335,2.943430139,-0.11772003
5350,"Chiroptera","Vespertilionidae","Murina eleryi",NA,NA,NA,NA,NA,NA,NA,NA,NA,NA,NA,NA,NA,NA,NA,NA,NA,NA,NA,NA,NA,NA,NA,NA,NA,NA,NA,NA,NA,NA,NA,NA,NA,NA,NA,NA,NA,NA,NA,NA,NA,NA,NA,NA,NA,NA,NA,NA,NA,NA,NA,NA,NA,NA,NA,NA,NA,NA,NA,NA,NA,NA,NA,NA,NA,NA,0,0,0,0,0,0,0,0,1,0,0,0,0,0,0,0,0,0,0,0,0,0,0,0,"Murina eleryi","Murina eleryi",1,0,31.50735961,4.720000004,NA,NA,NA,NA,NA,NA,NA,NA,1.064189237,2.293804544,3.491622916,37.63517172,16.9736562,24.49287751,-15.1937609,-15.71045978,-0.600974178,-3.322360927,7.970229592,-9.11227687,-4.108270526,3.835022463,-5.637011351,-0.775075697,0.127914881,0.082010711,3.601538837,-0.368043034
5352,"Chiroptera","Vespertilionidae","Murina feae",NA,NA,NA,NA,NA,NA,NA,NA,NA,NA,NA,NA,NA,NA,NA,NA,NA,NA,NA,NA,NA,NA,NA,NA,NA,NA,NA,NA,NA,NA,NA,NA,NA,NA,NA,NA,NA,NA,NA,NA,NA,NA,NA,NA,NA,NA,NA,NA,NA,NA,NA,NA,NA,NA,NA,NA,NA,NA,NA,NA,NA,NA,NA,NA,NA,NA,0,0,0,0,0,0,0,0,1,0,0,1,0,0,1,0,0,0,0,0,0,1,0,0,"Murina cineracea","Murina feae",1,0,26.79046766,4.49,NA,NA,NA,NA,NA,NA,NA,NA,1.137787459,1.148475169,1.154887795,37.65381186,17.73449417,23.58358529,-14.81999047,-17.6933701,3.534742977,0.675267393,5.485131111,-8.292521711,-5.851228474,2.52543867,-4.952500376,-0.906253495,0.234262804,-2.728987725,2.360560249,0.149688186
5353,"Chiroptera","Vespertilionidae","Murina fionae",NA,NA,NA,NA,NA,NA,NA,NA,NA,NA,NA,NA,NA,NA,NA,NA,NA,NA,NA,NA,NA,NA,NA,NA,NA,NA,NA,NA,NA,NA,NA,NA,NA,NA,NA,NA,NA,NA,NA,NA,NA,NA,NA,NA,NA,NA,NA,NA,NA,NA,NA,NA,NA,NA,NA,NA,NA,NA,NA,NA,NA,NA,NA,NA,NA,NA,0,0,0,0,0,0,0,0,1,0,0,0,0,0,0,0,0,0,0,0,0,0,0,0,"Murina fionae","Murina fionae",1,0,NA,NA,NA,NA,NA,NA,NA,NA,NA,NA,NA,NA,NA,37.63572628,17.46032086,23.98424141,-14.97788784,-16.99831299,1.969062621,-0.872280948,6.49667383,-8.707827326,-5.291010371,3.053741606,-5.284358145,-0.83239019,0.189592946,-1.701001673,2.857708336,-0.063608427
5354,"Chiroptera","Vespertilionidae","Murina florium",4.41,0.249,60.756,34.5,6343.045,NA,392.854,0.0619346071169289,NA,461.059,83.708,NA,1.247,1.016,364.482,NA,56.944,NA,1945.377,0.0726873291928403,NA,NA,NA,1,2,NA,NA,100,0,0,100,0,0,0,0,0,0,0,0,0,1,3,"A",1,0,0,0,1,2800,0,2800,1,"Occurs on mainland",0,0,"Australasian",3,1,0,0,0,0,1,0,0,0,0,0,0,1,0,0,0,0,1,0,0,1,0,0,1,0,0,0,0,0,0,1,0,0,"Murina florium","Murina florium",1,0,NA,NA,34.49999999,6.500000005,NA,NA,0,0,0,1,0.914084695,1.413749303,1.868006455,37.62701029,17.99629715,23.18368708,-14.6170865,-18.18820205,4.852097999,1.994987056,4.513432808,-7.828096557,-6.338549012,2.03851302,-4.669135983,-0.90190605,0.293927338,-3.791358586,1.931371722,0.360846769
5355,"Chiroptera","Vespertilionidae","Murina fusca",7.54,0.251,68.019,NA,6248.677,NA,423.625,0.0677943507081579,NA,492.589,87.803,NA,1.443,1.008,364.487,NA,49.622,NA,1949.404,0.0788309269306127,NA,NA,NA,1,2,NA,NA,100,0,0,100,0,0,0,0,0,0,0,0,0,1,3,"A",1,0,0,0,1,NA,NA,NA,NA,"Occurs on mainland",NA,NA,"Palearctic",NA,1,0,0,0,0,1,0,0,0,1,0,0,0,0,0,0,0,1,0,0,0,0,0,0,1,0,0,0,0,0,0,0,0,"Murina fusca","Murina fusca",0,0,NA,NA,NA,NA,NA,NA,NA,NA,NA,NA,NA,NA,NA,37.61491978,16.58932921,24.8452658,-15.25502342,-14.30031354,-2.866224282,-5.437319698,9.007723592,-9.192877392,-3.085485018,4.388194098,-5.888858191,-0.648201835,0.090785458,1.209439801,4.490211361,-0.599562604
5356,"Chiroptera","Vespertilionidae","Murina gracilis",NA,NA,NA,NA,NA,NA,NA,NA,NA,NA,NA,NA,NA,NA,NA,NA,NA,NA,NA,NA,NA,NA,NA,NA,NA,NA,NA,NA,NA,NA,NA,NA,NA,NA,NA,NA,NA,NA,NA,NA,NA,NA,NA,NA,0,0,0,1,3000,1000,2000,NA,NA,NA,NA,"Indomalayan",2,NA,NA,NA,NA,NA,NA,NA,NA,NA,0,0,0,0,1,0,0,0,1,0,0,1,0,0,0,0,0,0,0,0,0,1,0,0,"Murina gracilis","Murina gracilis",1,0,NA,NA,NA,NA,NA,NA,NA,NA,NA,NA,2.270161211,2.270161211,2.270161211,37.63359384,17.01311352,24.43037747,-15.17640861,-15.88820916,-0.273257382,-3.008238715,7.799910386,-9.076860723,-4.249116325,3.743405226,-5.590702556,-0.798279564,0.135187436,-0.090490798,3.490770661,-0.333148355
5357,"Chiroptera","Vespertilionidae","Murina guilleni",9.35,0.265,71.098,34.44,5709.474,NA,374.245,0.0655480697521348,NA,446.44,90.311,NA,2,1.01,364.196,NA,48.774,NA,1859.707,0.0781928422828443,NA,NA,NA,1,2,NA,NA,100,0,0,100,0,0,0,0,0,0,0,0,0,1,3,"A",1,0,0,0,1,1500,250,1250,0,NA,1,0,"Indomalayan",2,1,0,0,0,0,NA,NA,NA,NA,0,0,0,0,1,0,0,0,0,0,0,0,0,0,0,0,0,0,0,0,0,0,0,0,"Murina guilleni","Murina guilleni",0,0,NA,NA,NA,NA,NA,NA,NA,NA,NA,NA,NA,NA,NA,37.63842732,17.51818825,23.88430442,-14.94162476,-17.181272,2.372954799,-0.47231354,6.24527983,-8.612531196,-5.434632797,2.925282481,-5.204807878,-0.858021002,0.200349028,-1.934466118,2.736072403,-0.012856394
5358,"Chiroptera","Vespertilionidae","Murina harpioloides",NA,NA,NA,NA,NA,NA,NA,NA,NA,NA,NA,NA,NA,NA,NA,NA,NA,NA,NA,NA,NA,NA,NA,NA,NA,NA,NA,NA,NA,NA,NA,NA,NA,NA,NA,NA,NA,NA,NA,NA,NA,NA,NA,NA,NA,NA,NA,NA,NA,NA,NA,NA,NA,NA,NA,NA,NA,NA,NA,NA,NA,NA,NA,NA,NA,NA,0,0,0,0,0,0,0,0,1,0,0,0,0,0,0,0,0,0,0,0,0,0,0,0,"Murina harpioloides","Murina harpioloides",1,0,NA,NA,NA,NA,NA,NA,NA,NA,NA,NA,0.903753705,0.903753705,0.903753705,37.60836606,16.51033906,24.90772592,-15.25379232,-13.94626119,-3.381087892,-5.906579369,9.206698592,-9.173830085,-2.84194738,4.504360262,-5.939389484,-0.61059699,0.087450016,1.465666697,4.74838604,-0.644139546
5359,"Chiroptera","Vespertilionidae","Murina harrisoni",4.3,0.223,65.844,NA,5789.681,NA,364.833,0.0630143526042281,NA,424.49,86.911,NA,1.415,1.032,364.537,NA,52.503,NA,1833.446,0.073318374535661,NA,NA,NA,1,2,NA,NA,100,0,0,NA,NA,NA,NA,NA,NA,NA,NA,NA,NA,1,3,"A",1,0,0,0,1,NA,NA,NA,NA,"Occurs on mainland",NA,NA,"Indomalayan",1,1,0,0,0,0,1,0,0,0,0,0,0,0,1,0,0,0,1,0,0,0,0,0,0,0,0,0,0,0,0,0,0,0,"Murina harrisoni","Murina harrisoni",1,0,29.43654911,4.72,NA,NA,NA,NA,NA,NA,NA,NA,NA,NA,NA,37.6440788,17.88207289,23.43490271,-14.74416249,-17.98039866,4.171296626,1.296094396,5.043348947,-8.098667884,-6.090888835,2.32043813,-4.850681452,-0.882179472,0.261028286,-3.124297333,2.186038193,0.239873659
5360,"Chiroptera","Vespertilionidae","Murina hilgendorfi",7.54,0.239,66.61,NA,5840,NA,426.362,0.0730071917808219,NA,503.809,86.115,NA,1.5,1.006,364.451,NA,49.585,NA,1967.677,0.0862686643835616,NA,NA,NA,1,2,NA,NA,100,0,0,NA,NA,NA,NA,NA,NA,NA,NA,NA,NA,1,3,"A",1,0,0,0,1,4000,NA,NA,NA,"Occurs on mainland",NA,NA,"Palearctic",2,1,0,0,0,0,1,0,0,0,1,0,0,0,0,0,0,0,1,0,0,0,0,0,1,0,0,0,0,0,0,0,0,0,"Murina hilgendorfi","Murina hilgendorfi",0,0,NA,NA,NA,NA,NA,NA,NA,NA,NA,NA,0.567640848,1.103623817,1.459060818,37.63651114,16.93487263,24.55657162,-15.21274243,-15.54425275,-0.916269892,-3.625696711,8.135242307,-9.143938659,-3.964728498,3.924514849,-5.678068155,-0.750824152,0.118915065,0.285556893,3.710725113,-0.406118119
6838,"Chiroptera","Vespertilionidae","Murina huttoni",7.56,0.258,68.544,33.5,6026.205,NA,376.092,0.0624094268283273,NA,450.989,89.808,NA,1.64,1.011,364.387,NA,47.247,NA,1868.723,0.0748379784623988,NA,NA,NA,1,2,NA,NA,100,0,0,100,0,0,0,0,0,0,0,0,0,1,3,"A",1,0,0,0,1,2500,1450,1050,NA,"Occurs on mainland",NA,NA,"Indomalayan",1,1,0,0,0,0,1,0,0,0,0,0,0,0,1,0,0,0,1,0,0,0,0,0,0,0,0,0,0,0,0,0,0,0,"Murina huttoni","Murina huttoni",1,0,NA,NA,33.5,NA,NA,NA,NA,NA,NA,NA,NA,NA,NA,37.5681452,16.3783461,24.94568823,-15.2305702,-13.53632572,-4.014111175,-6.50184189,9.488791532,-9.145107378,-2.433972962,4.696213152,-5.985146853,-0.529702734,0.064007473,2.321959996,5.114050302,-0.777433759
5363,"Chiroptera","Vespertilionidae","Murina jaintiana",6.505,0.217,62.507,32,6727.336,NA,426.651,0.063420498099099,NA,504.264,90.881,NA,1.37,1.01,364.658,NA,52.037,NA,2011.606,0.0749574571568894,NA,NA,NA,1,2,NA,NA,100,0,0,100,0,0,0,0,0,0,0,0,0,1,3,"A",1,0,0,0,1,1500,1000,500,NA,NA,NA,NA,"Indomalayan",NA,1,0,0,0,0,NA,NA,NA,NA,0,0,0,0,1,0,0,0,1,0,0,0,0,0,0,0,0,0,0,0,0,0,0,0,"Murina jaintiana","Murina jaintiana",0,0,NA,NA,NA,NA,NA,NA,NA,NA,NA,NA,2.27445281,3.679922019,3.491622916,37.65091182,17.77464004,23.49541848,-14.78573939,-17.84111046,3.880690767,1.021976985,5.258592655,-8.1956671,-5.959288769,2.419369132,-4.886692183,-0.925181973,0.2450221,-2.914781277,2.278622167,0.191771083
5366,"Chiroptera","Vespertilionidae","Murina leucogaster",7.54,0.27,71.558,41.99,6303.612,NA,422.965,0.067098831590523,NA,497.234,91.036,NA,1.395,1.006,364.232,NA,50.702,NA,1964.219,0.0788808067501617,NA,NA,NA,1,2,NA,NA,100,0,0,100,0,0,0,0,0,0,0,0,0,1,3,"A",1,0,0,0,1,2133,700,1433,0,"Occurs on mainland",1,0,"Indomalayan",NA,1,0,0,0,0,1,0,0,0,0,0,0,0,1,0,0,0,0,0,0,0,0,0,0,0,0,0,0,0,0,0,0,0,"Murina leucogaster","Murina leucogaster",0,0,NA,NA,41.99000004,NA,NA,NA,NA,NA,NA,NA,1.064189237,1.064189237,1.064189237,37.63351778,16.73025471,24.74250686,-15.25758069,-14.88136915,-2.000205793,-4.643569209,8.663549713,-9.220177991,-3.496412108,4.200491368,-5.823271476,-0.713073431,0.102214918,0.786166701,4.133352617,-0.518530011
5368,"Chiroptera","Vespertilionidae","Murina lorelieae",NA,NA,NA,NA,NA,NA,NA,NA,NA,NA,NA,NA,NA,NA,NA,NA,NA,NA,NA,NA,NA,NA,NA,NA,NA,NA,NA,NA,NA,NA,NA,NA,NA,NA,NA,NA,NA,NA,NA,NA,NA,NA,NA,NA,NA,NA,NA,NA,NA,NA,NA,NA,NA,NA,NA,NA,NA,NA,NA,NA,NA,NA,NA,NA,NA,NA,0,0,0,0,0,0,0,0,1,0,0,0,0,0,0,0,0,0,0,0,0,0,0,0,"Murina loreliae","Murina lorelieae",0,0,NA,NA,NA,NA,NA,NA,NA,NA,NA,NA,NA,NA,NA,37.62915424,17.33007357,24.1648634,-15.06175188,-16.7345307,1.282134714,-1.555721945,6.952838353,-8.861599875,-4.93739305,3.310700822,-5.394298552,-0.791107868,0.15594771,-0.963205814,3.015831518,-0.16973973
5369,"Chiroptera","Vespertilionidae","Murina peninsularis",9.35,0.265,71.098,34.44,5709.474,NA,374.245,0.0655480697521348,NA,446.44,90.311,NA,2,1.01,364.196,NA,48.774,NA,1859.707,0.0781928422828443,NA,NA,NA,1,2,NA,NA,100,0,0,100,0,0,0,0,0,0,0,0,0,1,3,"A",1,0,0,0,1,1500,250,1250,0,NA,1,0,"Indomalayan",2,1,0,0,0,0,NA,NA,NA,NA,0,0,0,0,1,0,0,0,0,0,0,0,0,0,0,0,0,0,0,0,0,0,0,0,"Murina peninsularis","Murina peninsularis",0,0,NA,NA,NA,NA,NA,NA,NA,NA,NA,NA,1.467156413,1.83362142,2.222120736,37.64433046,17.58704485,23.77218829,-14.90088495,-17.37930317,2.812418347,-0.03694084,5.969098267,-8.501938009,-5.576676904,2.791242459,-5.119551878,-0.88365127,0.210820845,-2.135750633,2.634701682,0.033275743
5370,"Chiroptera","Vespertilionidae","Murina pluvialis",9.35,0.265,67.255,34.44,5932.408,NA,372.481,0.0627874886555341,NA,451.078,90.807,NA,2,1.014,364.194,NA,47.297,NA,1863.992,0.0760362402585931,NA,NA,NA,1,2,NA,NA,100,0,0,100,0,0,0,0,0,0,0,0,0,1,3,"A",1,0,0,0,1,1200,780,420,NA,NA,NA,NA,"Indomalayan",2,1,0,0,0,0,NA,NA,NA,NA,0,0,0,0,1,0,0,0,1,0,0,0,0,0,0,0,0,0,0,0,0,0,0,0,"Murina pluvialis","Murina pluvialis",0,0,NA,NA,NA,NA,NA,NA,NA,NA,NA,NA,5.838587642,5.838587642,5.838587642,37.65159185,17.70729544,23.63949256,-14.84535345,-17.65001865,3.381815319,0.513153748,5.614459639,-8.363098311,-5.785429372,2.612332626,-5.017084012,-0.892034639,0.225852676,-2.489966593,2.456660018,0.110521566
5371,"Chiroptera","Vespertilionidae","Murina puta",6.91,0.25,68.57,35.49,6020.23,NA,401.692,0.0667236966029537,NA,477.622,89.975,NA,1.612,1.01,364.165,NA,48.919,NA,1921.895,0.0793361715416188,NA,NA,NA,1,2,NA,NA,100,0,0,100,0,0,0,0,0,0,0,0,0,1,3,"A",1,0,0,0,1,NA,NA,NA,0,"Occurs on large land bridge islands",1,0,"Indomalayan",2,1,0,0,0,0,0,0,1,0,0,0,0,0,1,0,0,0,1,0,0,1,0,0,0,0,0,0,0,0,0,1,0,0,"Murina puta","Murina puta",1,0,NA,NA,35.48999997,NA,NA,NA,NA,NA,NA,NA,NA,NA,NA,37.63754038,16.86679287,24.61200896,-15.24226376,-15.40935644,-1.167886006,-3.856163541,8.270054471,-9.174779921,-3.846728782,3.995242521,-5.713128881,-0.761135615,0.119599662,0.441376415,3.809772117,-0.434116631
5372,"Chiroptera","Vespertilionidae","Murina recondita",NA,NA,NA,NA,NA,NA,NA,NA,NA,NA,NA,NA,NA,NA,NA,NA,NA,NA,NA,NA,NA,NA,NA,NA,NA,NA,NA,NA,NA,NA,NA,NA,NA,NA,NA,NA,NA,NA,NA,NA,NA,NA,NA,NA,0,0,0,1,2200,40,2160,NA,NA,NA,NA,"Indomalayan",2,NA,NA,NA,NA,NA,NA,NA,NA,NA,0,0,0,0,1,0,0,0,1,0,0,1,0,0,0,0,0,0,0,0,0,1,0,0,"Murina recondita","Murina recondita",1,0,NA,NA,NA,NA,NA,NA,NA,NA,NA,NA,NA,NA,NA,37.62656038,17.11127416,24.35408421,-15.12147271,-16.02955511,0.042855598,-2.724227583,7.623798991,-9.042297149,-4.434243829,3.65321267,-5.573221877,-0.770296138,0.137004331,-0.391914835,3.387845602,-0.293614768
5374,"Chiroptera","Vespertilionidae","Murina rozendaali",5.61,0.247,67.572,32.99,6096.849,NA,365.663,0.0599757350067223,NA,428.557,82.558,NA,1.328,1.01,364.395,NA,48.609,NA,1825,0.0702915555231891,NA,NA,NA,1,2,NA,NA,100,0,0,100,0,0,0,0,0,0,0,0,0,1,3,"A",1,0,0,0,1,1500,0,1500,1,"Occurs on mainland",0,0,"Indomalayan",1,1,0,0,0,0,1,0,0,0,0,0,0,0,1,0,0,0,1,0,0,0,0,0,0,0,0,0,0,0,0,0,0,0,"Murina rozendaali","Murina rozendaali",1,0,NA,NA,32.99000003,NA,NA,NA,NA,NA,NA,NA,1.617916799,2.087972892,2.439382946,37.63508373,17.95426275,23.30864496,-14.67203472,-18.04178738,4.438130506,1.568642182,4.819438988,-7.987604919,-6.233652274,2.179388496,-4.768552065,-0.882670701,0.277758833,-3.544993969,2.025865319,0.301655451
5375,"Chiroptera","Vespertilionidae","Murina ryukyuana",4.5,0.267,68.137,NA,6091.115,NA,404.301,0.0663755322301418,NA,472.425,91.426,NA,1.383,1.021,364.247,NA,55.213,NA,1928.402,0.0775596914522218,NA,NA,NA,1,2,NA,NA,100,0,0,NA,NA,NA,NA,NA,NA,NA,NA,NA,NA,1,3,"A",1,0,0,0,1,NA,NA,NA,NA,"Occurs only on isolated islands",NA,NA,"Indomalayan",1,1,0,0,0,0,0,0,0,1,0,0,0,0,1,0,0,0,1,0,0,0,0,0,0,0,0,0,0,0,0,0,0,0,"Murina ryukyuana","Murina ryukyuana",0,0,NA,NA,NA,NA,NA,NA,NA,NA,NA,NA,NA,NA,NA,37.52998235,16.19736015,25.0721157,-15.24032164,-13.01784913,-4.765141631,-7.185149698,9.79285599,-9.140684465,-2.080099711,4.895185704,-6.093160183,-0.46924065,0.055671298,2.891716786,5.562513226,-0.879523075
5376,"Chiroptera","Vespertilionidae","Murina shuipuensis",NA,NA,NA,NA,NA,NA,NA,NA,NA,NA,NA,NA,NA,NA,NA,NA,NA,NA,NA,NA,NA,NA,NA,NA,NA,NA,NA,NA,NA,NA,NA,NA,NA,NA,NA,NA,NA,NA,NA,NA,NA,NA,NA,NA,NA,NA,NA,NA,NA,NA,NA,NA,NA,NA,NA,NA,NA,NA,NA,NA,NA,NA,NA,NA,NA,NA,0,0,0,0,0,0,0,0,1,0,0,0,0,0,0,1,0,0,0,0,0,0,0,0,"Murina shuipuensis","Murina shuipuensis",0,0,NA,NA,NA,NA,NA,NA,NA,NA,NA,NA,1.127783107,1.127783107,1.127783107,37.62673622,16.66040291,24.80095901,-15.25945143,-14.57942539,-2.458186188,-5.064532507,8.848952832,-9.210695152,-3.283877376,4.299098175,-5.858098831,-0.680252933,0.095555276,0.979932709,4.294695176,-0.555566756
5377,"Chiroptera","Vespertilionidae","Murina suilla",4,0.256,65.828,30,6070.934,NA,399.124,0.0657434259703696,NA,464.597,88.825,NA,1.303,1.033,364.507,NA,54.41,NA,1904.806,0.0765280927119287,NA,NA,NA,1,2,NA,NA,100,0,0,100,0,0,0,0,0,0,0,0,0,1,3,"A",1,0,0,0,1,1540,0,1540,1,"Occurs on mainland",1,0,"Indomalayan",1,1,0,0,0,0,1,0,0,0,0,0,0,0,1,0,0,0,1,0,0,1,0,0,0,0,0,0,0,0,0,1,0,0,"Murina suilla","Murina suilla",1,0,30.42709335,5.372,30.00000002,NA,NA,NA,NA,NA,NA,NA,1.428897935,2.173606034,2.564555185,37.62908679,17.95123258,23.28100775,-14.65540469,-18.03678595,4.497685834,1.640187491,4.748062925,-7.942033448,-6.269273883,2.125333593,-4.727488495,-0.890919472,0.283506548,-3.716303222,1.960993519,0.326695053
5378,"Chiroptera","Vespertilionidae","Murina tenebrosa",6.38,0.245,68.686,34.5,6336.032,NA,419.767,0.0662507701981303,NA,496.011,89.888,NA,1.372,1.007,364.311,NA,51.374,NA,1962.273,0.0782841690193484,NA,NA,NA,1,2,NA,NA,100,0,0,100,0,0,0,0,0,0,0,0,0,1,3,"A",1,0,0,0,1,NA,NA,NA,NA,"Occurs only on isolated islands",NA,NA,"Palearctic",1,1,0,0,0,0,0,0,0,1,1,0,0,0,0,0,0,0,1,0,0,0,0,0,1,1,0,0,0,0,0,0,0,0,"Murina tenebrosa","Murina tenebrosa",0,0,NA,NA,NA,NA,NA,NA,NA,NA,NA,NA,NA,NA,NA,37.63125285,17.1753495,24.29292793,-15.11192326,-16.2547457,0.440975224,-2.333381325,7.395387473,-8.982163326,-4.603456611,3.531936674,-5.50544803,-0.795814895,0.150097455,-0.620252925,3.266947435,-0.243132074
5379,"Chiroptera","Vespertilionidae","Murina tubinaris",6.505,0.217,62.886,32,6529.763,NA,403.156,0.0617412913761189,NA,479.294,85.815,NA,1.37,1.007,364.385,NA,47.906,NA,1962.64,0.0734014389189929,NA,NA,NA,1,2,NA,NA,100,0,0,100,0,0,0,0,0,0,0,0,0,1,3,"A",1,0,0,0,1,NA,NA,NA,0,"Occurs on mainland",1,0,NA,NA,1,0,0,0,0,1,0,0,0,0,0,0,0,0,0,0,0,1,0,0,0,0,0,0,0,0,0,0,0,0,0,0,0,"Murina tubinaris","Murina tubinaris",1,0,NA,NA,31.99999998,NA,NA,NA,NA,NA,NA,NA,1.003204672,1.534085689,1.859197705,37.63986254,17.64926733,23.70061525,-14.86186593,-17.49468368,3.075236578,0.21157167,5.805078237,-8.441999056,-5.693216396,2.70664482,-5.082572852,-0.876325899,0.219191277,-2.343509813,2.550023688,0.069988314
5380,"Chiroptera","Vespertilionidae","Murina ussuriensis",4.48,0.26,68.98,30.745,6026.566,NA,400.339,0.0664290410160612,NA,469.19,94.609,NA,1.519,1.022,364.128,NA,54.287,NA,1917.252,0.0778536234399491,NA,NA,NA,1,2,NA,NA,100,0,0,100,0,0,0,0,0,0,0,0,0,1,3,"A",1,0,0,0,1,NA,NA,NA,1,"Occurs on mainland",1,0,NA,NA,1,0,0,0,0,1,0,0,0,0,0,0,0,0,0,0,0,1,0,0,0,0,0,1,0,0,0,0,0,0,0,0,0,"Murina ussuriensis","Murina ussuriensis",0,0,NA,NA,30.98999998,12,NA,NA,0,0,0,1,1.133739661,1.413824266,1.563617032,37.54689287,16.24879361,25.0557558,-15.24676902,-13.15362113,-4.550530358,-6.980215534,9.682729732,-9.127174326,-2.197957872,4.823802175,-6.062473796,-0.49303329,0.063867216,2.631079147,5.458125367,-0.835535347
5381,"Chiroptera","Vespertilionidae","Murina walstoni",NA,NA,NA,NA,NA,NA,NA,NA,NA,NA,NA,NA,NA,NA,NA,NA,NA,NA,NA,NA,NA,NA,NA,NA,NA,NA,NA,NA,NA,NA,NA,NA,NA,NA,NA,NA,NA,NA,NA,NA,NA,NA,NA,NA,NA,NA,NA,NA,NA,NA,NA,NA,NA,NA,NA,NA,NA,NA,NA,NA,NA,NA,NA,NA,NA,NA,0,0,0,0,0,0,0,0,1,0,0,0,0,0,0,0,0,0,0,0,0,0,0,0,"Murina walstoni","Murina walstoni",1,0,NA,NA,NA,NA,NA,NA,NA,NA,NA,NA,1.443889798,1.481371064,1.511356076,37.63067377,18.03578492,23.10869252,-14.58567297,-18.27791863,5.106943128,2.260082323,4.312452254,-7.711796171,-6.392259123,1.938267427,-4.585210683,-0.911938668,0.302468601,-3.958555788,1.841461275,0.401898948
4932,"Chiroptera","Phyllostomidae","Musonycteris harrisoni",10.82,0.444,63.394,41.49,4920.258,NA,360.8,0.0733294880065232,NA,475.041,112.616,NA,0.999,1.745,242.673,NA,56.553,NA,2007.5,0.0965479858983005,NA,NA,NA,0,2,NA,NA,40,0,60,40,0,0,0,0,0,0,60,0,0,2,2,"Ar",1,0,0,0,1,1700,NA,NA,0,"Occurs on mainland",0,0,"Neotropical",2,0,1,0,0,0,1,0,0,0,0,0,0,0,0,0,1,0,1,0,0,0,0,0,1,0,0,0,0,0,0,0,0,0,"Musonycteris harrisoni","Musonycteris harrisoni",0,0,70.44092221,6.299999993,41.49000002,NA,NA,2.999999999,0,0,0,1,0.417444699,0.582892194,0.614211628,18.28660457,-46.90782574,-19.96631909,9.053824999,-23.89417338,-15.57702273,-6.709839514,-14.98384061,5.562481433,-9.482169407,1.584911673,-6.657662874,-3.761709025,-2.764558581,1.276743529,-0.052759546,0.637600793
4559,"Chiroptera","Pteropodidae","Myonycteris brachycephala",35.81,1.211,108.999,63.01,5080.243,NA,524.506,0.103244273945164,NA,669.5,144.288,NA,1.003,1.858,264.855,NA,92.062,NA,2044.147,0.131785034692238,NA,NA,NA,0,2,NA,NA,0,0,100,NA,NA,NA,NA,NA,NA,NA,NA,NA,NA,1,1,"Ar",1,0,0,0,1,1200,300,900,1,"Occurs only on isolated islands",0,0,"Afrotropical",1,0,1,0,0,0,0,0,0,1,0,1,0,0,0,0,0,0,1,0,0,1,0,0,0,0,0,0,0,0,0,1,0,0,"Myonycteris brachycephala","Myonycteris brachycephala",1,0,NA,NA,63.01000006,NA,NA,NA,NA,NA,NA,NA,NA,NA,NA,-50.68903484,-11.22975877,-25.59592496,-37.59095811,-2.928041939,-20.58591518,21.70812182,-3.191340644,-15.93549882,6.960285313,5.511742539,12.10470596,5.346762007,-11.42961572,-2.433439901,2.354996732,-9.32936266
4560,"Chiroptera","Pteropodidae","Myonycteris leptodon",37,1.159,132.2,60.94,10950,730.5,730.5,0.0667123287671233,730.5,882.7,152.2,NA,1,2,288.794,11,108.874,NA,2586.738,0.0806118721461187,0.594594594594595,NA,NA,0,2,NA,1,0,0,100,NA,NA,NA,NA,NA,NA,NA,NA,NA,NA,1,1,"Ar",1,0,0,0,1,800,NA,NA,NA,"Occurs on mainland",NA,NA,"Afrotropical",1,0,1,0,0,0,1,0,0,0,0,1,0,0,0,0,0,0,1,0,0,0,0,0,0,0,0,0,0,0,0,0,0,0,NA,"Myonycteris leptodon",1,0,NA,NA,NA,NA,NA,NA,NA,NA,NA,NA,0.808992632,1.641001331,1.896779113,NA,NA,NA,NA,NA,NA,NA,NA,NA,NA,NA,NA,NA,NA,NA,NA,NA
4561,"Chiroptera","Pteropodidae","Myonycteris relicta",53.32,1.459,120.738,69.68,4960.582,NA,479.113,0.0965840298577868,NA,608.983,141.225,NA,1.009,1.855,261.959,NA,95.926,NA,1941.426,0.122764425625864,NA,NA,NA,0,2,NA,NA,0,0,100,NA,NA,NA,NA,NA,NA,NA,NA,NA,NA,1,1,"Ar",1,0,0,0,1,NA,NA,NA,0,"Occurs on mainland",1,0,"Afrotropical",1,0,1,0,0,0,1,0,0,0,0,1,0,0,0,0,0,0,1,1,0,0,0,0,0,0,0,0,0,0,0,0,0,0,"Myonycteris relicta","Myonycteris relicta",0,0,NA,NA,69.68,NA,NA,NA,NA,NA,NA,NA,NA,NA,NA,-52.73460068,-10.22421694,-25.15256207,-38.07082889,-2.510876472,-19.60222137,21.06579118,-2.285761425,-14.77803158,6.816180081,5.503444037,11.86088188,2.601709649,-12.01439932,-2.278510843,2.428854311,-8.698294601
4562,"Chiroptera","Pteropodidae","Myonycteris torquata",37,1.159,132.2,60.94,10950,730.5,730.5,0.0667123287671233,730.5,882.7,152.2,NA,1,2,288.794,11,108.874,NA,2586.738,0.0806118721461187,0.594594594594595,NA,NA,0,2,NA,1,0,0,100,NA,NA,NA,NA,NA,NA,NA,NA,NA,NA,1,1,"Ar",1,0,0,0,1,800,NA,NA,0,"Occurs on mainland",1,0,"Afrotropical",1,0,1,0,0,0,1,0,0,0,0,1,0,0,0,0,0,0,1,0,0,1,0,0,0,0,0,0,0,0,0,1,0,0,"Myonycteris torquata","Myonycteris torquata",1,0,NA,NA,60.94000002,NA,1,NA,NA,NA,NA,NA,0.834153507,1.858611253,2.304095665,-51.74454666,-10.805399,-25.42976632,-37.805236,-2.775612785,-20.05818908,21.31421942,-2.772574716,-15.31853314,6.825150709,5.579749104,11.96051785,3.903434624,-11.74403631,-2.302439466,2.288583641,-8.980417588
5256,"Chiroptera","Molossidae","Myopterus daubentonii",18.45,1.476,87.429,49.99,4467.406,NA,392.157,0.0877818134281952,NA,476.984,98.805,NA,1.006,1.04,361.098,NA,63.488,NA,1802.88,0.106769789895971,NA,NA,NA,0,2,NA,NA,100,0,0,100,0,0,0,0,0,0,0,0,0,1,3,"A",1,0,0,0,1,1250,NA,NA,0,"Occurs on mainland",0,0,"Afrotropical",2,1,0,0,0,0,1,0,0,0,0,1,0,0,0,0,0,0,1,1,0,0,0,0,0,0,0,0,0,0,0,0,0,0,"Myopterus daubentonii","Myopterus daubentonii",0,0,NA,NA,49.99000003,NA,NA,NA,NA,NA,NA,NA,0.541738013,0.541738013,0.541738013,29.4667205,-25.06177458,20.33546455,-2.562141844,33.43274216,0.019439205,4.928349919,-8.215013164,2.806577546,-6.105057658,-0.909866257,-4.912366852,-1.75272544,0.803605352,-0.996207803,17.43078471,-1.607813989
5257,"Chiroptera","Molossidae","Myopterus whitleyi",11.55,0.378,79.236,34.99,5092.494,NA,502.136,0.0986031598662659,NA,601.106,99.124,NA,1.003,1.017,362.858,NA,62.251,NA,1987.309,0.118037645208811,NA,NA,NA,NA,2,NA,NA,100,0,0,100,0,0,0,0,0,0,0,0,0,1,3,"A",1,0,0,0,1,NA,0,NA,0,"Occurs on mainland",0,0,"Afrotropical",1,1,0,0,0,0,1,0,0,0,0,1,0,0,0,0,0,0,1,0,0,1,0,0,0,0,0,0,0,0,0,1,0,0,"Myopterus whitleyi","Myopterus whitleyi",1,0,69.44964695,NA,34.99,NA,NA,NA,NA,NA,NA,NA,NA,NA,NA,29.28066884,-25.61207438,19.86279289,-2.279187125,33.29084148,0.666590398,5.405939056,-8.108554062,2.338645162,-6.373454669,-0.692670027,-5.245382367,-1.808027677,0.777662916,-0.578722512,17.38395144,-1.594833541
5383,"Chiroptera","Vespertilionidae","Myotis adversus",10.41,0.254,74.96,39.81,3255.999,231.09,231.09,0.0709736090213787,NA,306.8,82.068,NA,1,2.5,292.455,NA,56.28,NA,1395.337,0.0942260731652559,NA,NA,NA,1,2,NA,NA,100,0,0,100,0,0,0,0,0,0,0,0,0,1,3,"G",1,0,0,0,1,NA,NA,NA,1,"Occurs on mainland",0,0,NA,NA,0,0,1,0,0,1,0,0,0,0,0,0,0,0,0,0,0,1,0,0,0,1,0,1,0,0,0,0,0,0,0,0,0,"Myotis adversus","Myotis adversus",1,0,36.30903303,6.700000005,39.81000004,NA,NA,NA,NA,NA,NA,NA,0.374489892,2.008506782,3.215766966,36.70749826,24.38548725,10.68980223,-8.487117869,-16.6785061,12.8771748,13.31145819,-12.11655085,10.07088251,2.724735733,-5.549546002,7.533186535,0.7420765,-0.011334289,3.014363682,-0.167824652,-0.817718426
6631,"Chiroptera","Vespertilionidae","Myotis aelleni",9.4,0.241,64.238,39.5,7062.885,NA,434.053,0.0614554817188727,NA,520.281,77.833,NA,1.048,1.004,364.489,NA,49.486,NA,2084.68,0.0736640905239148,NA,NA,NA,1,2,NA,NA,100,0,0,100,0,0,0,0,0,0,0,0,0,1,3,"A",1,0,0,0,1,NA,NA,NA,NA,"Occurs on mainland",NA,NA,"Neotropical",NA,1,0,0,0,0,1,0,0,0,0,0,0,0,0,0,1,0,0,0,0,0,0,0,0,0,0,0,0,0,0,0,0,0,"Myotis aelleni","Myotis chiloensis",0,0,NA,NA,NA,NA,NA,NA,NA,NA,NA,NA,0.123597266,1.201235179,1.647529113,37.88951487,19.05742854,21.57314638,-13.89723015,-19.09163264,8.253359987,5.533487044,1.715644775,-6.160914119,-7.273142779,0.203075387,-2.95017589,-1.110337995,0.331935897,-7.908345082,-1.028654196,1.025627995
5384,"Chiroptera","Vespertilionidae","Myotis albescens",5.69,0.126,62,35.99,2407.019,152.76,106.82,0.0443785445814927,NA,199.07,92.25,NA,0.99,2.5,321.487,NA,30.32,NA,1088.955,0.0827039587140775,NA,NA,NA,1,2,NA,NA,100,0,0,100,0,0,0,0,0,0,0,0,0,1,3,"A",1,0,0,0,1,NA,NA,NA,0,"Occurs on mainland",1,0,"Neotropical",2,1,0,0,0,0,1,0,0,0,0,0,0,0,0,0,1,0,1,0,0,1,0,0,0,0,0,0,0,0,0,1,0,0,"Myotis albescens","Myotis albescens",1,0,34.47060098,6.900000004,34.43333002,NA,NA,6.000000002,0,0,0,1,0.149646178,1.965095944,2.914234496,38.06798004,19.68084711,20.89175589,-13.56754223,-19.38043704,9.565681162,7.015072089,0.044587305,-4.634689693,-6.89837289,-0.750081746,-1.659333298,-1.001607187,0.235892403,-8.613076022,-2.28991428,1.075707606
5385,"Chiroptera","Vespertilionidae","Myotis alcathoe",5,0.158,50,NA,8760,410.5,365,0.0416666666666667,456,456,66.47,NA,1,1,364.75,NA,50.057,NA,2864.16,0.0520547945205479,NA,NA,NA,1,2,NA,NA,100,0,0,100,0,0,0,0,0,0,0,0,0,1,3,"A",1,0,0,0,1,1920,0,1920,NA,"Occurs on mainland",NA,NA,"Palearctic",1,1,0,0,0,0,1,0,0,0,1,0,0,0,0,0,0,0,1,0,0,0,0,0,0,0,0,0,0,0,0,0,0,0,"Myotis alcathoe","Myotis alcathoe",0,0,NA,NA,NA,NA,NA,NA,NA,NA,NA,NA,0.581284931,0.767548905,0.940004307,37.70313188,18.51846108,22.17992705,-14.15609697,-18.76051357,6.883573324,4.054852513,3.060662144,-7.148253822,-7.15434628,1.057753743,-3.892633475,-1.072563191,0.343199461,-6.383246274,0.299254039,0.803035579
5386,"Chiroptera","Vespertilionidae","Myotis altarium",11,0.24,63.55,45,7132.23,NA,431.266,0.0604672031047793,NA,511.399,75.384,NA,1.056,1.003,364.519,NA,48.244,NA,2049.101,0.0717025390375801,NA,NA,NA,1,2,NA,NA,100,0,0,100,0,0,0,0,0,0,0,0,0,1,3,"A",1,0,0,0,1,NA,NA,NA,0,"Occurs on mainland",1,0,"Indomalayan, Palearctic",1,1,0,0,0,0,1,0,0,0,1,0,0,0,1,0,0,0,0,0,0,0,0,0,1,0,0,0,0,0,0,0,0,0,"Myotis altarium","Myotis altarium",0,0,NA,NA,45.00000002,NA,NA,NA,NA,NA,NA,NA,NA,NA,NA,37.98213147,20.30203176,19.8460271,-13.00067251,-19.38584819,10.14421819,7.942429046,-1.889864972,-2.510087776,-5.978358753,-1.561584576,-0.460824822,-0.809092824,-0.082540827,-7.981080612,-3.533638065,0.607025068
5388,"Chiroptera","Vespertilionidae","Myotis anjouanensis",5.56,0.318,97.5,NA,6004.005,NA,381.743,0.0635813927536703,NA,457.534,86.023,NA,1.125,1.009,363.902,NA,51.742,NA,1926.918,0.0762047999626916,NA,NA,NA,1,2,NA,NA,100,0,0,NA,NA,NA,NA,NA,NA,NA,NA,NA,NA,1,3,"A",1,0,0,0,1,NA,NA,NA,NA,"Occurs only on isolated islands",NA,NA,"Afrotropical",NA,1,0,0,0,0,0,0,0,1,0,1,0,0,0,0,0,0,1,0,0,0,0,0,0,1,0,0,0,0,0,0,0,0,"Myotis anjouanensis","Myotis anjouanensis",0,0,NA,NA,NA,NA,NA,NA,NA,NA,NA,NA,NA,NA,NA,37.99234708,20.15535906,20.1613267,-13.15272316,-19.4345364,10.04491114,7.736183251,-1.425470609,-3.065138983,-6.31184089,-1.376687066,-0.791187568,-0.837976004,-0.015404376,-8.32903749,-3.337908371,0.745950617
5389,"Chiroptera","Vespertilionidae","Myotis annamiticus",3.7,0.163,56.139,NA,5456.403,NA,347.086,0.0636107706853764,NA,416.814,75.103,NA,1.176,1.214,352.685,NA,50.397,NA,1815.806,0.0763898854245187,NA,NA,NA,1,2,NA,NA,100,0,0,NA,NA,NA,NA,NA,NA,NA,NA,NA,NA,1,3,"A",1,0,0,0,1,NA,NA,NA,NA,"Occurs on mainland",NA,NA,"Indomalayan",2,1,0,0,0,0,1,0,0,0,0,0,0,0,1,0,0,0,1,0,0,0,1,0,0,0,0,0,0,0,0,0,0,0,"Myotis annamiticus","Myotis annamiticus",1,0,NA,NA,NA,NA,NA,NA,NA,NA,NA,NA,NA,NA,NA,36.82337941,23.94698217,12.03547031,-9.190386618,-17.24258065,12.67755896,12.7586624,-10.70568466,7.963730402,0.527333609,-5.395023636,6.44801996,0.208879985,-0.173501506,-0.350765534,-1.062693174,-0.975374941
5390,"Chiroptera","Vespertilionidae","Myotis annatessae",NA,NA,NA,NA,NA,NA,NA,NA,NA,NA,NA,NA,NA,NA,NA,NA,NA,NA,NA,NA,NA,NA,NA,NA,NA,NA,NA,NA,NA,NA,NA,NA,NA,NA,NA,NA,NA,NA,NA,NA,NA,NA,NA,NA,NA,NA,NA,NA,NA,NA,NA,NA,NA,NA,NA,NA,1,NA,NA,NA,NA,NA,NA,NA,NA,NA,0,0,0,0,0,0,0,0,1,0,0,0,0,0,0,0,0,0,0,0,0,0,0,0,NA,"Myotis annatessae",1,0,NA,NA,NA,NA,NA,NA,NA,NA,NA,NA,1.284241076,1.399637607,1.468875525,NA,NA,NA,NA,NA,NA,NA,NA,NA,NA,NA,NA,NA,NA,NA,NA,NA
5391,"Chiroptera","Vespertilionidae","Myotis annectans",9.75,0.221,56.626,45,7823.487,NA,410.332,0.0524487354551749,NA,494.638,73.036,NA,1.047,1.002,364.871,NA,47.167,NA,2142.466,0.0632247487597282,NA,NA,NA,1,2,NA,NA,100,0,0,100,0,0,0,0,0,0,0,0,0,1,3,"A",1,0,0,0,1,1100,NA,NA,NA,"Occurs on mainland",NA,NA,"Indomalayan",1,1,0,0,0,0,1,0,0,0,0,0,0,0,1,0,0,0,1,0,0,0,0,0,0,0,0,0,0,0,0,0,0,0,"Myotis annectans","Myotis annectans",1,0,NA,NA,46.50000001,NA,NA,NA,NA,NA,NA,NA,NA,NA,NA,37.17060896,23.01003888,14.31874968,-10.32519552,-18.19536918,12.18424406,11.47136954,-8.146195301,4.812838163,-1.876447469,-4.399260428,4.217485351,-0.452366837,-0.451810048,-3.570169694,-2.077052338,-1.003760637
5393,"Chiroptera","Vespertilionidae","Myotis atacamensis",8.005,0.222,46.7,NA,8538.615,NA,495.146,0.0579890298368061,NA,604.066,73.742,NA,0.98,1.028,364.62,NA,51.341,NA,2559.013,0.0707451969669554,NA,NA,NA,1,2,NA,NA,100,0,0,100,0,0,0,0,0,0,0,0,0,1,3,"A",1,0,0,0,1,2250,0,2250,NA,"Occurs on mainland",NA,NA,"Neotropical",4,1,0,0,0,0,1,0,0,0,0,0,0,0,0,0,1,0,1,0,1,1,0,1,0,1,0,0,0,0,0,1,0,0,"Myotis atacamensis","Myotis atacamensis",0,0,NA,NA,NA,NA,NA,NA,NA,NA,NA,NA,NA,NA,NA,37.9762108,19.4207794,21.1539542,-13.67884612,-19.30358677,9.076253689,6.419684239,0.780725813,-5.358442616,-7.186033406,-0.365543608,-2.230071597,-1.05056887,0.274778659,-8.529305323,-1.75169611,1.076598585
5394,"Chiroptera","Vespertilionidae","Myotis ater",5.3,0.143,50,NA,8760,410.5,365,0.0416666666666667,456,462.423,63.429,NA,1,1,364.75,NA,46.311,NA,2631.154,0.0527880136986301,NA,NA,NA,1,2,NA,NA,100,0,0,NA,NA,NA,NA,NA,NA,NA,NA,NA,NA,1,3,"A",1,0,0,0,1,NA,NA,NA,NA,"Occurs on mainland",NA,NA,"Australasian, Indomalayan",2,1,0,0,0,0,1,0,0,0,0,0,0,1,1,0,0,0,1,0,0,1,0,0,0,0,0,0,0,0,0,1,0,0,"Myotis ater","Myotis ater",1,0,25.31854693,5.520000003,NA,NA,NA,NA,NA,NA,NA,NA,1.365107549,3.280258071,4.025579331,37.04476854,23.35283345,13.51903654,-9.928652698,-17.84496611,12.36436418,11.93001104,-9.018698274,5.864058593,-1.095077704,-4.73461372,4.950361938,-0.253866901,-0.379949076,-2.604529899,-1.749324277,-1.040583126
6854,"Chiroptera","Vespertilionidae","Myotis aurascens",7.5,0.158,50,NA,8760,410.5,365,0.0416666666666667,456,456,61.968,NA,1,1,364.75,NA,44.418,NA,2864.16,0.0520547945205479,NA,NA,NA,1,2,NA,NA,100,0,0,100,0,0,0,0,0,0,0,0,0,1,3,"A",1,0,0,0,1,1920,0,1920,NA,"Occurs on mainland",NA,NA,"Palearctic",3,1,0,0,0,0,1,0,0,0,1,0,0,0,0,0,0,0,1,0,1,0,0,0,1,0,0,0,0,0,0,0,0,0,"Myotis aurascens","Myotis davidii",0,0,NA,NA,NA,NA,NA,NA,NA,NA,NA,NA,0.030416338,0.436748156,0.532933087,37.98324348,20.29683302,19.87637231,-13.01852753,-19.4063404,10.12876628,7.913421952,-1.82512744,-2.598880361,-6.043739621,-1.526338277,-0.532312645,-0.821749256,-0.074684878,-8.063058675,-3.498192521,0.627039297
5396,"Chiroptera","Vespertilionidae","Myotis auriculus",8,0.231,54,38,1155.833,NA,275.427,0.238293075210692,NA,365.441,73.926,NA,1,1,356.988,NA,42.214,NA,1294.508,0.316171107763838,NA,NA,NA,1,2,NA,NA,100,0,0,100,0,0,0,0,0,0,0,0,0,1,3,"S",1,0,0,0,1,2200,366,1834,0,"Occurs on mainland",1,0,"Nearctic, Neotropical",3,0,0,0,0,1,1,0,0,0,0,0,0,0,0,1,1,0,1,0,0,1,0,0,1,1,0,0,0,0,0,1,0,0,"Myotis auriculus","Myotis auriculus",0,0,NA,NA,38.00000003,NA,NA,NA,0,0,0,1,0.136241244,0.342987303,0.442957283,37.74907663,18.67133961,21.96539705,-14.05786408,-18.83886329,7.305202001,4.511224977,2.649993012,-6.856539418,-7.217255829,0.79056044,-3.612685547,-1.091356927,0.346099879,-6.95129195,-0.145155309,0.90249382
6855,"Chiroptera","Vespertilionidae","Myotis australis",5.3,0.151,50,37,8760,410.5,365,0.0416666666666667,456,462.107,63.409,NA,1,1,364.75,NA,46.49,NA,2631.02,0.0527519406392694,NA,NA,NA,1,2,NA,NA,100,0,0,100,0,0,0,0,0,0,0,0,0,1,3,"A",1,0,0,0,1,NA,NA,NA,NA,"Occurs on mainland",NA,NA,"Australasian",NA,1,0,0,0,0,1,0,0,0,0,0,0,1,0,0,0,0,1,0,0,0,0,0,0,1,0,0,0,0,0,0,0,0,"Myotis australis","Myotis australis",0,0,NA,NA,NA,NA,NA,NA,NA,NA,NA,NA,NA,NA,NA,37.01587912,23.41863383,13.35686944,-9.847070905,-17.75600423,12.38634235,12.01710492,-9.207134734,6.106990403,-0.88797867,-4.806238543,5.134172467,-0.194812504,-0.35884188,-2.246611941,-1.643234711,-1.047682494
5397,"Chiroptera","Vespertilionidae","Myotis austroriparius",7.35,0.145,57.696,38,2190,188.68,188.68,0.0861552511415525,NA,362.5,77.2,NA,1.94,1,354.615,1.12,46.8,NA,892.475,0.165525114155251,0.295619047619048,NA,NA,1,2,NA,NA,100,0,0,100,0,0,0,0,0,0,0,0,0,1,3,"A",1,0,0,0,1,NA,NA,NA,0,"Occurs on mainland",0,0,"Nearctic",3,1,0,0,0,0,1,0,0,0,0,0,0,0,0,1,0,0,1,0,0,1,0,0,1,0,0,0,0,0,0,1,0,0,"Myotis austroriparius","Myotis austroriparius",1,0,NA,NA,38.00000003,NA,0,3.999999999,0,0,0,1,0.768938687,1.033669519,1.165026992,37.95897023,19.37537633,21.20201974,-13.69986118,-19.282834,8.949820948,6.270060822,0.954336761,-5.518631901,-7.213275139,-0.241972354,-2.390768331,-1.058360461,0.278568657,-8.457243814,-1.631738415,1.075789046
5398,"Chiroptera","Vespertilionidae","Myotis badius",NA,NA,NA,NA,NA,NA,NA,NA,NA,NA,NA,NA,NA,NA,NA,NA,NA,NA,NA,NA,NA,NA,NA,NA,NA,NA,NA,NA,NA,NA,NA,NA,NA,NA,NA,NA,NA,NA,NA,NA,NA,NA,NA,NA,NA,NA,NA,NA,NA,NA,NA,NA,NA,NA,NA,NA,1,NA,NA,NA,NA,NA,NA,NA,NA,NA,0,0,0,0,0,0,0,0,0,0,0,0,0,0,1,0,0,0,0,0,0,0,0,0,"Myotis badius","Myotis alticraniatus",0,0,NA,NA,NA,NA,NA,NA,NA,NA,NA,NA,1.699999979,1.699999979,1.699999979,37.98582997,19.44409106,21.13447733,-13.67119483,-19.31622716,9.133197896,6.486212331,0.705064382,-5.287901072,-7.166399517,-0.410962673,-2.167968704,-1.046450424,0.272455418,-8.557259742,-1.805836222,1.077631907
5401,"Chiroptera","Vespertilionidae","Myotis bechsteinii",9.985,0.265,53,41.99,7665,NA,365.127,0.0476356164383562,NA,434.872,66.013,NA,1,1,364.75,NA,44.127,NA,1825,0.0567347684279191,NA,NA,NA,1,2,NA,NA,100,0,0,100,0,0,0,0,0,0,0,0,0,1,3,"S",1,0,0,0,1,1500,0,1500,0,"Occurs on mainland",1,0,"Palearctic",3,0,0,0,0,1,1,0,0,0,1,0,0,0,0,0,0,0,1,0,1,1,0,0,1,0,0,0,0,0,0,1,0,0,"Myotis bechsteinii","Myotis bechsteinii",0,0,41.63597299,5.999999995,41.99000004,NA,0,NA,0,0,0,1,0.182265244,1.146114734,1.29846795,37.9259788,20.79990309,18.89502154,-12.53182539,-19.23879641,10.42156157,8.426706127,-2.970680924,-1.137750525,-5.083149989,-1.95810348,0.282227916,-0.746357367,-0.235564524,-6.836005446,-3.607390918,0.212048446
5402,"Chiroptera","Vespertilionidae","Myotis blythii",24.262,0.523,75,58.49,12045,420.91,420.91,0.0349447903694479,502,489.91,69,NA,1,1,364.75,5.95,41.995,23.1,2555,0.0406733084267331,0.245239469128679,NA,NA,1,2,NA,NA,100,0,0,100,0,0,0,0,0,0,0,0,0,1,3,"A",1,0,0,0,1,2100,0,2100,0,"Occurs on mainland",1,0,"Palearctic",4,1,0,0,0,0,1,0,0,0,1,0,0,0,0,0,0,0,1,0,1,1,0,0,1,0,0,0,0,0,0,1,0,0,"Myotis blythii","Myotis blythii",0,0,37,6.700000005,58.48999995,NA,1,NA,0,0,0,1,0.121107676,0.617236441,0.91383526,37.4306924,22.33571109,15.90254066,-11.10240973,-18.72686284,11.71069912,10.48147582,-6.329098884,2.643046716,-3.319451003,-3.625178106,2.72940874,-0.750348855,-0.510221852,-5.252926047,-2.79708535,-0.751979524
5403,"Chiroptera","Vespertilionidae","Myotis bocagii",7.93,0.21,58.932,38,7141.368,NA,477.565,0.0668730416917319,NA,575.62,76.635,NA,0.99,1.004,364.533,NA,56.645,NA,2185.195,0.0806036042394118,NA,NA,NA,1,2,NA,NA,100,0,0,100,0,0,0,0,0,0,0,0,0,1,3,"A",1,0,0,0,1,NA,0,NA,0,"Occurs on mainland",1,0,"Afrotropical",2,1,0,0,0,0,1,0,0,0,0,1,0,0,0,0,0,0,1,1,0,0,0,0,0,0,0,0,0,0,0,0,0,0,"Myotis bocagii","Myotis bocagii",1,1,32,8.500000006,38.00000003,NA,NA,NA,NA,NA,NA,NA,0.372627373,1.01313282,1.210339535,38.01905965,19.9527556,20.48760782,-13.33078651,-19.43709052,9.893402967,7.487393112,-0.858923063,-3.71015521,-6.635510044,-1.182568367,-1.094680412,-0.906876745,0.080998835,-8.617774371,-3.014017277,0.91378285
5404,"Chiroptera","Vespertilionidae","Myotis bombinus",7.5,0.197,50,40,8650.5,NA,392.215,0.0453401537483382,NA,490.114,69.49,NA,1,1,364.75,NA,60,NA,2591.493,0.0566573030460667,NA,NA,NA,1,2,NA,NA,100,0,0,100,0,0,0,0,0,0,0,0,0,1,3,"A",1,0,0,0,1,NA,NA,NA,0,"Occurs on mainland",1,0,"Palearctic",2,1,0,0,0,0,1,0,0,0,1,0,0,0,0,0,0,0,1,0,0,0,0,0,1,0,0,0,0,0,0,0,0,0,"Myotis bombinus","Myotis bombinus",0,0,NA,NA,39.99999997,NA,NA,NA,NA,NA,NA,NA,1.09994033,1.09994033,1.09994033,37.64003395,21.67120382,17.08272694,-11.65022946,-18.92828218,11.21101922,9.662213049,-5.053200407,1.224928346,-4.016192565,-2.985888766,1.745500022,-0.783005197,-0.420973861,-5.905521283,-3.103367831,-0.409521301
5405,"Chiroptera","Vespertilionidae","Myotis borneoensis",5.3,0.17,50,43,8760,410.5,365,0.0416666666666667,456,481.895,67.869,NA,1,1,364.75,NA,46.814,NA,2631.061,0.0550108447488584,NA,NA,NA,1,2,NA,NA,100,0,0,100,0,0,0,0,0,0,0,0,0,1,3,"A",1,0,0,0,1,NA,0,NA,NA,NA,NA,NA,"Indomalayan",1,1,0,0,0,0,NA,NA,NA,NA,0,0,0,0,1,0,0,0,1,0,0,0,0,0,0,0,0,0,0,0,0,0,0,0,"Myotis montivagus","Myotis borneoensis",1,0,NA,NA,NA,NA,NA,NA,NA,NA,NA,NA,2.462503852,2.462503852,2.462503852,37.40818047,22.39110326,15.71320344,-11.00237026,-18.65953754,11.8001171,10.62283729,-6.560179348,2.903198101,-3.188294316,-3.738598232,2.904361096,-0.729837023,-0.50633524,-5.161705047,-2.730360028,-0.782066496
5406,"Chiroptera","Vespertilionidae","Myotis brandtii",7,8.583,145.188,34.99,14965,NA,652.842,0.0436245907116605,NA,769.256,158.707,NA,1.119,1.005,374.189,NA,121.456,NA,3320.725,0.0514036752422319,NA,NA,NA,1,2,NA,NA,100,0,0,100,0,0,0,0,0,0,0,0,0,1,3,"A",1,0,0,0,1,NA,NA,NA,0,"Occurs on mainland",1,1,NA,NA,1,0,0,0,0,1,0,0,0,0,0,0,0,0,0,0,0,1,0,1,1,1,0,1,0,0,0,0,0,0,1,1,0,"Myotis brandtii","Myotis brandtii",0,0,NA,NA,34.98999996,NA,1,NA,0,0,0,1,0.42026443,1.460812418,1.728753233,37.91084769,19.10884323,21.52916152,-13.87945166,-19.11407022,8.367080025,5.665384418,1.568538839,-6.026235381,-7.237411316,0.117630262,-2.835339593,-1.104917326,0.327099685,-8.017945591,-1.175471284,1.043859611
5408,"Chiroptera","Vespertilionidae","Myotis bucharensis",7.54,0.612,80.388,NA,9825.585,730,730,0.0742958307317071,NA,725.415,93.243,NA,1,1.005,365.93,NA,57.358,NA,2830.107,0.0738291918496456,NA,NA,NA,1,2,NA,NA,100,0,0,NA,NA,NA,NA,NA,NA,NA,NA,NA,NA,1,3,"A",1,0,0,0,1,NA,NA,NA,NA,"Occurs on mainland",NA,NA,"Palearctic",1,1,0,0,0,0,1,0,0,0,1,0,0,0,0,0,0,0,0,0,0,0,0,0,1,0,0,0,0,0,0,0,0,0,"Myotis bucharensis","Myotis bucharensis",0,0,NA,NA,NA,NA,NA,NA,NA,NA,NA,NA,NA,NA,NA,37.91067848,19.22729401,21.30846648,-13.77080293,-19.2192463,8.638433816,5.931877454,1.344693573,-5.872319016,-7.285149105,-0.016852879,-2.70199388,-1.104586892,0.321399503,-8.218009386,-1.296561837,1.061886211
5409,"Chiroptera","Vespertilionidae","Myotis californicus",4.39,0.249,53,33.14,5475,NA,391.083,0.0714306849315069,NA,489.596,77.701,NA,0.99,1,364.494,NA,89.79,NA,2119.947,0.0894239269406393,NA,NA,NA,1,2,NA,NA,100,0,0,100,0,0,0,0,0,0,0,0,0,1,3,"A",1,0,0,0,1,NA,NA,NA,0,"Occurs on mainland",1,0,"Nearctic, Neotropical",3,1,0,0,0,0,1,0,0,0,0,0,0,0,0,1,1,0,1,0,0,1,0,0,1,1,0,0,0,0,0,1,0,0,"Myotis californicus","Myotis californicus",1,0,29.75030852,5.6,33.13999999,1,0,NA,0,0,0,1,0.035646085,0.387474569,0.608861049,37.82910405,18.86783689,21.82028205,-14.00827604,-18.99620277,7.771502643,5.007208186,2.218226097,-6.566017117,-7.309235853,0.499408098,-3.312699558,-1.115425528,0.340435927,-7.568719412,-0.610783727,0.97476886
5410,"Chiroptera","Vespertilionidae","Myotis capaccinii",23.82,0.479,72,40,12045,377.57,410.255,0.0340601909506019,502,475.255,65,NA,1,1,364.75,5.95,41.995,23.1,2190,0.0394566210045662,0.249790092359362,NA,NA,1,2,NA,NA,100,0,0,100,0,0,0,0,0,0,0,0,0,1,3,"A",1,0,0,0,1,900,0,900,0,"Occurs on mainland",1,0,"Palearctic",3,1,0,0,0,0,1,0,0,0,1,0,0,0,0,0,0,0,0,0,1,0,1,0,1,0,0,0,0,0,0,0,0,0,"Myotis capaccinii","Myotis capaccinii",0,0,57.78372686,NA,39.99999997,NA,0,NA,1,0,0,0,0.073236463,0.35767812,0.418634972,36.79549847,23.99987632,11.86171318,-9.099381314,-17.15185454,12.70536636,12.84678315,-10.90196944,8.217267892,0.725422186,-5.480648772,6.639837414,0.268069709,-0.145990305,-0.056667317,-0.987102015,-0.95569542
5413,"Chiroptera","Vespertilionidae","Myotis chiloensis",8.005,0.244,46.7,38,7369.067,NA,501.065,0.0679957177753982,NA,596.67,78.845,NA,0.98,1.028,364.489,NA,54.972,NA,2346.637,0.0809695447198404,NA,NA,NA,1,2,NA,NA,100,0,0,100,0,0,0,0,0,0,0,0,0,1,3,"A",1,0,0,0,1,1500,50,1450,0,"Occurs on mainland",1,1,"Neotropical",2,1,0,0,0,0,1,0,0,0,0,0,0,0,0,0,1,0,1,0,0,0,0,1,0,0,0,0,0,0,0,0,0,0,"Myotis chiloensis","Myotis chiloensis",0,0,35.9633396,5.759999994,38.00000003,NA,NA,NA,NA,NA,NA,NA,0.123597266,1.201235179,1.647529113,38.06231177,19.66638818,20.9067988,-13.57424696,-19.37628457,9.530599924,6.971977132,0.100391051,-4.691704493,-6.917179341,-0.711177288,-1.715100015,-1.00591701,0.239652073,-8.597449279,-2.231342099,1.076208668
5414,"Chiroptera","Vespertilionidae","Myotis chinensis",28.55,0.461,76,65,8030,476.4,450.8,0.0561394769613948,502,519.8,69,NA,1.25,1,364.75,5.95,41.995,23.1,2346.212,0.0647322540473225,0.260507880910683,NA,NA,1,2,NA,NA,100,0,0,100,0,0,0,0,0,0,0,0,0,1,3,"A",1,0,0,0,1,NA,NA,NA,0,"Occurs on mainland",1,0,"Indomalayan, Palearctic",3,1,0,0,0,0,1,0,0,0,1,0,0,0,1,0,0,0,1,0,0,0,1,0,1,0,0,0,0,0,0,0,0,0,"Myotis chinensis","Myotis chinensis",1,0,30.08041756,5.460000004,65.00000005,NA,0,NA,NA,NA,NA,NA,0.825296619,1.095602544,1.2577861,37.87211908,21.03539437,18.40633265,-12.29727893,-19.17453905,10.59639479,8.723954331,-3.537778137,-0.481112048,-4.754208902,-2.203470606,0.649311514,-0.755874143,-0.294926949,-6.474721334,-3.44178756,0.006688949
5415,"Chiroptera","Vespertilionidae","Myotis ciliolabrum",5,0.261,53,NA,5475,365.25,365.25,0.0667123287671233,365.25,486.203,74.011,NA,1,1,364.75,1.1,89.79,NA,2215.138,0.088804200913242,0.22,NA,NA,1,2,NA,NA,100,0,0,NA,NA,NA,NA,NA,NA,NA,NA,NA,NA,1,3,"A",1,0,0,0,1,3300,300,3000,0,"Occurs on mainland",1,1,"Nearctic, Neotropical",5,1,0,0,0,0,1,0,0,0,0,0,0,0,0,1,1,0,1,0,0,1,0,1,1,1,0,0,0,0,0,1,0,0,"Myotis ciliolabrum","Myotis ciliolabrum",0,0,35.91894521,6.700000005,32.20000002,10,NA,2.999999999,0,0,0,1,0.029652178,0.338532519,0.390995459,37.8000899,18.78225584,21.92475387,-14.05492442,-18.96377848,7.600290578,4.825918884,2.378766957,-6.687072252,-7.317609902,0.583121592,-3.412414893,-1.113424809,0.344070577,-7.413215589,-0.43776449,0.945753825
5417,"Chiroptera","Vespertilionidae","Myotis cobanensis",10.82,0.223,35,41.49,8113.251,NA,429.577,0.0529475792133141,NA,504.664,68.161,NA,1.016,1.001,364.705,NA,46.859,NA,2375.562,0.0622024389483328,NA,NA,NA,1,2,NA,NA,100,0,0,100,0,0,0,0,0,0,0,0,0,1,3,"A",1,0,0,0,1,NA,NA,NA,NA,"Occurs on mainland",NA,NA,"Neotropical",NA,1,0,0,0,0,1,0,0,0,0,0,0,0,0,0,1,0,1,0,0,1,0,0,0,0,0,0,0,0,0,1,0,0,"Myotis cobanensis","Myotis cobanensis",0,0,NA,NA,NA,NA,NA,NA,NA,NA,NA,NA,0.773834782,0.773834782,0.773834782,37.9342024,19.27994478,21.27313611,-13.75811177,-19.24019053,8.721529274,6.024975102,1.24609529,-5.783763397,-7.255175011,-0.064763391,-2.634574409,-1.101260832,0.316617343,-8.281963559,-1.388115806,1.07056011
5419,"Chiroptera","Vespertilionidae","Myotis csorbai",7,0.257,62.223,NA,7409.648,NA,423.21,0.0571160735300786,NA,513.506,83.787,NA,1.092,1.006,364.364,NA,47.702,NA,2162.871,0.0693023474259506,NA,NA,NA,1,2,NA,NA,100,0,0,NA,NA,NA,NA,NA,NA,NA,NA,NA,NA,1,3,"A",1,0,0,0,1,1700,1300,400,NA,"Occurs on mainland",NA,NA,"Indomalayan",1,1,0,0,0,0,1,0,0,0,0,0,0,0,1,0,0,0,1,0,0,0,0,0,0,0,0,0,0,0,0,0,0,0,"Myotis csorbai","Myotis csorbai",1,0,NA,NA,NA,NA,NA,NA,NA,NA,NA,NA,NA,NA,NA,37.51691199,22.08608008,16.40870795,-11.34644489,-18.81157898,11.47286783,10.12457285,-5.794884548,2.046419394,-3.625783068,-3.370157016,2.329603519,-0.779151698,-0.481635284,-5.555011148,-2.916354414,-0.613308327
5420,"Chiroptera","Vespertilionidae","Myotis dasycneme",15,0.31,61,45.5,7482.5,NA,374.462,0.050045038422987,NA,436.994,68.376,NA,1,1.004,364.761,NA,45.847,NA,1825,0.0584021383227531,NA,NA,NA,1,2,NA,NA,100,0,0,100,0,0,0,0,0,0,0,0,0,1,3,"A",1,0,0,0,1,1500,0,1500,0,"Occurs on mainland",0,1,"Palearctic",5,1,0,0,0,0,1,0,0,0,1,0,0,0,0,0,0,0,1,0,0,1,1,0,1,0,0,0,0,0,0,1,1,0,"Myotis dasycneme","Myotis dasycneme",0,0,46.20954818,6.800000005,45.50000004,NA,1,NA,0,0,0,1,0.519138447,1.195043699,1.41956159,37.99361519,20.22590474,20.0172861,-13.08226518,-19.40334481,10.08870632,7.825757213,-1.629171793,-2.810736099,-6.131739864,-1.443259083,-0.647932148,-0.817292255,-0.043679475,-8.131930657,-3.42515779,0.691609837
5421,"Chiroptera","Vespertilionidae","Myotis daubentonii",7.902,0.23,47.7,35.295,10220,371.23,640.308,0.062652446183953,730,426.37,54.285,NA,1.21,1,365.688,2.067,35.33,5.49,3298.504,0.0417191780821918,0.316511009870919,NA,NA,1,2,NA,NA,100,0,0,100,0,0,0,0,0,0,0,0,0,1,3,"A",1,0,0,0,1,NA,NA,NA,0,"Occurs on mainland",1,1,NA,NA,1,0,0,0,0,1,0,0,0,0,0,0,0,0,0,0,0,1,0,1,1,1,1,1,0,1,0,0,0,0,1,1,0,"Myotis daubentonii","Myotis daubentonii",0,0,36.5930571,6.299999993,36.58999996,100,1,1,0,0,0,1,0.197411211,1.188924505,1.474937693,37.95982613,20.55700503,19.25722304,-12.7078331,-19.23908822,10.27663965,8.247151236,-2.639858521,-1.549996396,-5.303831821,-1.827237919,0.090751577,-0.740608231,-0.185820286,-7.125108057,-3.630773038,0.334504113
5422,"Chiroptera","Vespertilionidae","Myotis davidii",5.3,0.147,50,NA,8760,410.5,365,0.0416666666666667,456,458.407,62.769,NA,1,1,364.75,NA,46.34,NA,2632.544,0.0523295662100457,NA,NA,NA,1,2,NA,NA,100,0,0,NA,NA,NA,NA,NA,NA,NA,NA,NA,NA,1,3,"A",1,0,0,0,1,NA,NA,NA,NA,"Occurs on mainland",NA,NA,"Palearctic",2,1,0,0,0,0,1,0,0,0,1,0,0,0,0,0,0,0,1,0,0,0,0,0,1,0,0,0,0,0,0,0,0,0,"Myotis davidii","Myotis davidii",0,0,NA,NA,NA,NA,NA,NA,NA,NA,NA,NA,0.030416338,0.436748156,0.532933087,36.90623863,23.6882072,12.68706752,-9.518872756,-17.52420172,12.55181916,12.42641452,-10.03220509,7.139451788,-0.077956037,-5.107116055,5.839377811,0.030631318,-0.263003189,-1.138498923,-1.297936274,-1.026212739
5423,"Chiroptera","Vespertilionidae","Myotis dieteri",7.5,0.206,58.391,NA,6811.094,NA,390.844,0.0573834394298478,NA,467.483,71.703,NA,1.065,1.005,364.786,NA,47.843,NA,2047.568,0.068635523162652,NA,NA,NA,1,2,NA,NA,100,0,0,NA,NA,NA,NA,NA,NA,NA,NA,NA,NA,1,3,"A",1,0,0,0,1,NA,NA,NA,NA,"Occurs on mainland",NA,NA,"Afrotropical",1,1,0,0,0,0,1,0,0,0,0,1,0,0,0,0,0,0,1,0,0,0,0,0,1,0,0,0,0,0,0,0,0,0,"Myotis dieteri","Myotis dieteri",0,0,NA,NA,NA,NA,NA,NA,NA,NA,NA,NA,NA,NA,NA,36.75341419,24.18975173,11.17938717,-8.725255289,-16.76929954,12.8171017,13.13244977,-11.58497033,9.207753735,1.725233035,-5.575640932,7.163717323,0.49769998,-0.086038388,1.381757134,-0.694246941,-0.879084277
5424,"Chiroptera","Vespertilionidae","Myotis diminutus",NA,NA,NA,NA,NA,NA,NA,NA,NA,NA,NA,NA,NA,NA,NA,NA,NA,NA,NA,NA,NA,NA,NA,NA,NA,NA,NA,NA,NA,NA,NA,NA,NA,NA,NA,NA,NA,NA,NA,NA,NA,NA,NA,NA,0,0,0,1,225,150,75,NA,NA,NA,NA,"Neotropical",1,NA,NA,NA,NA,NA,NA,NA,NA,NA,0,0,0,0,0,0,1,0,1,0,0,0,0,0,0,0,0,0,0,0,0,0,0,0,"Myotis diminutus","Myotis diminutus",1,0,NA,NA,NA,NA,NA,NA,NA,NA,NA,NA,3.212399933,4.319330127,4.442322371,38.05142986,19.63896925,20.93731437,-13.58857428,-19.37936931,9.496519281,6.930692334,0.154841988,-4.750570778,-6.948759568,-0.681881107,-1.764236113,-1.011955547,0.24302922,-8.613501374,-2.193234996,1.078037395
5425,"Chiroptera","Vespertilionidae","Myotis dinellii",8.4,0.367,61.18,38,7663.585,NA,477.854,0.0623538461438087,NA,576.539,85.62,NA,1.038,1.001,363.952,NA,52.151,NA,2257.894,0.0752309787129653,NA,NA,NA,1,2,NA,NA,100,0,0,100,0,0,0,0,0,0,0,0,0,1,3,"A",1,0,0,0,1,820,30,790,NA,"Occurs on mainland",NA,NA,"Neotropical",1,1,0,0,0,0,1,0,0,0,0,0,0,0,0,0,1,0,1,0,0,0,0,0,0,0,0,0,0,0,0,0,0,0,"Myotis dinellii","Myotis dinellii",1,0,NA,NA,NA,NA,NA,NA,NA,NA,NA,NA,0.096839323,0.32055111,0.557845003,38.05572596,19.84084495,20.70879222,-13.43225729,-19.40941691,9.813764578,7.310205971,-0.469560299,-4.099129597,-6.740656514,-1.009997984,-1.30540861,-0.898086111,0.14621693,-8.658722078,-2.757048126,1.001874213
5426,"Chiroptera","Vespertilionidae","Myotis dominicensis",4.2,0.126,57,34,2555,98,98,0.0383561643835616,98,173.66,75.66,NA,1,2.75,365,1,35,3.7,1046.31,0.0679686888454012,0.654761904761905,NA,NA,1,2,NA,NA,100,0,0,100,0,0,0,0,0,0,0,0,0,1,3,"A",1,0,0,0,1,NA,NA,NA,1,"Occurs only on isolated islands",0,0,"Neotropical",3,1,0,0,0,0,0,0,0,1,0,0,0,0,0,0,1,0,1,0,0,1,1,0,1,0,0,0,0,0,0,1,0,0,"Myotis dominicensis","Myotis dominicensis",0,0,NA,NA,34,NA,NA,NA,1,0,0,0,0.993877176,1.009835218,1.022601651,37.99843489,19.47822683,21.09395055,-13.65248465,-19.32251666,9.208834047,6.576533521,0.596169816,-5.180355048,-7.12680724,-0.474396566,-2.075846427,-1.038309755,0.268699197,-8.564460563,-1.870506238,1.075733826
5427,"Chiroptera","Vespertilionidae","Myotis elegans",4.21,0.207,49,32.99,6835.125,NA,463.274,0.067778423949818,NA,558.315,78.038,NA,0.98,1.047,364.522,NA,61.81,NA,2295.271,0.081683217205245,NA,NA,NA,1,2,NA,NA,100,0,0,100,0,0,0,0,0,0,0,0,0,1,3,"A",1,0,0,0,1,750,NA,NA,0,"Occurs on mainland",1,0,"Neotropical",1,1,0,0,0,0,1,0,0,0,0,0,0,0,0,0,1,0,1,0,0,0,0,0,0,0,0,0,0,0,0,0,0,0,"Myotis elegans","Myotis elegans",1,0,NA,NA,32.99000003,NA,NA,NA,NA,NA,NA,NA,0.606045182,1.441557313,1.828996696,38.06478746,19.81624175,20.73535543,-13.45294126,-19.39771,9.796263308,7.289582771,-0.41371436,-4.153032009,-6.73967473,-0.984039658,-1.328985392,-0.910754387,0.162936457,-8.659581691,-2.707285401,1.021435636
5428,"Chiroptera","Vespertilionidae","Myotis emarginatus",9.28,0.225,50,40,8285.5,413.84,434.92,0.0524917023716131,456,547.5,65.325,NA,0.995,1,364.75,NA,41.61,NA,2542.773,0.066079295154185,NA,NA,NA,1,2,NA,NA,100,0,0,100,0,0,0,0,0,0,0,0,0,1,3,"S",1,0,0,0,1,1800,0,1800,0,"Occurs on mainland",1,0,"Palearctic",4,0,0,0,0,1,1,0,0,0,1,0,0,0,0,0,0,0,1,0,1,1,0,0,1,0,0,0,0,0,0,1,0,0,"Myotis emarginatus","Myotis emarginatus",0,0,37.66171401,5.900000005,39.99999997,NA,0,NA,1,0,0,0,0.089438344,0.905373681,1.1744263,37.99873184,20.0184704,20.38104101,-13.27834895,-19.46050033,9.931866422,7.570146915,-1.061908766,-3.501094891,-6.576298435,-1.269723341,-0.988679288,-0.90148047,0.03949712,-8.570229239,-3.15731676,0.849575969
5429,"Chiroptera","Vespertilionidae","Myotis escalerai",7.5,0.22,50,39.35,8650.5,NA,407.961,0.0471603953528698,NA,509.767,71.204,NA,1,1,364.75,NA,60,NA,2615.058,0.0589291948442287,NA,NA,NA,1,2,NA,NA,100,0,0,100,0,0,0,0,0,0,0,0,0,1,3,"S",1,0,0,0,1,2100,0,2100,NA,NA,NA,NA,"Palearctic",2,0,0,0,0,1,NA,NA,NA,NA,1,0,0,0,0,0,0,0,1,0,1,0,0,0,0,0,0,0,0,0,0,0,0,0,"Myotis escalerai","Myotis escalerai",0,0,NA,NA,NA,NA,NA,NA,NA,NA,NA,NA,0.213903368,1.041542503,1.625443668,37.72138675,21.49846483,17.45874324,-11.83225314,-19.01953111,11.03883767,9.374198505,-4.589291822,0.716526553,-4.219781739,-2.732973009,1.393937406,-0.772864187,-0.383602849,-6.050534113,-3.218627013,-0.282199317
5430,"Chiroptera","Vespertilionidae","Myotis evotis",7.4,0.206,55.213,36.72,8030,NA,373.963,0.0465707347447073,NA,459.752,50,NA,1,1,364.75,1.22,44.326,NA,2193.615,0.057254296388543,0.164864864864865,NA,NA,1,2,NA,NA,100,0,0,100,0,0,0,0,0,0,0,0,0,1,3,"S",1,0,0,0,1,2830,NA,NA,0,"Occurs on mainland",1,1,"Nearctic, Neotropical",3,0,0,0,0,1,1,0,0,0,0,0,0,0,0,1,1,0,1,0,0,0,0,1,1,0,0,0,0,0,0,0,0,0,"Myotis evotis","Myotis evotis",1,0,31.44528595,5.999999995,36.72000004,21.00000001,1,1,0,0,0,1,0.071823493,0.40971418,0.489592062,37.87193574,19.00905117,21.62491281,-13.9191476,-19.05930717,8.099156089,5.354293911,1.911982359,-6.335256661,-7.301790604,0.328534627,-3.109700508,-1.116124908,0.335391516,-7.770066884,-0.867830465,1.011691289
5431,"Chiroptera","Vespertilionidae","Myotis federatus",5.3,0.17,50,43,8760,410.5,365,0.0416666666666667,456,484.241,68.909,NA,1,1,364.75,NA,46.734,NA,2628.744,0.0552786529680365,NA,NA,NA,1,2,NA,NA,100,0,0,100,0,0,0,0,0,0,0,0,0,1,3,"A",1,0,0,0,1,900,0,900,NA,NA,NA,NA,"Indomalayan",1,1,0,0,0,0,NA,NA,NA,NA,0,0,0,0,1,0,0,0,1,0,0,0,0,0,0,0,0,0,0,0,0,0,0,0,"Myotis montivagus","Myotis federatus",1,0,NA,NA,NA,NA,NA,NA,NA,NA,NA,NA,NA,NA,NA,37.40818047,22.39110326,15.71320344,-11.00237026,-18.65953754,11.8001171,10.62283729,-6.560179348,2.903198101,-3.188294316,-3.738598232,2.904361096,-0.729837023,-0.50633524,-5.161705047,-2.730360028,-0.782066496
5432,"Chiroptera","Vespertilionidae","Myotis fimbriatus",23.41,0.485,72,NA,12045,456.127,410.255,0.0340601909506019,502,475.255,65,NA,1,1,364.75,5.9,41.995,23.1,2486.387,0.0394566210045662,0.252029047415634,NA,NA,1,2,NA,NA,100,0,0,NA,NA,NA,NA,NA,NA,NA,NA,NA,NA,1,3,"A",1,0,0,0,1,NA,NA,NA,NA,"Occurs on mainland",NA,NA,NA,NA,1,0,0,0,0,1,0,0,0,0,0,0,0,0,0,0,0,0,0,0,0,0,0,1,0,0,0,0,0,0,0,0,0,"Myotis fimbriatus","Myotis fimbriatus",0,0,NA,NA,NA,NA,NA,NA,NA,NA,NA,NA,2.079669799,2.079669799,2.079669799,37.96412225,20.50762368,19.38351172,-12.77603712,-19.30553454,10.2449537,8.180916501,-2.482329116,-1.767257182,-5.465445998,-1.749617501,-0.069825942,-0.762174289,-0.165761114,-7.365917019,-3.610981035,0.391551856
5433,"Chiroptera","Vespertilionidae","Myotis findleyi",4.91,0.251,61.742,31.5,7099.993,NA,443.842,0.0625130193790332,NA,523.51,82.253,NA,1.064,1.006,364.524,NA,52.894,NA,2132.433,0.0737338755122716,NA,NA,NA,1,2,NA,NA,100,0,0,100,0,0,0,0,0,0,0,0,0,1,3,"A",1,0,0,0,1,600,0,600,NA,"Occurs only on isolated islands",NA,NA,"Neotropical",NA,1,0,0,0,0,0,0,0,1,0,0,0,0,0,0,1,0,1,0,0,0,0,0,0,1,0,0,0,0,0,0,0,0,"Myotis findleyi","Myotis findleyi",0,0,NA,NA,NA,NA,NA,NA,NA,NA,NA,NA,NA,NA,NA,38.00257659,20.00549536,20.41311058,-13.29327886,-19.45855489,9.906677411,7.528444649,-0.988353117,-3.58021686,-6.616536459,-1.24436002,-1.029166631,-0.90390643,0.048997421,-8.577465147,-3.106049821,0.863396314
5434,"Chiroptera","Vespertilionidae","Myotis formosus",7.07,0.246,58.562,48.99,7061.294,NA,429.276,0.06079282352498,NA,520.985,73.34,NA,1.041,1.003,364.844,NA,49.013,NA,2111.649,0.0737803864277567,NA,NA,NA,1,2,NA,NA,100,0,0,100,0,0,0,0,0,0,0,0,0,1,3,"A",1,0,0,0,1,NA,NA,NA,NA,"Occurs on mainland",NA,NA,NA,NA,1,0,0,0,0,1,0,0,0,0,0,0,0,0,0,0,0,1,0,1,1,0,0,1,0,0,0,0,0,0,1,0,0,"Myotis formosus","Myotis formosus",1,0,NA,NA,48.98999995,NA,NA,NA,NA,NA,NA,NA,1.171037237,1.25644538,1.414902381,38.04115325,19.89033009,20.6117292,-13.38276572,-19.41564806,9.858918689,7.390816396,-0.637223842,-3.929420144,-6.695476572,-1.08826493,-1.209179429,-0.893591082,0.11932962,-8.649001305,-2.868638523,0.966674102
5435,"Chiroptera","Vespertilionidae","Myotis fortidens",6.5,0.132,57.85,37,12410,227.65,245.3,0.0197663174858985,210,302.695,57.395,NA,1,1,364.75,2.07,25.5,6.79,2496.117,0.0243912167606769,0.318461538461538,NA,NA,1,2,NA,NA,100,0,0,100,0,0,0,0,0,0,0,0,0,1,3,"A",1,0,0,0,1,NA,NA,NA,0,"Occurs on mainland",1,0,"Neotropical",2,1,0,0,0,0,1,0,0,0,0,0,0,0,0,0,1,0,1,0,0,0,0,0,1,0,0,0,0,0,0,0,0,0,"Myotis fortidens","Myotis fortidens",1,0,NA,NA,36.99999999,NA,NA,NA,NA,NA,NA,NA,0.249129573,0.703626875,1.045051339,38.03039572,19.57734912,21.00883233,-13.62143891,-19.38129723,9.411249161,6.822846761,0.299689213,-4.900961581,-7.023862681,-0.61436763,-1.873584814,-1.02354881,0.252302252,-8.609348863,-2.075029064,1.074392782
5436,"Chiroptera","Vespertilionidae","Myotis frater",7.54,1.006,88.875,38.49,9850.454,730,730,0.0741082593756592,NA,730,121.065,NA,1,1.006,365.505,NA,67.754,NA,2877.605,0.0741082593756592,NA,NA,NA,1,2,NA,NA,100,0,0,100,0,0,0,0,0,0,0,0,0,1,3,"A",1,0,0,0,1,NA,NA,NA,NA,"Occurs on mainland",NA,NA,NA,NA,1,0,0,0,0,1,0,0,0,0,0,0,0,0,0,0,0,1,0,0,1,0,0,1,0,0,0,0,0,0,1,0,0,"Myotis frater","Myotis frater",0,0,NA,NA,38.48999999,NA,0,NA,NA,NA,NA,NA,0.591625737,0.884287297,1.094991291,37.9621106,20.6414829,19.13163736,-12.65279786,-19.24009573,10.30483696,8.307676758,-2.78181561,-1.38279209,-5.202715871,-1.874117184,0.17536813,-0.738883038,-0.20802262,-6.992188787,-3.631961023,0.280313067
5437,"Chiroptera","Vespertilionidae","Myotis gomantongensis",9.4,0.221,58.015,NA,7775.177,NA,460.41,0.0592153722031023,NA,558.684,73.858,NA,1.036,1.001,364.706,NA,48.668,NA,2186.65,0.0718548272277274,NA,NA,NA,1,2,NA,NA,100,0,0,NA,NA,NA,NA,NA,NA,NA,NA,NA,NA,1,3,"A",1,0,0,0,1,NA,NA,NA,NA,"Occurs on large land bridge islands",NA,NA,"Indomalayan",1,1,0,0,0,0,0,0,1,0,0,0,0,0,1,0,0,0,0,0,0,0,0,0,1,0,0,0,0,0,0,0,0,0,"Myotis gomantongensis","Myotis gomantongensis",0,0,NA,NA,NA,NA,NA,NA,NA,NA,NA,NA,2.462503852,2.462503852,2.462503852,37.14895834,23.09423809,14.09057509,-10.20614161,-18.08177051,12.21986844,11.5700945,-8.362973416,5.093399203,-1.653255374,-4.476660445,4.400518121,-0.402007261,-0.43672176,-3.294687109,-1.977250249,-1.019045459
6856,"Chiroptera","Vespertilionidae","Myotis goudoti",5.56,0.313,97.5,39.48,5989.763,NA,374.818,0.0625764324898998,NA,445.779,83.897,NA,1.14,1.011,363.817,NA,50.273,NA,1899.034,0.0744234788588463,NA,NA,NA,1,2,NA,NA,100,0,0,100,0,0,0,0,0,0,0,0,0,1,3,"A",1,0,0,0,1,1200,0,1200,1,"Occurs only on isolated islands",1,0,"Afrotropical",4,1,0,0,0,0,0,0,0,1,0,1,0,0,0,0,0,0,1,0,0,1,0,1,1,0,0,0,0,0,0,1,0,0,"Myotis goudoti","Myotis goudoti",1,0,NA,NA,38.20000001,NA,NA,NA,1,0,0,0,NA,NA,NA,37.99568384,20.13437718,20.19677351,-13.16734907,-19.4276998,10.03938701,7.717366279,-1.375023974,-3.120799743,-6.340893511,-1.364267829,-0.810945461,-0.836015571,-0.004583387,-8.349799213,-3.31289078,0.766178261
5439,"Chiroptera","Vespertilionidae","Myotis grisescens",10.045,3.621,82.891,43.26,14333.55,530.44,493.22,0.0344101775205724,456,730,99.188,NA,0.995,1,364.75,2.92,42.35,NA,3469.927,0.0509294626941686,0.289238427078148,NA,NA,1,2,NA,NA,100,0,0,100,0,0,0,0,0,0,0,0,0,1,3,"A",1,0,0,0,1,NA,NA,NA,0,"Occurs on mainland",1,0,"Nearctic",2,1,0,0,0,0,1,0,0,0,0,0,0,0,0,1,0,0,1,0,0,0,0,0,1,0,0,0,0,0,0,0,0,0,"Myotis grisescens","Myotis grisescens",0,0,37.56667341,6.4,43.25999999,125200,1,NA,0,0,0,1,0.650250006,0.883560926,0.973291772,37.94840527,19.34496091,21.23625919,-13.71437042,-19.25789961,8.834533306,6.134721169,1.105035462,-5.654201968,-7.239740674,-0.149169866,-2.510287544,-1.064824729,0.28087877,-8.376319844,-1.533803613,1.073579043
6857,"Chiroptera","Vespertilionidae","Myotis hajastanicus",5.3,0.15,50,NA,8760,410.5,365,0.0416666666666667,456,458.19,62.123,NA,1,1,364.75,NA,45.39,NA,2692.066,0.0523047945205479,NA,NA,NA,1,2,NA,NA,100,0,0,NA,NA,NA,NA,NA,NA,NA,NA,NA,NA,1,3,"A",1,0,0,0,1,NA,NA,NA,NA,"Occurs on mainland",NA,NA,"Palearctic",NA,1,0,0,0,0,1,0,0,0,1,0,0,0,0,0,0,0,0,0,0,0,0,0,0,0,0,0,0,0,0,0,0,0,"Myotis hajastanicus","Myotis davidii",0,0,NA,NA,NA,NA,NA,NA,NA,NA,NA,NA,0.030416338,0.436748156,0.532933087,37.96554934,20.38902177,19.68065556,-12.92955809,-19.4127846,10.18927351,8.045474542,-2.129927368,-2.240915519,-5.836002705,-1.633615069,-0.346162759,-0.811207226,-0.121205787,-7.838218,-3.574031232,0.51928889
5441,"Chiroptera","Vespertilionidae","Myotis hasseltii",8.7,0.188,57.848,38.49,7148.69,NA,471.445,0.0659484464985893,NA,569.843,81.822,NA,0.99,1.029,364.082,NA,56.623,NA,2214.61,0.0797129264242819,NA,NA,NA,1,2,NA,NA,90,10,0,90,0,0,10,0,0,0,0,0,0,1,3,"A",1,0,0,0,1,1000,0,1000,1,"Occurs on mainland",0,0,"Indomalayan",2,1,0,0,0,0,1,0,0,0,0,0,0,0,1,0,0,0,1,0,0,1,0,0,1,0,0,0,0,0,0,1,0,0,"Myotis hasseltii","Myotis hasseltii",0,0,NA,NA,38.48999999,25.00000002,NA,NA,0,0,1,0,1.072672085,1.09195917,1.09195917,36.70386322,24.31236806,10.86543285,-8.577159751,-16.73343307,12.86333494,13.27129603,-11.96997169,9.806042516,2.369582104,-5.613682118,7.478663301,0.669548892,-0.026373555,2.495979938,-0.342401267,-0.835313207
5442,"Chiroptera","Vespertilionidae","Myotis hermani",7.07,0.292,64.248,NA,7148.204,NA,443.416,0.0620318054716961,NA,539.552,82.529,NA,1.065,1.003,364.408,NA,50.414,NA,2172.756,0.0754807781087389,NA,NA,NA,1,2,NA,NA,100,0,0,NA,NA,NA,NA,NA,NA,NA,NA,NA,NA,1,3,"A",1,0,0,0,1,500,0,500,NA,"Occurs on mainland",NA,NA,"Indomalayan",1,1,0,0,0,0,1,0,0,0,0,0,0,0,1,0,0,0,1,0,0,0,0,0,0,0,0,0,0,0,0,0,0,0,"Myotis hermani","Myotis hermani",1,0,NA,NA,NA,NA,NA,NA,NA,NA,NA,NA,NA,NA,NA,38.0679343,19.68390888,20.88209672,-13.5626027,-19.38630761,9.608038243,7.068515771,-0.023905244,-4.567022977,-6.883057267,-0.799959526,-1.59280074,-0.996909785,0.234475442,-8.621155637,-2.329846809,1.074335444
5443,"Chiroptera","Vespertilionidae","Myotis horsfieldii",6.125,0.197,58.694,38.31,6087.172,NA,353.648,0.0580972576427937,NA,416.635,68.441,NA,1.159,1.017,362.919,NA,44.771,NA,1772.287,0.0684447556270794,NA,NA,NA,1,2,NA,NA,100,0,0,100,0,0,0,0,0,0,0,0,0,1,3,"A",1,0,0,0,1,1450,0,1450,1,"Occurs on mainland",1,0,"Indomalayan",2,1,0,0,0,0,1,0,0,0,0,0,0,0,1,0,0,0,1,0,0,1,0,0,1,0,0,0,0,0,0,1,0,0,"Myotis horsfieldii","Myotis horsfieldii",1,0,35.8,6.7,38.31,50.99999999,NA,NA,0,0,0,1,0.903753705,2.434442967,3.82960411,36.72145362,24.25218361,11.02930249,-8.657380227,-16.75765233,12.81285676,13.16961489,-11.72447887,9.431279701,1.980429243,-5.578279888,7.274091004,0.57129441,-0.054361849,1.799431584,-0.545304683,-0.857760001
5446,"Chiroptera","Vespertilionidae","Myotis ikonnikovi",5.989,0.188,42,33.998,8389.219,NA,406.265,0.0484270347454274,NA,476.353,63.387,NA,1.021,1.002,364.671,NA,44.281,NA,2503.331,0.0567815669134397,NA,NA,NA,1,2,NA,NA,100,0,0,100,0,0,0,0,0,0,0,0,0,1,3,"A",1,0,0,0,1,NA,NA,NA,0,"Occurs on mainland",1,0,"Palearctic",4,1,0,0,0,0,1,0,0,0,1,0,0,0,0,0,0,0,1,0,0,1,1,0,1,0,0,0,0,0,0,1,0,0,"Myotis ikonnikovi","Myotis ikonnikovi",0,0,NA,NA,33.5,NA,NA,NA,NA,NA,NA,NA,0.524883729,1.089203297,1.594839507,37.96849821,20.34826157,19.75513009,-12.96278569,-19.40974591,10.1677975,7.998092822,-2.017550912,-2.377958784,-5.930600991,-1.605953512,-0.406887705,-0.817847904,-0.10462491,-7.93845337,-3.555091382,0.556989905
5447,"Chiroptera","Vespertilionidae","Myotis indochinensis",NA,NA,NA,NA,NA,NA,NA,NA,NA,NA,NA,NA,NA,NA,NA,NA,NA,NA,NA,NA,NA,NA,NA,NA,NA,NA,NA,NA,NA,NA,NA,NA,NA,NA,NA,NA,NA,NA,NA,NA,NA,NA,NA,NA,NA,NA,NA,NA,NA,NA,NA,NA,NA,NA,NA,NA,1,NA,NA,NA,NA,NA,NA,NA,NA,NA,0,0,0,0,0,0,0,0,1,0,0,0,0,0,0,0,0,0,0,0,0,0,0,0,NA,"Myotis indochinensis",1,0,NA,NA,NA,NA,NA,NA,NA,NA,NA,NA,1.33902891,1.33902891,1.33902891,NA,NA,NA,NA,NA,NA,NA,NA,NA,NA,NA,NA,NA,NA,NA,NA,NA
5448,"Chiroptera","Vespertilionidae","Myotis insularum",6.11,0.216,60.209,34,6930.452,NA,425.084,0.0613356820016934,NA,505.379,78.496,NA,1.077,1.004,364.747,NA,47.75,NA,2086.167,0.0729215064183404,NA,NA,NA,1,2,NA,NA,100,0,0,100,0,0,0,0,0,0,0,0,0,1,3,"A",1,0,0,0,1,NA,NA,NA,NA,"Occurs only on isolated islands",NA,NA,"Oceanian",NA,1,0,0,0,0,0,0,0,1,0,0,0,0,0,0,0,1,1,0,0,0,0,0,0,1,0,0,0,0,0,0,0,0,"Myotis insularum","Myotis insularum",0,0,NA,NA,NA,NA,NA,NA,NA,NA,NA,NA,NA,NA,NA,38.03763657,19.59562741,20.99023283,-13.61325231,-19.38634701,9.451540651,6.871001914,0.241856537,-4.844255669,-7.002527231,-0.646197862,-1.827309377,-1.019334887,0.250220107,-8.620993836,-2.116285163,1.075966982
5449,"Chiroptera","Vespertilionidae","Myotis izecksohni",NA,NA,NA,NA,NA,NA,NA,NA,NA,NA,NA,NA,NA,NA,NA,NA,NA,NA,NA,NA,NA,NA,NA,NA,NA,NA,NA,NA,NA,NA,NA,NA,NA,NA,NA,NA,NA,NA,NA,NA,NA,NA,NA,NA,0,0,0,1,1000,760,240,NA,NA,NA,NA,"Neotropical",1,NA,NA,NA,NA,NA,NA,NA,NA,NA,0,0,0,0,0,0,1,0,1,0,0,0,0,0,0,0,0,0,0,0,0,0,0,0,"Myotis izecksohni","Myotis izecksohni",1,0,NA,NA,NA,NA,NA,NA,NA,NA,NA,NA,NA,NA,NA,37.297334,22.64514234,15.02931866,-10.65235279,-18.35726325,11.99452135,11.03857897,-7.335838611,3.827978061,-2.617874469,-4.121539143,3.590994716,-0.618032927,-0.491553783,-4.397740422,-2.418547505,-0.898895763
5450,"Chiroptera","Vespertilionidae","Myotis keaysi",5.22,0.252,53,36.5,6977.357,NA,518.925,0.0743727173484172,NA,631.127,84.922,NA,0.98,1.025,364.553,NA,68.721,NA,2291.712,0.0904535915246991,NA,NA,NA,1,2,NA,NA,100,0,0,100,0,0,0,0,0,0,0,0,0,1,3,"A",1,0,0,0,1,3540,500,3040,0,"Occurs on mainland",1,0,"Neotropical",1,1,0,0,0,0,1,0,0,0,0,0,0,0,0,0,1,0,1,0,0,0,0,0,0,0,0,0,0,0,0,0,0,0,"Myotis keaysi","Myotis keaysi",1,0,30.11690707,6.4,36.49999996,349.9999997,NA,1,0,0,0,1,0.460032606,1.401842385,1.900525271,38.07368864,19.76950053,20.78721728,-13.50642967,-19.40621451,9.724365798,7.212522175,-0.249483525,-4.34685489,-6.831051084,-0.919955885,-1.434481685,-0.970289301,0.19825501,-8.677422449,-2.552562073,1.05329545
5451,"Chiroptera","Vespertilionidae","Myotis keenii",6.255,0.169,54.489,36.5,6935,365.28,365.28,0.0526719538572459,365.28,415.28,50,NA,1,1,364.75,NA,36.965,NA,1944.644,0.0598817591925018,NA,NA,NA,1,2,NA,NA,100,0,0,100,0,0,0,0,0,0,0,0,0,1,3,"A",1,0,0,0,1,NA,NA,NA,0,"Occurs on mainland",0,1,"Nearctic",2,1,0,0,0,0,1,0,0,0,0,0,0,0,0,1,0,0,1,0,0,0,0,1,0,0,0,0,0,0,0,0,0,0,"Myotis keenii","Myotis keenii",0,0,35.54754118,5.800000006,36.49999996,16.49999999,NA,1,0,0,0,1,0.457121093,1.19630481,1.33439567,37.86673638,18.97957758,21.6792336,-13.94415648,-19.03109567,7.993000425,5.244695063,1.999043916,-6.393251946,-7.290388585,0.379290614,-3.165115521,-1.114828519,0.335759338,-7.71229406,-0.792445612,0.998950546
5452,"Chiroptera","Vespertilionidae","Myotis laniger",8.5,0.696,68.156,NA,10220,730,730,0.0714285714285714,730,784,54,NA,1.058,1.002,367.31,2.09,52.316,NA,2959.845,0.0767123287671233,0.260663816470588,NA,NA,1,2,NA,NA,100,0,0,NA,NA,NA,NA,NA,NA,NA,NA,NA,NA,1,3,"A",1,0,0,0,1,NA,NA,NA,NA,"Occurs on mainland",NA,NA,"Indomalayan, Palearctic",2,1,0,0,0,0,1,0,0,0,1,0,0,0,1,0,0,0,1,0,0,0,0,0,1,0,0,0,0,0,0,0,0,0,"Myotis laniger","Myotis laniger",1,0,NA,NA,NA,NA,NA,NA,NA,NA,NA,NA,0.637553264,1.44779461,2.218247641,36.88217014,23.7505345,12.49203145,-9.415345595,-17.41689563,12.59936367,12.54011972,-10.25730848,7.413709317,0.113337235,-5.20991331,6.044636482,0.082607935,-0.240558774,-0.912215919,-1.245546058,-1.017761736
5453,"Chiroptera","Vespertilionidae","Myotis lavali",NA,NA,NA,NA,NA,NA,NA,NA,NA,NA,NA,NA,NA,NA,NA,NA,NA,NA,NA,NA,NA,NA,NA,NA,NA,NA,NA,NA,NA,NA,NA,NA,NA,NA,NA,NA,NA,NA,NA,NA,NA,NA,NA,NA,0,0,0,1,900,15,885,NA,NA,NA,NA,"Neotropical",3,NA,NA,NA,NA,NA,NA,NA,NA,NA,0,0,0,0,0,0,1,0,1,1,0,1,0,0,0,0,0,0,0,0,0,0,0,0,"Myotis lavali","Myotis lavali",1,0,NA,NA,NA,NA,NA,NA,NA,NA,NA,NA,0.81401734,0.81401734,0.81401734,38.0245445,19.56181906,21.02623444,-13.62926912,-19.37721677,9.373319465,6.775411208,0.363191741,-4.970902271,-7.064416191,-0.584491386,-1.92634649,-1.031746023,0.255946118,-8.624059409,-2.024872591,1.074264978
5454,"Chiroptera","Vespertilionidae","Myotis leibii",5.41,0.237,60.268,32.49,4380,NA,416.534,0.0950990867579909,NA,503.174,73.092,NA,1,1,364.75,NA,59.737,NA,1953.806,0.114879908675799,NA,NA,NA,1,2,NA,NA,100,0,0,100,0,0,0,0,0,0,0,0,0,1,3,"A",1,0,0,0,1,1125,NA,NA,0,"Occurs on mainland",0,1,"Nearctic",3,1,0,0,0,0,1,0,0,0,0,0,0,0,0,1,0,0,1,0,0,0,0,1,1,0,0,0,0,0,0,0,0,0,"Myotis leibii","Myotis leibii",0,0,35.90076342,6.1,32.48999997,16.99999999,1,7,0,0,0,1,0.124135362,0.278408175,0.360265043,37.80587152,18.80079438,21.89668636,-14.04130445,-18.96650929,7.649306387,4.882527265,2.317842434,-6.634638712,-7.312525376,0.543414617,-3.364281148,-1.113302242,0.343079432,-7.485697066,-0.507318924,0.956381641
5455,"Chiroptera","Vespertilionidae","Myotis levis",5.24,0.332,62.435,38,6832.013,NA,425.105,0.0622225104079866,NA,512.149,88.388,NA,1.055,1.007,363.713,NA,54.403,NA,2184.155,0.0749631184835275,NA,NA,NA,1,2,NA,NA,100,0,0,100,0,0,0,0,0,0,0,0,0,1,3,"A",1,0,0,0,1,820,30,790,0,"Occurs on mainland",0,0,"Neotropical",1,1,0,0,0,0,1,0,0,0,0,0,0,0,0,0,1,0,1,0,0,0,0,0,0,0,0,0,0,0,0,0,0,0,"Myotis levis","Myotis levis",1,0,NA,NA,38.00000003,NA,0,NA,NA,NA,NA,NA,0.085988873,0.631045174,0.934873431,38.07973452,19.73708722,20.83356177,-13.52318106,-19.38137804,9.686180226,7.145446286,-0.132756084,-4.455996367,-6.861677093,-0.87425907,-1.49237329,-0.966644162,0.21569076,-8.678171365,-2.459101058,1.070044358
5456,"Chiroptera","Vespertilionidae","Myotis longicaudatus",7.54,0.685,82.57,38.49,10046.931,730,730,0.0726590040281953,NA,730,99.355,NA,1,1.005,366.041,NA,59.416,NA,2873.438,0.0726590040281953,NA,NA,NA,1,2,NA,NA,100,0,0,100,0,0,0,0,0,0,0,0,0,1,3,"A",1,0,0,0,1,NA,NA,NA,NA,NA,NA,NA,NA,NA,1,0,0,0,0,NA,NA,NA,NA,0,0,0,0,0,0,0,0,0,0,0,0,0,0,0,0,0,0,0,0,0,0,0,0,"Myotis frater","Myotis longicaudatus",0,0,NA,NA,NA,NA,NA,NA,NA,NA,NA,NA,0.63510475,0.956080141,1.148665376,37.9621106,20.6414829,19.13163736,-12.65279786,-19.24009573,10.30483696,8.307676758,-2.78181561,-1.38279209,-5.202715871,-1.874117184,0.17536813,-0.738883038,-0.20802262,-6.992188787,-3.631961023,0.280313067
5457,"Chiroptera","Vespertilionidae","Myotis longipes",23.41,0.473,72,35.99,12045,456.127,410.255,0.0340601909506019,502,475.255,65,NA,1,1,364.75,5.95,41.995,23.1,2469.737,0.0394566210045662,0.254164886800513,NA,NA,1,2,NA,NA,100,0,0,100,0,0,0,0,0,0,0,0,0,1,3,"A",1,0,0,0,1,2000,300,1700,0,"Occurs on mainland",0,0,"Indomalayan",2,1,0,0,0,0,1,0,0,0,0,0,0,0,1,0,0,0,1,0,0,0,0,0,1,0,0,0,0,0,0,0,0,0,"Myotis longipes","Myotis longipes",1,0,NA,NA,35.99000003,NA,0,NA,NA,NA,NA,NA,NA,NA,NA,36.85679688,23.87280277,12.26827776,-9.313160912,-17.37362621,12.63597887,12.63713654,-10.45380113,7.653887512,0.297032799,-5.291496696,6.224689377,0.143469129,-0.204940573,-0.62091668,-1.116990424,-1.00562061
5458,"Chiroptera","Vespertilionidae","Myotis lucifugus",7.15,0.161,52.7,37.76,12410,280.6,245.3,0.0197663174858985,210,730,57.395,NA,1,1,364.75,2.07,25.5,6.79,4117.2,0.0588235294117647,0.289510489510489,NA,NA,1,2,NA,NA,100,0,0,100,0,0,0,0,0,0,0,0,0,1,3,"A",1,0,0,0,1,NA,NA,NA,0,"Occurs on mainland",1,1,"Nearctic",3,1,0,0,0,0,1,0,0,0,0,0,0,0,0,1,0,0,1,0,0,1,0,0,1,0,0,0,0,0,0,1,0,0,"Myotis lucifugus","Myotis lucifugus",0,0,39.02190619,5.999999995,31.87499997,605.9999998,1,NA,0,0,0,1,0.06576453,1.007091816,1.508305241,37.88327088,19.0373445,21.60100263,-13.91003252,-19.07964423,8.18141503,5.450364186,1.804002305,-6.23539215,-7.275945818,0.262759234,-3.020824806,-1.110861926,0.332675678,-7.824267412,-0.955007135,1.017746481
5459,"Chiroptera","Vespertilionidae","Myotis macrodactylus",23.41,0.518,72,38.36,12045,456.127,410.255,0.0340601909506019,502,475.255,65,NA,1,1,364.75,5.9,41.995,23.1,2458.74,0.0394566210045662,0.252029047415634,NA,NA,1,2,NA,NA,100,0,0,100,0,0,0,0,0,0,0,0,0,1,3,"A",1,0,0,0,1,NA,NA,NA,NA,"Occurs on mainland",NA,NA,"Palearctic",4,1,0,0,0,0,1,0,0,0,1,0,0,0,0,0,0,0,1,0,0,1,1,0,1,0,0,0,0,0,0,1,0,0,"Myotis macrodactylus","Myotis macrodactylus",0,0,NA,NA,38.35999996,NA,NA,NA,NA,NA,NA,NA,1.459060818,1.852306951,2.04447006,37.95951574,20.51531376,19.33806251,-12.75055496,-19.28328802,10.25735689,8.206652031,-2.543858455,-1.68465842,-5.411317028,-1.787133284,-0.001202514,-0.752337307,-0.172142022,-7.271022284,-3.612969515,0.366027185
5460,"Chiroptera","Vespertilionidae","Myotis macropus",10.41,0.35,70.756,NA,2889.821,231.09,231.09,0.0799668906828485,NA,303.711,82.687,NA,1,2.5,301.883,NA,56.28,NA,1356.01,0.105096820875757,NA,NA,NA,1,2,NA,NA,100,0,0,NA,NA,NA,NA,NA,NA,NA,NA,NA,NA,1,3,"A",1,0,0,0,1,NA,NA,NA,NA,"Occurs on mainland",NA,NA,"Australasian",2,1,0,0,0,0,1,0,0,0,0,0,0,1,0,0,0,0,1,0,0,0,1,0,1,0,0,0,0,0,0,0,1,0,"Myotis macropus","Myotis macropus",0,0,NA,NA,NA,15,NA,NA,0,0,0,1,0.162373353,0.918985336,1.141497794,36.70115174,24.35504947,10.7535079,-8.520364754,-16.7062422,12.86522644,13.28688355,-12.05194289,9.957628663,2.554086729,-5.602686846,7.535920533,0.710517052,-0.015079829,2.786708205,-0.234892264,-0.827902096
5461,"Chiroptera","Vespertilionidae","Myotis macrotarsus",12.64,0.309,78.029,47,6243.586,NA,367.668,0.058887312515596,NA,439.183,81.14,NA,1.155,1.035,363.946,NA,47.827,NA,1825,0.0703414672273274,NA,NA,NA,1,2,NA,NA,90,10,0,90,0,0,10,0,0,0,0,0,0,1,3,"A",1,0,0,0,1,NA,NA,NA,1,"Occurs on large land bridge islands",1,0,"Indomalayan",1,1,0,0,0,0,0,0,1,0,0,0,0,0,1,0,0,0,1,0,0,1,0,0,1,0,0,0,0,0,0,1,0,0,"Myotis macrotarsus","Myotis macrotarsus",0,0,NA,NA,47.00000001,NA,NA,NA,NA,NA,NA,NA,2.153194156,2.157586868,2.159783224,36.70900629,24.30044198,10.9312829,-8.614117388,-16.76705126,12.84220393,13.22495883,-11.84758766,9.611511239,2.165560874,-5.590428489,7.362299228,0.620439572,-0.034699938,2.086820496,-0.44478297,-0.83908241
5462,"Chiroptera","Vespertilionidae","Myotis martiniquensis",7.49,0.242,54.339,36.5,7238.995,NA,424.629,0.0586585568853135,NA,517.31,71.92,NA,1.023,1.004,364.616,NA,48.048,NA,2147.54,0.0714615771940718,NA,NA,NA,1,2,NA,NA,100,0,0,100,0,0,0,0,0,0,0,0,0,1,3,"A",1,0,0,0,1,NA,NA,NA,NA,"Occurs only on isolated islands",NA,NA,"Neotropical",1,1,0,0,0,0,0,0,0,1,0,0,0,0,0,0,1,0,0,0,0,0,0,0,1,0,0,0,0,0,0,0,0,0,"Myotis martiniquensis","Myotis martiniquensis",0,0,NA,NA,36.49999996,NA,NA,NA,NA,NA,NA,NA,1.112413146,1.148565376,1.21363939,38.01528058,19.51787763,21.06467263,-13.64189911,-19.34533338,9.294281648,6.674692669,0.488203738,-5.078723058,-7.084583673,-0.522901858,-2.003032215,-1.030926171,0.26531051,-8.577265491,-1.929527162,1.076848594
5463,"Chiroptera","Vespertilionidae","Myotis melanorhinus",5,0.227,53,NA,5475,365.25,365.25,0.0667123287671233,365.25,463.018,72.668,NA,1,1,364.75,1.1,89.79,NA,2074.295,0.084569497716895,0.22,NA,NA,1,2,NA,NA,100,0,0,NA,NA,NA,NA,NA,NA,NA,NA,NA,NA,1,3,"A",1,0,0,0,1,NA,NA,NA,NA,"Occurs on mainland",NA,NA,"Nearctic, Neotropical",2,1,0,0,0,0,1,0,0,0,0,0,0,0,0,1,1,0,1,0,0,0,0,0,1,0,0,0,0,0,0,0,0,0,"Myotis melanorhinus","Myotis ciliolabrum",0,0,NA,NA,NA,NA,NA,NA,NA,NA,NA,NA,0.029652178,0.338532519,0.390995459,37.84113961,18.91712719,21.73503611,-13.96722749,-19.01147303,7.890163252,5.131431779,2.111879387,-6.489949366,-7.320717455,0.42907953,-3.232938453,-1.117748638,0.337847054,-7.652153621,-0.716930414,0.986480335
5465,"Chiroptera","Vespertilionidae","Myotis moluccarum",10.41,0.518,90.897,NA,3834.542,231.09,231.09,0.0602653459005013,NA,313.374,91.128,NA,1,2.75,281.524,NA,56.28,NA,1478.782,0.0817239712069916,NA,NA,NA,1,2,NA,NA,50,50,0,NA,NA,NA,NA,NA,NA,NA,NA,NA,NA,2,3,"A",1,0,0,0,1,1200,0,1200,NA,"Occurs on large land bridge islands",NA,NA,"Australasian",3,1,0,0,0,0,0,0,1,0,0,0,0,1,0,0,0,0,1,0,0,0,1,0,1,0,0,0,0,0,0,0,0,0,"Myotis moluccarum","Myotis moluccarum",1,0,34.3243818,6.07,NA,NA,NA,NA,NA,NA,NA,NA,NA,NA,NA,37.91609049,20.86196638,18.72435927,-12.44292406,-19.1839032,10.48470758,8.526999566,-3.143780839,-0.951478036,-5.015279175,-2.05560923,0.414215401,-0.744284026,-0.244243773,-6.735010023,-3.554280058,0.164534262
5466,"Chiroptera","Vespertilionidae","Myotis montivagus",5.3,0.17,50,43,8760,410.5,365,0.0416666666666667,456,486.141,69.19,NA,1,1,364.75,NA,46.747,NA,2642.15,0.0554955479452055,NA,NA,NA,1,2,NA,NA,100,0,0,100,0,0,0,0,0,0,0,0,0,1,3,"A",1,0,0,0,1,NA,NA,NA,0,"Occurs on mainland",1,0,NA,NA,1,0,0,0,0,1,0,0,0,0,0,0,0,0,0,0,0,1,0,0,0,0,0,1,0,0,0,0,0,0,0,0,0,"Myotis montivagus","Myotis montivagus",1,0,35.8,6.5,43.00000004,NA,0,NA,NA,NA,NA,NA,1.038681987,1.550102871,1.708262957,37.40818047,22.39110326,15.71320344,-11.00237026,-18.65953754,11.8001171,10.62283729,-6.560179348,2.903198101,-3.188294316,-3.738598232,2.904361096,-0.729837023,-0.50633524,-5.161705047,-2.730360028,-0.782066496
5467,"Chiroptera","Vespertilionidae","Myotis morrisi",14.09,0.331,74.427,45.5,6875.788,NA,432.392,0.0628861739192657,NA,514.586,76.54,NA,1.073,1.002,364.533,NA,49.896,NA,2037.092,0.0748402946687711,NA,NA,NA,1,2,NA,NA,100,0,0,100,0,0,0,0,0,0,0,0,0,1,3,"A",1,0,0,0,1,NA,NA,NA,NA,"Occurs on mainland",NA,NA,"Afrotropical",2,1,0,0,0,0,1,0,0,0,0,1,0,0,0,0,0,0,0,1,0,0,0,0,1,0,0,0,0,0,0,0,0,0,"Myotis morrisi","Myotis morrisi",0,1,NA,NA,NA,NA,NA,NA,NA,NA,NA,NA,0.926941806,0.926941806,0.926941806,37.76277129,18.70101166,21.95720103,-14.05907477,-18.87865893,7.388074935,4.596806905,2.585236371,-6.82442748,-7.249976931,0.748087403,-3.579255587,-1.098760931,0.347353762,-7.073042102,-0.202891379,0.916822557
5468,"Chiroptera","Vespertilionidae","Myotis muricola",5.3,0.125,50,34.69,8760,410.5,365,0.0416666666666667,456,466.307,64.65,NA,1,1,364.75,NA,46.492,NA,2667.188,0.0532313926940639,NA,NA,NA,1,2,NA,NA,100,0,0,100,0,0,0,0,0,0,0,0,0,1,3,"A",1,0,0,0,1,NA,NA,NA,1,"Occurs on mainland",1,0,NA,NA,1,0,0,0,0,1,0,0,0,0,0,0,0,0,0,0,0,1,0,0,1,0,0,1,0,0,0,0,0,0,1,0,0,"Myotis muricola","Myotis muricola",1,0,25.7313561,5.879999999,34.96666703,NA,NA,NA,NA,NA,NA,NA,0.969673024,2.053664701,2.34734537,37.98382759,20.16702736,20.11824231,-13.13149155,-19.42609663,10.05019798,7.761989682,-1.502821429,-2.968043872,-6.252228902,-1.408979058,-0.732691819,-0.832219926,-0.02803048,-8.265021437,-3.377486062,0.719036108
5469,"Chiroptera","Vespertilionidae","Myotis myotis",27.07,0.488,76,63.9,8030,399.6,450.8,0.0561394769613948,502,730,69,NA,1.25,1,364.75,5.95,41.995,23.1,2847,0.0909090909090909,0.274750646472109,NA,NA,1,2,NA,NA,100,0,0,100,0,0,0,0,0,0,0,0,0,1,3,"S",1,0,0,0,1,NA,NA,NA,0,"Occurs on mainland",1,0,"Palearctic",4,0,0,0,0,1,1,0,0,0,1,0,0,0,0,0,0,0,1,0,1,1,0,0,1,0,0,0,0,0,0,1,0,0,"Myotis myotis","Myotis myotis",0,0,37.56667272,6.299999993,63.89999998,NA,1,NA,1,0,0,0,0.108042203,0.974888123,1.379619956,37.46463629,22.26151806,16.06259612,-11.17919717,-18.76729585,11.63824115,10.35740332,-6.13364301,2.431477397,-3.401679905,-3.504997169,2.558659793,-0.755751647,-0.502057534,-5.313461464,-2.848932505,-0.701845801
5470,"Chiroptera","Vespertilionidae","Myotis mystacinus",5.3,0.158,50,NA,8760,410.5,365,0.0416666666666667,456,456,67.273,NA,1,1,364.75,NA,53.067,NA,2864.16,0.0520547945205479,NA,NA,NA,1,2,NA,NA,100,0,0,100,0,0,0,0,0,0,0,0,0,1,3,"A",1,0,0,0,1,1920,0,1920,NA,"Occurs on mainland",NA,NA,"Palearctic",6,1,0,0,0,0,1,0,0,0,1,0,0,0,0,0,0,0,1,0,1,1,0,0,1,1,0,0,0,0,0,1,0,0,"Myotis mystacinus","Myotis mystacinus",0,0,40.46943074,5.999999995,31.00000001,NA,1,NA,0,0,0,1,0.335388048,1.184768937,1.525074202,37.71722842,18.57824711,22.07001174,-14.1020303,-18.77674672,7.062200049,4.250001522,2.883122732,-7.025851774,-7.201914141,0.927141915,-3.762286813,-1.084949906,0.346034652,-6.685289282,0.08644085,0.853639838
5471,"Chiroptera","Vespertilionidae","Myotis nattereri",7.5,0.22,50,39.35,8650.5,NA,404.639,0.0467763713080169,NA,510.066,71.208,NA,1,1,364.75,NA,60,NA,2608.994,0.0589637593202705,NA,NA,NA,1,2,NA,NA,100,0,0,100,0,0,0,0,0,0,0,0,0,1,3,"S",1,0,0,0,1,NA,NA,NA,NA,"Occurs on mainland",NA,NA,NA,NA,0,0,0,0,1,1,0,0,0,0,0,0,0,0,0,0,0,1,0,1,1,1,0,1,0,0,0,0,0,0,1,0,0,"Myotis nattereri","Myotis nattereri",0,0,31.88823547,6.4,39.35000003,NA,0,NA,0,0,0,1,0.116344666,1.032461353,1.372251336,37.88873685,20.96947791,18.51130487,-12.34593141,-19.18772203,10.53567057,8.633243981,-3.392691789,-0.648777927,-4.840540854,-2.141946979,0.556067115,-0.747509866,-0.276811756,-6.527082911,-3.46391067,0.053647906
5472,"Chiroptera","Vespertilionidae","Myotis nesopolus",3.56,0.192,60.166,31.5,4310.799,NA,309.035,0.0716885663191441,NA,386.671,78.537,NA,1.139,1.303,347.505,NA,49.938,NA,1665.981,0.0896982206778836,NA,NA,NA,1,2,NA,NA,100,0,0,100,0,0,0,0,0,0,0,0,0,1,3,"A",1,0,0,0,1,NA,NA,NA,0,"Occurs on mainland",0,0,"Neotropical",2,1,0,0,0,0,1,0,0,0,0,0,0,0,0,0,1,0,1,0,1,0,0,0,0,0,0,0,0,0,0,0,0,0,"Myotis nesopolus","Myotis nesopolus",1,0,NA,NA,31.50000002,NA,NA,NA,NA,NA,NA,NA,NA,NA,NA,38.02387476,19.53910154,21.04407517,-13.63294944,-19.35003244,9.332808021,6.719722912,0.43642227,-5.029005201,-7.064118035,-0.547662398,-1.966195867,-1.027516927,0.263580127,-8.59134812,-1.964977519,1.079018525
5473,"Chiroptera","Vespertilionidae","Myotis nigricans",4.1,0.12,57,NA,2555,98,98,0.0383561643835616,98,98,75.66,NA,1,2.75,365,1,35,3.7,810.53,0.0383561643835616,0.670731707317073,NA,NA,0,2,NA,NA,100,0,0,100,0,0,0,0,0,0,0,0,0,1,3,"A",1,0,0,0,1,NA,NA,NA,NA,"Occurs on mainland",NA,NA,"Neotropical",5,1,0,0,0,0,1,0,0,0,0,0,0,0,0,0,1,0,1,1,1,1,0,0,1,0,0,0,0,0,0,1,0,0,"Myotis nigricans","Myotis nigricans",1,1,37.80768375,6.500000005,33.65000003,1000,0,2,0,0,0,1,0.149646178,1.406252439,1.796728805,38.07834413,19.71462739,20.83440254,-13.53818306,-19.37236348,9.648009659,7.117719697,-0.08954589,-4.49913636,-6.859612992,-0.845942113,-1.526724241,-0.992450774,0.230487887,-8.641741538,-2.399803286,1.077585433
6858,"Chiroptera","Vespertilionidae","Myotis nipalensis",5.3,0.16,50,NA,8760,410.5,365,0.0416666666666667,456,464.163,62.752,NA,1,1,364.75,NA,45.605,NA,2830.14,0.0529866438356164,NA,NA,NA,1,2,NA,NA,100,0,0,NA,NA,NA,NA,NA,NA,NA,NA,NA,NA,1,3,"A",1,0,0,0,1,NA,NA,NA,NA,"Occurs on mainland",NA,NA,"Indomalayan, Palearctic",5,1,0,0,0,0,1,0,0,0,1,0,0,0,1,0,0,0,1,0,1,1,0,0,1,1,0,0,0,0,0,0,0,0,"Myotis nipalensis","Myotis nipalensis",0,0,NA,NA,NA,NA,NA,NA,NA,NA,NA,NA,NA,NA,NA,37.9848351,20.29433707,19.89733682,-13.03075975,-19.41672896,10.10787197,7.882333809,-1.773180583,-2.660992277,-6.081059671,-1.500500971,-0.577641158,-0.828243039,-0.070647586,-8.088207724,-3.473358354,0.638671255
5474,"Chiroptera","Vespertilionidae","Myotis nyctor",7.49,0.314,65.592,36.5,6402.565,NA,409.437,0.0639489017292288,NA,497.054,81.034,NA,1.089,1.018,363.694,NA,51.02,NA,2044.802,0.077633573419403,NA,NA,NA,0,2,NA,NA,100,0,0,100,0,0,0,0,0,0,0,0,0,1,3,"A",1,0,0,0,1,300,50,250,NA,"Occurs only on isolated islands",NA,NA,"Neotropical",2,1,0,0,0,0,0,0,0,1,0,0,0,0,0,0,1,0,1,0,0,0,0,0,1,0,0,0,0,0,0,0,0,0,NA,"Myotis nyctor",0,0,NA,NA,NA,NA,NA,NA,NA,NA,NA,NA,1.051260656,1.113985449,1.22784521,NA,NA,NA,NA,NA,NA,NA,NA,NA,NA,NA,NA,NA,NA,NA,NA,NA
5475,"Chiroptera","Vespertilionidae","Myotis occultus",7.8,0.283,52.7,NA,12410,227.65,245.3,0.0197663174858985,210,302.695,57.395,NA,1,1,364.75,2.07,25.5,6.79,2630.912,0.0243912167606769,0.265384615384615,NA,NA,1,2,NA,NA,100,0,0,NA,NA,NA,NA,NA,NA,NA,NA,NA,NA,1,3,"A",1,0,0,0,1,2800,NA,NA,0,"Occurs on mainland",1,0,"Nearctic, Neotropical",4,1,0,0,0,0,1,0,0,0,0,0,0,0,0,1,1,0,1,0,0,0,0,1,1,1,0,0,0,0,0,0,0,0,"Myotis occultus","Myotis occultus",0,0,35.49357755,6,NA,NA,NA,NA,NA,NA,NA,NA,0.066871258,0.299858564,0.382054627,37.99452275,20.06587047,20.30917171,-13.22847293,-19.44433346,9.982264083,7.630746967,-1.194209137,-3.339122428,-6.484579304,-1.314324348,-0.913241312,-0.864426815,0.021711598,-8.475299725,-3.215979827,0.813610555
6859,"Chiroptera","Vespertilionidae","Myotis oreias",8.41,0.22,56.887,38,7431.152,NA,458.028,0.0616362039156244,NA,546.623,73.333,NA,1.03,1.001,364.819,NA,49.308,NA,2161.309,0.0735583123585684,NA,NA,NA,1,2,NA,NA,100,0,0,100,0,0,0,0,0,0,0,0,0,1,3,"A",1,0,0,0,1,NA,NA,NA,NA,"Occurs on mainland",NA,NA,"Indomalayan",NA,1,0,0,0,0,1,0,0,0,0,0,0,0,1,0,0,0,1,0,0,0,0,0,0,1,0,0,0,0,0,0,0,0,"Myotis oreias","Myotis oreias",0,0,NA,NA,NA,NA,NA,NA,NA,NA,NA,NA,NA,NA,NA,36.79935366,24.02026783,11.82040398,-9.078292706,-17.13745798,12.71862313,12.87228981,-10.96498712,8.321316529,0.85883237,-5.464854758,6.675134018,0.296911969,-0.14148044,0.179921282,-0.918779346,-0.952343621
5476,"Chiroptera","Vespertilionidae","Myotis oxyotus",5.65,0.254,52,40,7381.88,NA,501.985,0.0680023246110747,NA,618.631,80.041,NA,0.98,1.027,364.503,NA,63.058,NA,2379.678,0.0838039903114112,NA,NA,NA,1,2,NA,NA,100,0,0,100,0,0,0,0,0,0,0,0,0,1,3,"A",1,0,0,0,1,3900,800,3100,0,"Occurs on mainland",1,0,"Neotropical",1,1,0,0,0,0,1,0,0,0,0,0,0,0,0,0,1,0,1,0,0,0,0,0,0,0,0,0,0,0,0,0,0,0,"Myotis oxyotus","Myotis oxyotus",1,0,NA,NA,39.99999997,NA,NA,NA,NA,NA,NA,NA,0.203356232,1.104167435,2.060924435,38.06996872,19.75787514,20.80374946,-13.51420976,-19.40303839,9.690475907,7.169904758,-0.192385461,-4.410822433,-6.874205371,-0.901403413,-1.472823681,-0.978126683,0.202430574,-8.690752503,-2.507405313,1.05553219
5477,"Chiroptera","Vespertilionidae","Myotis peninsularis",9.05,0.226,56.922,38.99,7882.474,NA,450.846,0.0571960021688622,NA,541.736,72.565,NA,1.039,1.003,364.66,NA,54.334,NA,2328.734,0.0687266459743476,NA,NA,NA,1,2,NA,NA,100,0,0,100,0,0,0,0,0,0,0,0,0,1,3,"A",1,0,0,0,1,2200,0,2200,NA,"Occurs on mainland",NA,NA,"Neotropical",2,1,0,0,0,0,1,0,0,0,0,0,0,0,0,0,1,0,1,0,0,0,0,0,1,0,0,0,0,0,0,0,0,0,"Myotis peninsularis","Myotis peninsularis",1,0,NA,NA,NA,NA,NA,NA,NA,NA,NA,NA,NA,NA,NA,37.26462738,22.82658063,14.66519127,-10.47400242,-18.21856835,12.10185116,11.26631147,-7.766989205,4.375251628,-2.148548938,-4.223374656,3.898124832,-0.52536712,-0.481433047,-3.856270446,-2.248605862,-0.955968205
5478,"Chiroptera","Vespertilionidae","Myotis pequinius",17.41,0.367,74.005,48.99,8128.337,NA,440.408,0.0541818086528647,NA,529.186,74.737,NA,1.05,1,364.692,NA,48.55,NA,2220.321,0.065103845965048,NA,NA,NA,1,2,NA,NA,100,0,0,100,0,0,0,0,0,0,0,0,0,1,3,"A",1,0,0,0,1,NA,NA,NA,0,"Occurs on mainland",0,0,"Palearctic",2,1,0,0,0,0,1,0,0,0,1,0,0,0,0,0,0,0,1,0,0,0,0,0,1,0,0,0,0,0,0,0,0,0,"Myotis pequinius","Myotis pequinius",0,0,29.0009,6.159999998,48.98999995,NA,NA,NA,NA,NA,NA,NA,NA,NA,NA,37.69298851,21.56765412,17.26428722,-11.73332659,-18.96495557,11.12212243,9.513102704,-4.82763903,0.982176552,-4.095121104,-2.843301386,1.555471675,-0.767174716,-0.394382126,-5.964690479,-3.15644128,-0.336895382
5479,"Chiroptera","Vespertilionidae","Myotis petax",NA,NA,NA,NA,NA,NA,NA,NA,NA,NA,NA,NA,NA,NA,NA,NA,NA,NA,NA,NA,NA,NA,NA,NA,NA,NA,NA,NA,NA,NA,NA,NA,NA,NA,NA,NA,NA,NA,NA,NA,NA,NA,NA,NA,NA,NA,NA,NA,NA,NA,NA,NA,NA,NA,NA,NA,NA,NA,NA,NA,NA,NA,NA,NA,NA,NA,0,0,0,0,0,0,0,0,1,0,0,1,1,0,1,0,0,0,0,0,0,1,0,0,"Myotis petax","Myotis petax",0,0,NA,NA,NA,NA,NA,NA,NA,NA,NA,NA,0.252779042,0.946487678,1.381209757,37.95185094,20.42198019,19.56702462,-12.87143162,-19.38110657,10.20737061,8.102867137,-2.290983901,-2.032296588,-5.700260146,-1.70547508,-0.212102961,-0.795427696,-0.142825684,-7.647542504,-3.585773384,0.452221301
5480,"Chiroptera","Vespertilionidae","Myotis peytoni",5.3,0.17,50,43,8760,410.5,365,0.0416666666666667,456,481.895,67.869,NA,1,1,364.75,NA,46.814,NA,2631.061,0.0550108447488584,NA,NA,NA,1,2,NA,NA,100,0,0,100,0,0,0,0,0,0,0,0,0,1,3,"A",1,0,0,0,1,1052,0,1052,NA,NA,NA,NA,"Indomalayan",1,1,0,0,0,0,NA,NA,NA,NA,0,0,0,0,1,0,0,0,1,0,0,0,0,0,0,0,0,0,0,0,0,0,0,0,"Myotis montivagus","Myotis peytoni",1,0,NA,NA,NA,NA,NA,NA,NA,NA,NA,NA,NA,NA,NA,37.40818047,22.39110326,15.71320344,-11.00237026,-18.65953754,11.8001171,10.62283729,-6.560179348,2.903198101,-3.188294316,-3.738598232,2.904361096,-0.729837023,-0.50633524,-5.161705047,-2.730360028,-0.782066496
5483,"Chiroptera","Vespertilionidae","Myotis pilosus",26.19,0.524,81.058,56.49,7058.679,NA,374.762,0.0530923703996173,NA,435.558,75.658,NA,1.115,1.011,364.351,NA,47.876,NA,1825,0.0617053134162922,NA,NA,NA,1,2,NA,NA,100,0,0,100,0,0,0,0,0,0,0,0,0,1,3,"A",1,0,0,0,1,NA,NA,NA,NA,"Occurs on mainland",NA,NA,"Indomalayan, Palearctic",2,1,0,0,0,0,1,0,0,0,1,0,0,0,1,0,0,0,1,0,0,0,1,0,0,0,0,0,0,0,0,0,0,0,"Myotis pilosus","Myotis pilosus",1,0,31.23895226,7.895238095,NA,NA,NA,NA,NA,NA,NA,NA,1.180659032,1.606393047,1.734902933,37.9563006,20.45387779,19.51330793,-12.84598123,-19.37394368,10.23078685,8.141461291,-2.36605244,-1.936801581,-5.614227067,-1.707907361,-0.181715046,-0.785970164,-0.151000012,-7.572136817,-3.590495254,0.43195949
5484,"Chiroptera","Vespertilionidae","Myotis planiceps",2.99,0.222,60.931,26.5,4996.879,NA,368.028,0.0736515733120614,NA,435.621,80.24,NA,1.121,1.163,357.645,NA,59.322,NA,1797.922,0.0871786168926644,NA,NA,NA,1,2,NA,NA,100,0,0,100,0,0,0,0,0,0,0,0,0,1,3,"A",1,0,0,0,1,3200,2100,1100,0,"Occurs on mainland",0,0,"Neotropical",1,1,0,0,0,0,1,0,0,0,0,0,0,0,0,0,1,0,1,0,0,0,0,0,1,0,0,0,0,0,0,0,0,0,"Myotis planiceps","Myotis planiceps",0,0,NA,NA,26.96666667,NA,NA,NA,0,0,0,1,0.288534159,0.288534159,0.288534159,37.82224526,21.21303238,18.03780943,-12.11796721,-19.10791709,10.76939228,8.994359545,-3.996737195,0.046117593,-4.489183036,-2.405350532,0.952840716,-0.762201813,-0.335208099,-6.247661915,-3.333597285,-0.117267844
5485,"Chiroptera","Vespertilionidae","Myotis pruinosus",4.91,0.198,56.648,31.5,7296.899,NA,426.542,0.0584552424255838,NA,509.623,75.499,NA,1.052,1.004,364.719,NA,51.993,NA,2148.48,0.0698410379532456,NA,NA,NA,1,2,NA,NA,100,0,0,100,0,0,0,0,0,0,0,0,0,1,3,"A",1,0,0,0,1,NA,200,NA,1,"Occurs only on isolated islands",0,0,"Palearctic",1,1,0,0,0,0,0,0,0,1,1,0,0,0,0,0,0,0,1,0,0,0,0,0,1,0,0,0,0,0,0,0,0,0,"Myotis pruinosus","Myotis pruinosus",0,0,NA,NA,31.50000002,NA,NA,NA,0,1,0,0,NA,NA,NA,37.27552272,22.71581707,14.87461237,-10.57644748,-18.29832822,12.04197851,11.14192466,-7.531990728,4.078517872,-2.398801392,-4.15831916,3.717536407,-0.577772021,-0.488875061,-4.182156535,-2.347817883,-0.925986231
5486,"Chiroptera","Vespertilionidae","Myotis punicus",24.705,0.528,76,NA,12045,461.455,420.91,0.0349447903694479,502,489.91,69,NA,1,1,364.75,5.95,41.995,23.1,2610.668,0.0406733084267331,0.240841934831006,NA,NA,1,2,NA,NA,100,0,0,NA,NA,NA,NA,NA,NA,NA,NA,NA,NA,1,3,"A",1,0,0,0,1,NA,NA,NA,NA,"Occurs on mainland",NA,NA,"Palearctic",5,1,0,0,0,0,1,0,0,0,1,0,0,0,0,0,0,0,1,0,1,1,1,0,1,0,0,0,0,0,0,1,1,0,"Myotis punicus","Myotis punicus",0,0,NA,NA,NA,250.4999999,NA,NA,0,0,0,1,0.094851469,0.385593258,0.662690786,37.58477719,21.90136892,16.73066001,-11.49259604,-18.86916405,11.35523712,9.908932563,-5.441986358,1.657756017,-3.794184581,-3.170534875,2.037522592,-0.781681867,-0.456197472,-5.693108149,-3.006760377,-0.514557637
5487,"Chiroptera","Vespertilionidae","Myotis ridleyi",4.06,0.161,52.742,30,6463.228,NA,365.932,0.0566175291974846,NA,417.722,70.332,NA,1.105,1.043,364.738,NA,48.583,NA,1825,0.0646305530301577,NA,NA,NA,1,2,NA,NA,100,0,0,100,0,0,0,0,0,0,0,0,0,1,3,"A",1,0,0,0,1,1000,0,1000,1,"Occurs on mainland",1,0,"Indomalayan",3,1,0,0,0,0,1,0,0,0,0,0,0,0,1,0,0,0,1,0,0,0,1,0,1,0,0,0,0,0,0,0,0,0,"Myotis ridleyi","Myotis ridleyi",1,0,35.33448584,5.651,30.00000002,NA,NA,NA,0,0,0,1,2.438399711,2.438399711,2.438399711,36.74811927,24.13718705,11.32480999,-8.804495672,-16.84918898,12.81004984,13.09642606,-11.45210474,8.977138453,1.435514329,-5.602815855,7.081267135,0.437609548,-0.095577048,0.912356095,-0.821387274,-0.892016069
5488,"Chiroptera","Vespertilionidae","Myotis riparius",6.335,0.173,54,34.99,6901.988,NA,458.655,0.0664525930789796,NA,554.689,71.993,NA,0.98,1.027,364.522,NA,52.118,NA,2247.414,0.0803665552591514,NA,NA,NA,1,2,NA,NA,100,0,0,100,0,0,0,0,0,0,0,0,0,1,3,"A",1,0,0,0,1,NA,NA,NA,0,"Occurs on mainland",1,0,"Neotropical",1,1,0,0,0,0,1,0,0,0,0,0,0,0,0,0,1,0,1,0,0,0,0,0,0,0,0,0,0,0,0,0,0,0,"Myotis riparius","Myotis riparius",1,0,NA,NA,35.5,NA,NA,NA,NA,NA,NA,NA,0.190993283,1.669825736,2.545315488,38.06669739,19.80448844,20.76326186,-13.47612881,-19.41690503,9.771589249,7.25843409,-0.347550278,-4.239920773,-6.803004232,-0.965935549,-1.372999065,-0.933060553,0.172613265,-8.658414789,-2.62832276,1.025054312
5489,"Chiroptera","Vespertilionidae","Myotis rosseti",3.29,0.182,58.625,29,5343.31,NA,353.437,0.0661457036930292,NA,422.257,81.027,NA,1.187,1.227,352.745,NA,49.544,NA,1811.316,0.0790253606846692,NA,NA,NA,1,2,NA,NA,100,0,0,100,0,0,0,0,0,0,0,0,0,1,3,"A",1,0,0,0,1,500,0,500,0,"Occurs on mainland",0,0,"Indomalayan",1,1,0,0,0,0,1,0,0,0,0,0,0,0,1,0,0,0,1,0,0,1,0,0,0,0,0,0,0,0,0,1,0,0,"Myotis rosseti","Myotis rosseti",1,0,NA,NA,29.00000001,NA,NA,NA,NA,NA,NA,NA,1.53233086,1.598013251,1.709862286,36.76737177,24.08215291,11.45273795,-8.866852553,-16.90144037,12.79313755,13.03216717,-11.30857289,8.782756604,1.228621873,-5.597647577,6.98808533,0.380665395,-0.11985812,0.63092304,-0.897151324,-0.917678446
5490,"Chiroptera","Vespertilionidae","Myotis ruber",4.99,0.229,57.147,40,6418.285,NA,421.462,0.0656658281768416,NA,498.081,77.35,NA,1.063,1.005,364.355,NA,54.661,NA,2040.455,0.0776034407945425,NA,NA,NA,1,2,NA,NA,100,0,0,100,0,0,0,0,0,0,0,0,0,1,3,"A",1,0,0,0,1,NA,NA,NA,0,"Occurs on mainland",1,0,"Neotropical",1,1,0,0,0,0,1,0,0,0,0,0,0,0,0,0,1,0,1,0,0,0,0,0,0,0,0,0,0,0,0,0,0,0,"Myotis ruber","Myotis ruber",1,0,NA,NA,39.99999997,NA,NA,NA,NA,NA,NA,NA,0.726295215,0.860948622,1.000977183,38.06931387,19.79012977,20.77894504,-13.48030158,-19.39931324,9.750027097,7.222995941,-0.289068001,-4.293158931,-6.814621902,-0.942104123,-1.400738693,-0.930292329,0.181237116,-8.648711812,-2.586210122,1.03546904
5491,"Chiroptera","Vespertilionidae","Myotis rufoniger",NA,NA,NA,NA,NA,NA,NA,NA,NA,NA,NA,NA,NA,NA,NA,NA,NA,NA,NA,NA,NA,NA,NA,NA,NA,NA,NA,NA,NA,NA,NA,NA,NA,NA,NA,NA,NA,NA,NA,NA,NA,NA,NA,NA,NA,NA,NA,NA,NA,NA,NA,NA,NA,NA,NA,NA,NA,NA,NA,NA,NA,NA,NA,NA,NA,NA,0,0,0,0,0,0,0,0,1,0,0,0,0,0,1,0,0,0,0,0,0,0,0,0,NA,"Myotis rufoniger",1,0,NA,NA,NA,NA,NA,NA,NA,NA,NA,NA,0.751765514,2.206231598,3.289399738,NA,NA,NA,NA,NA,NA,NA,NA,NA,NA,NA,NA,NA,NA,NA,NA,NA
5492,"Chiroptera","Vespertilionidae","Myotis rufopictus",17,0.379,76.85,48.99,7907.294,NA,485.516,0.0614010304915942,NA,568.185,77.568,NA,1.071,1.002,364.457,NA,49.69,NA,2227.513,0.0718558080678422,NA,NA,NA,1,2,NA,NA,100,0,0,100,0,0,0,0,0,0,0,0,0,1,3,"A",1,0,0,0,1,1465,0,1465,NA,"Occurs only on isolated islands",NA,NA,"Indomalayan",1,1,0,0,0,0,0,0,0,1,0,0,0,0,1,0,0,0,1,0,0,1,0,0,0,0,0,0,0,0,0,1,0,0,"Myotis rufopictus","Myotis rufopictus",1,0,NA,NA,NA,NA,NA,NA,NA,NA,NA,NA,1.501434026,1.569387768,1.610160013,37.7097405,18.54207139,22.13822535,-14.1350889,-18.76332602,6.966349492,4.15058317,2.963603077,-7.07834125,-7.183882287,0.980743438,-3.818440452,-1.080624764,0.346136266,-6.576401924,0.19527694,0.830169512
5493,"Chiroptera","Vespertilionidae","Myotis schaubi",11.99,0.237,57.607,43,8775.905,NA,463.3,0.0527922761242288,NA,565.296,70.006,NA,1.043,1,364.777,NA,46.333,NA,2413.938,0.0644145532569006,NA,NA,NA,1,2,NA,NA,100,0,0,100,0,0,0,0,0,0,0,0,0,1,3,"A",1,0,0,0,1,NA,NA,NA,0,"Occurs on mainland",1,0,"Palearctic",4,1,0,0,0,0,1,0,0,0,1,0,0,0,0,0,0,0,1,0,1,1,0,0,1,0,0,0,0,0,0,1,0,0,"Myotis schaubi","Myotis schaubi",1,0,NA,NA,43.00000004,NA,NA,NA,NA,NA,NA,NA,NA,NA,NA,37.77861013,21.29862465,17.78175289,-11.98522048,-19.02998222,10.89021724,9.178808615,-4.288335304,0.359789308,-4.38544657,-2.571728972,1.165839157,-0.771189145,-0.350933747,-6.204826459,-3.253664962,-0.188558144
5494,"Chiroptera","Vespertilionidae","Myotis scotti",8.72,0.236,61.45,38.49,6987.701,NA,437.914,0.0626692527341968,NA,524.449,76.399,NA,1.061,1.004,364.604,NA,50.238,NA,2075.974,0.07505315410605,NA,NA,NA,1,2,NA,NA,100,0,0,100,0,0,0,0,0,0,0,0,0,1,3,"A",1,0,0,0,1,2500,1300,1200,0,"Occurs on mainland",1,0,"Afrotropical",1,1,0,0,0,0,1,0,0,0,0,1,0,0,0,0,0,0,1,0,1,0,0,0,0,0,0,0,0,0,0,0,0,0,"Myotis scotti","Myotis scotti",1,0,NA,NA,38.48999999,NA,NA,NA,NA,NA,NA,NA,1.052416729,1.052416729,1.052416729,38.01088827,19.98010613,20.44708145,-13.30388231,-19.43695746,9.907722328,7.50946893,-0.927522902,-3.633496231,-6.614554185,-1.215911519,-1.054471298,-0.893156961,0.065411178,-8.591006554,-3.063480472,0.888670644
5495,"Chiroptera","Vespertilionidae","Myotis secundus",NA,NA,NA,NA,NA,NA,NA,NA,NA,NA,NA,NA,NA,NA,NA,NA,NA,NA,NA,NA,NA,NA,NA,NA,NA,NA,NA,NA,NA,NA,NA,NA,NA,NA,NA,NA,NA,NA,NA,NA,NA,NA,NA,NA,0,0,0,1,2600,40,2560,NA,NA,NA,NA,"Indomalayan",NA,NA,NA,NA,NA,NA,NA,NA,NA,NA,0,0,0,0,1,0,0,0,1,0,0,0,0,0,0,0,0,0,0,0,0,0,0,0,"Myotis secundus","Myotis secundus",0,0,NA,NA,NA,NA,NA,NA,NA,NA,NA,NA,1.957553739,2.193843899,2.382876026,37.35286588,22.57681413,15.31644917,-10.80753095,-18.50839177,11.90237609,10.85192148,-6.993425299,3.425787435,-2.830313252,-3.918405642,3.262330693,-0.666028045,-0.506255751,-4.669912492,-2.544738038,-0.859769283
5496,"Chiroptera","Vespertilionidae","Myotis septentrionalis",6,0.164,53.911,NA,6935,365.28,365.28,0.0526719538572459,365.28,415.28,50,NA,1,1,364.75,NA,35,NA,1962.826,0.0598817591925018,NA,NA,NA,1,2,NA,NA,100,0,0,NA,NA,NA,NA,NA,NA,NA,NA,NA,NA,1,3,"A",1,0,0,0,1,NA,NA,NA,NA,"Occurs on mainland",NA,NA,"Nearctic",2,1,0,0,0,0,1,0,0,0,0,0,0,0,0,1,0,0,1,0,0,0,0,0,1,0,0,0,0,0,0,0,0,0,"Myotis septentrionalis","Myotis septentrionalis",0,0,33.55879621,5.261428571,36.40000003,NA,1,1,0,0,0,1,0.296139096,0.661382117,0.697466557,37.7851515,18.74881667,21.94479628,-14.06128022,-18.94262727,7.532942355,4.752937533,2.447352835,-6.734618499,-7.294353476,0.644713101,-3.477415844,-1.108319262,0.346397941,-7.284683504,-0.334183737,0.933179598
5497,"Chiroptera","Vespertilionidae","Myotis sibiricus",NA,NA,NA,NA,NA,NA,NA,NA,NA,NA,NA,NA,NA,NA,NA,NA,NA,NA,NA,NA,NA,NA,NA,NA,NA,NA,NA,NA,NA,NA,NA,NA,NA,NA,NA,NA,NA,NA,NA,NA,NA,NA,NA,NA,NA,NA,NA,NA,NA,NA,NA,NA,NA,NA,NA,NA,NA,NA,NA,NA,NA,NA,NA,NA,NA,NA,0,0,0,0,0,0,0,0,1,1,0,1,0,1,1,0,0,0,0,0,0,1,0,0,NA,"Myotis sibiricus",0,1,NA,NA,NA,NA,NA,NA,NA,NA,NA,NA,0.333231421,0.675768644,0.813539987,NA,NA,NA,NA,NA,NA,NA,NA,NA,NA,NA,NA,NA,NA,NA,NA,NA
5498,"Chiroptera","Vespertilionidae","Myotis sicarius",20.09,0.362,75.286,51.5,8175.121,NA,438.49,0.0536371265942119,NA,510.771,72.088,NA,1.039,1.002,364.615,NA,47.76,NA,2160.374,0.062478708266214,NA,NA,NA,1,2,NA,NA,100,0,0,100,0,0,0,0,0,0,0,0,0,1,3,"A",1,0,0,0,1,1350,NA,NA,0,"Occurs on mainland",0,0,"Indomalayan",2,1,0,0,0,0,1,0,0,0,0,0,0,0,1,0,0,0,1,0,0,0,0,0,1,0,0,0,0,0,0,0,0,0,"Myotis sicarius","Myotis sicarius",1,0,NA,NA,51.5,NA,0,NA,NA,NA,NA,NA,NA,NA,NA,37.89034436,20.95536446,18.5574323,-12.37077132,-19.20870977,10.52293356,8.60456543,-3.322259231,-0.744215022,-4.910686147,-2.108758057,0.488012106,-0.758299236,-0.271228846,-6.641452658,-3.491931783,0.084341719
5499,"Chiroptera","Vespertilionidae","Myotis siligorensis",2.93,0.103,52.402,32.99,6464.065,NA,439.068,0.0679244407350483,NA,524.655,78.299,NA,0.98,1.128,361.438,NA,57.879,NA,2188.033,0.0811648707121602,NA,NA,NA,1,2,NA,NA,100,0,0,100,0,0,0,0,0,0,0,0,0,1,3,"A",1,0,0,0,1,2770,914,1856,0,"Occurs on mainland",1,0,"Indomalayan",2,1,0,0,0,0,1,0,0,0,0,0,0,0,1,0,0,0,1,0,0,1,0,0,1,0,0,0,0,0,0,1,0,0,"Myotis siligorensis","Myotis siligorensis",1,0,31.78487279,5.510000002,32.99000003,NA,NA,NA,NA,NA,NA,NA,0.62454382,1.495536959,1.745512703,36.94141295,23.54008633,13.01296109,-9.677511911,-17.63248071,12.4848175,12.25692524,-9.681575905,6.692930958,-0.46333347,-5.021699366,5.58190485,-0.06727224,-0.302179498,-1.630987779,-1.460208169,-1.039965907
5500,"Chiroptera","Vespertilionidae","Myotis simus",8.1,0.287,63.415,37.5,8636.605,NA,576.6,0.066762344694472,NA,680.147,80.786,NA,0.98,1.025,365.019,NA,57.004,NA,2546.355,0.0787516622561759,NA,NA,NA,1,2,NA,NA,100,0,0,100,0,0,0,0,0,0,0,0,0,1,3,"A",1,0,0,0,1,NA,NA,NA,0,"Occurs on mainland",0,0,"Neotropical",1,1,0,0,0,0,1,0,0,0,0,0,0,0,0,0,1,0,1,0,0,0,0,0,0,0,0,0,0,0,0,0,0,0,"Myotis simus","Myotis simus",1,0,NA,NA,37.50000002,NA,NA,2,0,0,0,1,0.25527192,1.221912888,1.45445828,38.05493579,19.85008488,20.69933432,-13.42139251,-19.40893724,9.83627267,7.331620302,-0.504469517,-4.058322453,-6.721159629,-1.024292849,-1.282412059,-0.884171745,0.139829756,-8.653979342,-2.787838129,0.993649077
5501,"Chiroptera","Vespertilionidae","Myotis sodalis",7.425,0.229,55.215,38.49,7300,356.56,356.56,0.0488438356164384,NA,435.466,67.447,NA,0.995,1,364.7,4.53,46.07,NA,1906.413,0.0596528767123288,0.607050505050505,NA,NA,1,2,NA,NA,100,0,0,100,0,0,0,0,0,0,0,0,0,1,3,"A",1,0,0,0,1,1746,0,1746,0,"Occurs on mainland",0,1,"Nearctic",1,1,0,0,0,0,1,0,0,0,0,0,0,0,0,1,0,0,1,0,0,0,0,0,1,0,0,0,0,0,0,0,0,0,"Myotis sodalis","Myotis sodalis",0,0,34.30918374,5.400000002,37.97500004,NA,1,7,0,0,0,1,0.650250006,1.053672261,1.447027386,37.74127453,18.64973695,21.99179747,-14.07006806,-18.83356534,7.253557757,4.452319524,2.710725174,-6.905958724,-7.218382424,0.828567254,-3.656087566,-1.090379484,0.345695633,-6.874262742,-0.08526283,0.88862899
5502,"Chiroptera","Vespertilionidae","Myotis soror",7.54,0.685,82.57,38.49,10046.931,730,730,0.0726590040281953,NA,730,99.355,NA,1,1.005,366.041,NA,59.416,NA,2873.438,0.0726590040281953,NA,NA,NA,1,2,NA,NA,100,0,0,100,0,0,0,0,0,0,0,0,0,1,3,"A",1,0,0,0,1,2600,2100,500,NA,NA,NA,NA,"Indomalayan",1,1,0,0,0,0,NA,NA,NA,NA,0,0,0,0,1,0,0,0,1,0,0,0,0,0,0,0,0,0,0,0,0,0,0,0,"Myotis soror","Myotis soror",0,0,NA,NA,NA,NA,NA,NA,NA,NA,NA,NA,NA,NA,NA,37.07357147,23.25752313,13.79582236,-10.07512534,-17.9940977,12.28857652,11.76411578,-8.703372725,5.476249775,-1.393510556,-4.631217777,4.708601602,-0.322253916,-0.402867264,-2.941456403,-1.849190125,-1.041885007
5503,"Chiroptera","Vespertilionidae","Myotis stalkeri",16.43,0.615,84.413,48,7951.915,NA,527.123,0.0662888121917802,NA,638.317,106.73,NA,1,1.008,362.929,NA,60.055,NA,2346.977,0.0802721105545016,NA,NA,NA,0,2,NA,NA,100,0,0,100,0,0,0,0,0,0,0,0,0,1,3,"A",1,0,0,0,1,250,0,250,1,"Occurs only on isolated islands",0,0,"Australasian",3,1,0,0,0,0,0,0,0,1,0,0,0,1,0,0,0,0,1,0,0,0,1,0,1,0,0,0,0,0,0,0,0,0,"Myotis stalkeri","Myotis stalkeri",1,0,NA,NA,NA,NA,NA,NA,NA,NA,NA,NA,NA,NA,NA,37.95523357,20.41189861,19.60021094,-12.88800146,-19.38202616,10.1754379,8.055226317,-2.211833372,-2.124021816,-5.757950291,-1.67781155,-0.263899559,-0.802732506,-0.136136103,-7.697225868,-3.575551042,0.474812477
5504,"Chiroptera","Vespertilionidae","Myotis thysanodes",6.5,0.168,54.195,43.39,6679.5,NA,342.19,0.0512298824762333,NA,419.747,55,NA,1,1,364.75,1.32,21,6.32,2049.187,0.0628410809192305,0.203076923076923,NA,NA,1,2,NA,NA,100,0,0,100,0,0,0,0,0,0,0,0,0,1,3,"A",1,0,0,0,1,2850,NA,NA,0,"Occurs on mainland",1,0,"Nearctic, Neotropical",5,1,0,0,0,0,1,0,0,0,0,0,0,0,0,1,1,0,1,0,0,1,0,1,1,1,0,0,0,0,0,1,0,0,"Myotis thysanodes","Myotis thysanodes",0,0,30.49991255,6.1,43.38999999,250.0000002,1,NA,0,0,0,1,0.016584204,0.297953966,0.33155552,37.89511279,19.0713304,21.56186097,-13.89305833,-19.10343377,8.298079745,5.584089085,1.664648707,-6.120932477,-7.276436972,0.16914223,-2.912779322,-1.111664681,0.330975533,-7.986340944,-1.09130064,1.035984778
5505,"Chiroptera","Vespertilionidae","Myotis tricolor",13.67,0.259,74.624,49.5,2934.77,157.84,157.84,0.0537827495851464,NA,235.27,77.43,NA,0.99,1,346.914,NA,41.88,NA,1282.037,0.0801664184927609,NA,NA,NA,1,2,NA,NA,100,0,0,100,0,0,0,0,0,0,0,0,0,1,3,"A",1,0,0,0,1,NA,0,NA,0,"Occurs on mainland",1,0,"Afrotropical",2,1,0,0,0,0,1,0,0,0,0,1,0,0,0,0,0,0,1,1,1,0,0,0,0,0,0,0,0,0,0,0,0,0,"Myotis tricolor","Myotis tricolor",0,1,32.54172157,6.199999993,46.54999997,NA,0,NA,0,0,0,1,0.272393892,0.702217754,0.848626366,37.99552838,20.03914054,20.33857728,-13.25886021,-19.45849442,9.947551039,7.604274114,-1.134578353,-3.419759355,-6.524839814,-1.282117711,-0.962109264,-0.899672855,0.029216894,-8.547960615,-3.193911685,0.834862948
5507,"Chiroptera","Vespertilionidae","Myotis velifer",10.995,0.2,65,41.99,4135.45,420.91,392.955,0.0950210980667158,365,485.295,64.385,NA,0.995,1,364.75,3.145,43,8.59,1579.595,0.11734998609583,0.284608913142337,NA,NA,1,2,NA,NA,100,0,0,100,0,0,0,0,0,0,0,0,0,1,3,"A",1,0,0,0,1,3300,NA,NA,0,"Occurs on mainland",1,0,"Nearctic, Neotropical",3,1,0,0,0,0,1,0,0,0,0,0,0,0,0,1,1,0,1,0,0,1,0,0,1,0,0,0,0,0,0,1,0,0,"Myotis velifer","Myotis velifer",0,0,30.17588982,6.199999993,41.99000004,3499.999997,0,2,0,0,0,1,0.028620191,0.399600674,0.551609141,37.90893855,19.2059883,21.3604161,-13.79632111,-19.2030112,8.550407462,5.840485354,1.416593172,-5.916475538,-7.265594512,0.027111284,-2.744038637,-1.101357336,0.320986344,-8.156670131,-1.250745308,1.05609192
5508,"Chiroptera","Vespertilionidae","Myotis vivesi",25,0.534,85.849,60.99,3650,NA,303.708,0.0832076712328767,NA,382.701,86.993,NA,1,1.903,273.238,2.82,53.321,NA,1520.475,0.104849589041096,0.2146584,NA,NA,0,2,NA,NA,80,20,0,80,0,0,20,0,0,0,0,0,0,2,3,"G",1,0,0,0,1,200,0,200,0,"Occurs on mainland",0,0,"Nearctic",2,0,0,1,0,0,1,0,0,0,0,0,0,0,0,1,0,0,0,0,0,0,0,1,1,0,0,0,0,0,0,0,0,0,"Myotis vivesi","Myotis vivesi",0,0,30.77956704,7.4,60.99,NA,NA,NA,NA,NA,NA,NA,0.025956283,0.101400227,0.139800182,37.96781375,19.39984355,21.17297797,-13.68665798,-19.29235656,9.021532546,6.356235189,0.851024803,-5.419862969,-7.189714316,-0.313391777,-2.294351475,-1.051919685,0.276585815,-8.481080696,-1.695582432,1.075303521
5509,"Chiroptera","Vespertilionidae","Myotis volans",7.855,0.195,55.955,37.5,7665,243.59,197.795,0.0258049575994781,NA,243.59,67.684,NA,0.995,1,364.75,2.01,38.74,NA,1509.305,0.0317795172863666,0.254608529598982,NA,NA,1,2,NA,NA,100,0,0,100,0,0,0,0,0,0,0,0,0,1,3,"A",1,0,0,0,1,NA,NA,NA,0,"Occurs on mainland",1,0,"Nearctic",4,1,0,0,0,0,1,0,0,0,0,0,0,0,0,1,0,0,1,0,0,0,0,1,1,1,0,0,0,0,0,0,0,0,"Myotis volans","Myotis volans",0,0,38.02480357,6.220000004,37.50000002,NA,1,NA,0,0,0,1,0.070498915,0.335773249,0.406365533,37.72639365,18.61584739,22.01179158,-14.07580195,-18.80459636,7.164353795,4.352697134,2.808726075,-6.983873637,-7.222138241,0.88526381,-3.721793516,-1.089779024,0.345531579,-6.783045846,-0.01193547,0.873996496
5510,"Chiroptera","Vespertilionidae","Myotis weberi",7.07,0.246,58.562,48.99,7061.294,NA,429.276,0.06079282352498,NA,520.985,73.34,NA,1.041,1.003,364.844,NA,49.013,NA,2111.649,0.0737803864277567,NA,NA,NA,1,2,NA,NA,100,0,0,100,0,0,0,0,0,0,0,0,0,1,3,"A",1,0,0,0,1,NA,NA,NA,NA,NA,NA,NA,NA,NA,1,0,0,0,0,NA,NA,NA,NA,0,0,0,0,0,0,0,0,0,0,0,0,0,0,0,0,0,0,0,0,0,0,0,0,"Myotis formosus","Myotis weberi",0,0,NA,NA,NA,NA,NA,NA,NA,NA,NA,NA,NA,NA,NA,38.04115325,19.89033009,20.6117292,-13.38276572,-19.41564806,9.858918689,7.390816396,-0.637223842,-3.929420144,-6.695476572,-1.08826493,-1.209179429,-0.893591082,0.11932962,-8.649001305,-2.868638523,0.966674102
5511,"Chiroptera","Vespertilionidae","Myotis welwitschii",15.88,0.417,72.062,57.83,7622.139,NA,444.287,0.0582890183451128,NA,532.178,76.348,NA,1.033,1,364.498,NA,49.004,NA,2160.193,0.0698200334577997,NA,NA,NA,1,2,NA,NA,100,0,0,100,0,0,0,0,0,0,0,0,0,1,3,"A",1,0,0,0,1,NA,0,NA,0,"Occurs on mainland",1,0,"Afrotropical",4,1,0,0,0,0,1,0,0,0,0,1,0,0,0,0,0,0,1,1,1,1,0,0,0,0,0,0,0,0,0,1,0,0,"Myotis welwitschii","Myotis welwitschii",1,1,0.002868364,5.702681992,57.82999996,1.5,NA,0,0,0,0,1,0.667673072,0.895538802,0.938537021,38.02321316,19.92767227,20.53939869,-13.35460241,-19.43911847,9.873706867,7.445382613,-0.769033297,-3.809244625,-6.683953512,-1.145484632,-1.153429889,-0.909491996,0.094184839,-8.668805409,-2.960664306,0.933116405
5512,"Chiroptera","Vespertilionidae","Myotis yanbarensis",4.3,0.179,54.022,NA,7060.314,NA,417.666,0.059156859029216,NA,491.379,75.197,NA,1.081,1.021,364.621,NA,51.261,NA,2050.938,0.069597329523871,NA,NA,NA,1,2,NA,NA,100,0,0,NA,NA,NA,NA,NA,NA,NA,NA,NA,NA,1,3,"A",1,0,0,0,1,NA,NA,NA,NA,"Occurs only on isolated islands",NA,NA,"Indomalayan",1,1,0,0,0,0,0,0,0,1,0,0,0,0,1,0,0,0,1,0,0,0,0,0,0,0,0,0,0,0,0,0,0,0,"Myotis yanbarensis","Myotis yanbarensis",0,0,NA,NA,NA,NA,NA,NA,NA,NA,NA,NA,NA,NA,NA,37.36842815,22.49356468,15.51423523,-10.90967436,-18.60094528,11.83664721,10.72449978,-6.759771683,3.138146901,-3.04441824,-3.836635738,3.080615869,-0.705171415,-0.507964793,-4.954296391,-2.637687196,-0.830071195
5513,"Chiroptera","Vespertilionidae","Myotis yumanensis",5.9,0.13,53.746,35.05,5110,365.25,365.25,0.0714774951076321,365.25,402.335,62.12,NA,1,1,364.75,0.79,45.748,NA,1793.631,0.0787348336594912,0.133898305084746,NA,NA,1,2,NA,NA,100,0,0,100,0,0,0,0,0,0,0,0,0,1,3,"A",1,0,0,0,1,3350,NA,NA,0,"Occurs on mainland",1,0,"Nearctic",2,1,0,0,0,0,1,0,0,0,0,0,0,0,0,1,0,0,1,0,0,0,0,0,1,0,0,0,0,0,0,0,0,0,"Myotis yumanensis","Myotis yumanensis",0,0,45.02221126,6.299999993,35.04999998,NA,0,NA,0,0,0,1,0.034838765,0.305185522,0.391814996,37.94257663,19.32580549,21.26624871,-13.72907716,-19.25567726,8.782067021,6.072785031,1.176592806,-5.720640315,-7.253382189,-0.101408235,-2.572918902,-1.067705258,0.283466493,-8.32534498,-1.460987328,1.067577699
4893,"Chiroptera","Mystacinidae","Mystacina robusta",24.25,0.585,80.504,44.19,2774,NA,321.47,0.115886806056236,NA,379.542,107.723,NA,1,1,324.285,3.2,55.945,NA,1314.135,0.136821196827686,0.131958762886598,NA,NA,1,2,NA,NA,20,0,80,NA,NA,NA,NA,NA,NA,NA,NA,NA,NA,3,2,"G",1,0,0,0,1,NA,NA,NA,NA,"Occurs only on isolated islands",NA,NA,"Australasian",2,0,0,1,0,0,0,0,0,1,0,0,0,1,0,0,0,0,1,0,0,0,0,0,1,0,0,0,0,0,0,0,0,0,"Mystacina robusta","Mystacina robusta",0,0,69.54981962,9.2,44.19,NA,NA,NA,NA,NA,NA,NA,NA,NA,NA,-27.08396529,-23.39455086,-26.85991622,-26.38979459,-9.684010293,-27.46252646,20.67069218,-12.97474107,-19.74416236,3.473576051,5.166141544,8.161303055,23.63132353,8.048858711,-2.34253309,-0.180734315,-0.673358102
4894,"Chiroptera","Mystacinidae","Mystacina tuberculata",15,0.47,74.362,42.5,2774,NA,328.811,0.118533165104542,NA,379.452,106.602,NA,1,1,336.547,3.2,56.806,NA,1288.678,0.136788752703677,0.213333333333333,NA,NA,1,2,NA,NA,89,0,11,NA,NA,NA,NA,NA,NA,NA,NA,NA,NA,1,2,"G",1,0,0,0,1,NA,NA,NA,1,"Occurs only on isolated islands",0,0,"Australasian",1,0,0,1,0,0,0,0,0,1,0,0,0,1,0,0,0,0,1,0,1,1,0,0,1,0,0,0,0,0,0,1,0,0,"Mystacina tuberculata","Mystacina tuberculata",0,0,51.65676305,7,42.5,NA,NA,NA,0,1,0,0,2.793399073,3.08525884,3.260374701,-29.52586272,-22.16168397,-26.83712486,-27.68456294,-9.081967835,-27.26663572,21.29780109,-12.24831758,-19.92418728,4.055075801,5.23197032,8.840369069,22.96728125,6.327016002,-2.559628331,0.154539948,-2.164659691
4856,"Chiroptera","Myzopodidae","Myzopoda aurita",9.1,0.949,91.5,48,5044.909,NA,411.378,0.0815431953282012,NA,505.144,104.53,NA,1.032,1.053,360.484,NA,55.479,NA,1879.095,0.100129457240953,NA,NA,NA,0,2,NA,NA,100,0,0,NA,NA,NA,NA,NA,NA,NA,NA,NA,NA,1,3,"A",1,0,0,0,1,900,5,895,1,"Occurs only on isolated islands",0,0,"Afrotropical",4,1,0,0,0,0,0,0,0,1,0,1,0,0,0,0,0,0,1,0,0,1,1,0,1,0,0,0,0,0,0,1,0,0,"Myzopoda aurita","Myzopoda aurita",1,0,NA,NA,47.99999996,30.00000002,NA,NA,0,0,1,0,1.226568068,1.65877981,1.694902261,-31.13440648,-21.24708788,-26.7169518,-28.56188562,-8.532703469,-27.03580776,21.81009152,-11.60274562,-20.18125004,4.552597298,5.364423911,9.460281897,22.39205289,4.962128205,-2.696819593,0.288362527,-3.402643791
4857,"Chiroptera","Myzopodidae","Myzopoda schliemanni",9.1,1.234,75.873,NA,4628.813,NA,409.081,0.0883770850107792,NA,495.764,113.175,NA,1.032,1.17,343.9,NA,62.591,NA,1805.035,0.107103916273999,NA,NA,NA,0,2,NA,NA,100,0,0,NA,NA,NA,NA,NA,NA,NA,NA,NA,NA,1,3,"A",1,0,0,0,1,200,35,165,NA,"Occurs only on isolated islands",NA,NA,"Afrotropical",2,1,0,0,0,0,0,0,0,1,0,1,0,0,0,0,0,0,1,0,0,0,0,0,1,0,0,0,0,0,0,0,0,0,"Myzopoda schliemanni","Myzopoda schliemanni",0,0,NA,NA,NA,NA,NA,NA,NA,NA,NA,NA,NA,NA,NA,-32.87606649,-20.17311845,-26.75499307,-29.74718667,-7.818480548,-26.65231733,22.30706109,-10.79986079,-20.2319636,5.127517297,5.354417433,10.07813895,21.56994007,3.169947751,-2.854630037,0.653461046,-4.514230146
4555,"Chiroptera","Pteropodidae","Nanonycteris veldkampii",21.89,1.15,75,48,5247.347,NA,584.739,0.111435169048283,NA,734.618,145.588,NA,0.98,1.646,285.878,NA,101.045,NA,2155.147,0.139997983743023,NA,NA,NA,0,2,NA,NA,0,0,100,0,0,0,0,0,0,0,100,0,0,1,1,"Ar",1,0,0,0,1,1200,0,1200,0,"Occurs on mainland",0,0,"Afrotropical",2,0,1,0,0,0,1,0,0,0,0,1,0,0,0,0,0,0,1,1,0,1,0,0,0,0,0,0,0,0,0,1,0,0,"Nanonycteris veldkampii","Nanonycteris veldkampii",1,1,NA,NA,47.99999996,NA,1,NA,NA,NA,NA,NA,0.523322029,1.2634912,1.561392112,-56.57569977,-8.325032684,-24.26598253,-39.29546957,-1.05358773,-15.27259582,17.83134669,0.364427587,-11.05282964,6.547338207,5.13831276,10.92152833,-6.321583118,-12.23263194,-1.798995161,2.798233029,-5.054618594
6532,"Chiroptera","Natalidae","Natalus espiritosantensis",6,9.616,46,38.86,7300,NA,366.523,0.0502086301369863,NA,474.807,244.85,NA,1,1,353.431,1.83,50.53,4.14,1825,0.0650420547945205,0.305,NA,NA,0,2,NA,NA,100,0,0,100,0,0,0,0,0,0,0,0,0,1,3,"A",1,0,0,0,1,1000,0,1000,NA,"Occurs on mainland",NA,NA,"Neotropical",1,1,0,0,0,0,1,0,0,0,0,0,0,0,0,0,1,0,0,0,0,0,0,0,1,0,0,0,0,0,0,0,0,0,"Natalus espiritosantensis","Natalus macrourus",0,0,NA,NA,NA,NA,NA,NA,NA,NA,NA,NA,NA,NA,NA,27.8566104,-30.70477059,16.05490008,0.187303601,32.17368138,5.229767154,8.497166154,-7.123411445,-1.106133297,-7.83377879,1.222724604,-7.769939739,-1.547323567,0.936677885,3.07877737,14.43116231,-0.855363714
5298,"Chiroptera","Natalidae","Natalus jamaicensis",4.7,14.584,46,NA,7300,NA,535.007,0.0732886301369863,NA,692.139,244.85,NA,1,1,355.03,1.83,50.53,4.14,2253.48,0.0948135616438356,0.38936170212766,NA,NA,0,2,NA,NA,100,0,0,NA,NA,NA,NA,NA,NA,NA,NA,NA,NA,1,3,"A",1,0,0,0,1,97,97,0,NA,"Occurs only on isolated islands",NA,NA,"Neotropical",1,1,0,0,0,0,0,0,0,1,0,0,0,0,0,0,1,0,0,0,0,0,0,0,1,0,0,0,0,0,0,0,0,0,"Natalus jamaicensis","Natalus jamaicensis",0,0,NA,NA,NA,NA,NA,NA,NA,NA,NA,NA,0.821412041,0.821412041,0.821412041,27.98425462,-30.09045102,16.50390473,-0.136774782,32.32877901,4.666451807,8.127650545,-7.206053358,-0.74108154,-7.62586442,0.993041469,-7.459882647,-1.679777865,0.835051636,2.604232371,15.09813246,-1.032059409
5301,"Chiroptera","Natalidae","Natalus major",4.7,9.637,46,NA,7300,NA,491.662,0.0673509589041096,NA,625.782,244.85,NA,1,1,354.813,1.83,50.53,4.14,2163.82,0.0857235616438356,0.38936170212766,NA,NA,0,2,NA,NA,100,0,0,NA,NA,NA,NA,NA,NA,NA,NA,NA,NA,1,3,"A",1,0,0,0,1,1000,0,1000,NA,"Occurs only on isolated islands",NA,NA,"Neotropical",2,1,0,0,0,0,0,0,0,1,0,0,0,0,0,0,1,0,1,0,0,0,0,0,1,0,0,0,0,0,0,0,0,0,"Natalus major","Natalus jamaicensis",1,0,NA,NA,43.3,NA,NA,2,1,0,0,0,0.821412041,0.821412041,0.821412041,28.12884568,-29.44361566,16.90353658,-0.382586799,32.41731205,4.265274046,7.830850494,-7.398354377,-0.378733827,-7.615911237,0.782062514,-7.373932781,-1.754000304,0.837278913,2.261571349,15.43707538,-1.061137842
5302,"Chiroptera","Natalidae","Natalus mexicanus",5.3,10.949,46,38.86,7300,NA,501.58,0.0687095890410959,NA,648.059,244.85,NA,1,1,355.001,1.83,50.53,4.14,2189.897,0.0887752054794521,0.345283018867925,NA,NA,0,2,NA,NA,100,0,0,100,0,0,0,0,0,0,0,0,0,1,3,"A",1,0,0,0,1,2400,0,473,NA,"Occurs on mainland",NA,NA,"Neotropical",2,1,0,0,0,0,1,0,0,0,0,0,0,0,0,0,1,0,1,0,0,0,0,0,1,0,0,0,0,0,0,0,0,0,"Natalus mexicanus","Natalus mexicanus",1,0,NA,NA,NA,NA,NA,NA,NA,NA,NA,NA,0.058404869,0.870022973,1.232202956,27.62732918,-31.3374765,15.70383429,0.438591467,32.02275359,5.671551687,8.797062718,-7.068916796,-1.453592664,-7.992797029,1.400702157,-8.035907386,-1.413022589,1.024340258,3.405279323,13.90334038,-0.703644135
5303,"Chiroptera","Natalidae","Natalus primus",4.7,10.723,46,NA,7300,NA,516.472,0.0707495890410959,NA,669.665,244.85,NA,1,1,355.089,1.83,50.53,4.14,2201.876,0.0917349315068493,0.38936170212766,NA,NA,0,2,NA,NA,100,0,0,NA,NA,NA,NA,NA,NA,NA,NA,NA,NA,1,3,"A",1,0,0,0,1,NA,NA,NA,NA,"Occurs only on isolated islands",NA,NA,"Neotropical",1,1,0,0,0,0,0,0,0,1,0,0,0,0,0,0,1,0,0,0,0,0,0,0,1,0,0,0,0,0,0,0,0,0,"Natalus primus","Natalus primus",0,0,NA,NA,NA,NA,NA,NA,NA,NA,NA,NA,NA,NA,NA,27.45457779,-32.06532192,15.1917021,0.769420848,31.78803838,6.243039035,9.206863593,-6.927130452,-1.941480816,-8.181775454,1.699465889,-8.344590349,-1.226983767,1.166912988,3.922844178,13.19463862,-0.491082606
5304,"Chiroptera","Natalidae","Natalus stramineus",4.7,10.955,46,38.86,7300,NA,503.722,0.0690030136986301,NA,651.092,244.85,NA,1,1,354.944,1.83,50.53,4.14,2193.498,0.0891906849315069,0.38936170212766,NA,NA,0,2,NA,NA,100,0,0,100,0,0,0,0,0,0,0,0,0,1,3,"A",1,0,0,0,1,473,0,473,0,"Occurs only on isolated islands",0,0,"Neotropical",2,1,0,0,0,0,0,0,0,1,0,0,0,0,0,0,1,0,1,0,0,0,0,0,1,0,0,0,0,0,0,0,0,0,"Natalus stramineus","Natalus stramineus",1,0,23.49864821,5.569999998,38.85999998,300.0000002,1,NA,1,0,0,0,0.16917914,1.029195142,1.396108825,26.98572127,-33.72778984,14.20836402,1.256835146,31.39987764,7.094926588,9.943725577,-6.415305953,-2.842869693,-7.991120166,2.173279082,-8.272504501,-1.146246761,1.065702101,4.416200388,12.17640225,-0.472886611
5305,"Chiroptera","Natalidae","Natalus tumidirostris",5.85,0.245,64,38.49,4590.065,NA,393.717,0.0857759094914778,NA,477.48,121.108,NA,1.017,1.036,359.451,NA,66.158,NA,1754.071,0.104024670674598,NA,NA,NA,0,2,NA,NA,100,0,0,100,0,0,0,0,0,0,0,0,0,1,3,"A",1,0,0,0,1,1000,0,1000,0,"Occurs on mainland",1,0,"Neotropical",2,1,0,0,0,0,1,0,0,0,0,0,0,0,0,0,1,0,1,0,0,1,0,0,1,0,0,0,0,0,0,1,0,0,"Natalus tumidirostris","Natalus tumidirostris",1,0,NA,NA,39.50000003,300.0000002,NA,NA,1,0,0,0,0.220471128,1.177559645,1.311166309,26.76894117,-34.6572528,13.64564998,1.585644704,31.16522281,7.507540713,10.24145528,-6.162145478,-3.276165356,-7.872622354,2.4127609,-8.241783297,-0.900714052,1.106879185,4.705846547,11.41015228,-0.39764072
4947,"Chiroptera","Phyllostomidae","Neonycteris pusilla",6.11,0.409,63.206,34,5336.406,NA,392.258,0.0735060263405745,NA,504.9,119.063,NA,0.992,1.644,259.071,NA,70.864,NA,2079.376,0.0946142403707664,NA,NA,NA,0,2,NA,NA,80,0,20,80,0,0,0,0,0,20,0,0,0,2,2,"S",1,0,0,0,1,NA,NA,NA,0,"Occurs on mainland",0,0,"Neotropical",1,0,0,0,0,1,1,0,0,0,0,0,0,0,0,0,1,0,1,0,0,0,0,0,0,0,0,0,0,0,0,0,0,0,"Neonycteris pusilla","Neonycteris pusilla",1,0,NA,NA,NA,NA,NA,NA,NA,NA,NA,NA,NA,NA,NA,15.7202412,-43.7030909,-20.38674974,4.966954389,-21.69745497,-19.10994042,-2.266696527,-18.06434662,0.529695108,-9.501431521,3.107015068,-5.797514146,3.157997292,5.182020458,2.689512394,-0.502053496,8.415839866
4472,"Chiroptera","Pteropodidae","Neopteryx frosti",176.65,2.751,105,110,4645.174,NA,614.529,0.13229407552871,NA,763.015,149.912,NA,0.98,1.535,290.575,NA,119.469,NA,2217.923,0.164259724178255,NA,NA,NA,0,2,NA,NA,0,0,100,NA,NA,NA,NA,NA,NA,NA,NA,NA,NA,1,1,"Ar",1,0,0,0,1,NA,NA,NA,1,"Occurs only on isolated islands",0,0,"Australasian",1,0,1,0,0,0,0,0,0,1,0,0,0,1,0,0,0,0,1,0,0,0,0,0,0,0,0,0,0,0,0,0,0,0,"Neopteryx frosti","Neopteryx frosti",1,0,NA,NA,NA,NA,NA,NA,NA,NA,NA,NA,NA,NA,NA,-74.11471096,7.640528984,2.825335887,-3.206069494,3.088052858,14.27220975,-16.2600238,-4.969641769,2.633368967,-5.007874561,6.839421345,2.796833493,5.70528175,-16.87740413,-0.56473343,2.153009762,6.651340168
6861,"Chiroptera","Vespertilionidae","Neoromicia brunnea",6.91,0.267,67.004,35.49,3868.454,NA,365.193,0.0944028286235276,NA,430.612,91.558,NA,1.642,1.03,361.416,NA,46.046,NA,1825.278,0.111313718606968,NA,NA,NA,1,2,NA,NA,100,0,0,100,0,0,0,0,0,0,0,0,0,1,3,"A",1,0,0,0,1,NA,NA,NA,NA,"Occurs on mainland",NA,NA,"Afrotropical",1,1,0,0,0,0,1,0,0,0,0,1,0,0,0,0,0,0,1,0,0,0,0,0,0,0,0,0,0,0,0,0,0,0,"Neoromicia brunnea","Pseudoromicia brunnea",1,0,NA,NA,NA,NA,NA,NA,NA,NA,NA,NA,1.310109485,1.379909492,1.435749497,33.1996803,35.73854919,-27.20714949,12.37958798,8.521668846,0.296916877,1.341718409,-2.230174302,4.159480792,12.1068392,9.948468407,-8.841394112,0.614492466,-0.078183672,-2.343690473,-0.687240073,0.661567696
6862,"Chiroptera","Vespertilionidae","Neoromicia capensis",5.96,0.24,67.273,31.54,1990.614,NA,303.168,0.152298737977328,NA,376.474,83.922,NA,1.96,1.075,357.145,2,46.206,NA,1518.85,0.189124561567436,0.707046979865772,NA,NA,1,2,NA,NA,100,0,0,100,0,0,0,0,0,0,0,0,0,1,3,"A",1,0,0,0,1,NA,0,NA,NA,"Occurs on mainland",NA,NA,"Afrotropical",2,1,0,0,0,0,1,0,0,0,0,1,0,0,0,0,0,0,1,1,0,0,0,0,0,0,0,0,0,0,0,0,0,0,"Neoromicia capensis","Laephotis capensis",1,1,37.11581506,6.4,31.54,NA,NA,NA,NA,NA,NA,NA,0.038089186,0.304176208,0.432254366,33.20310091,35.77522658,-27.36075325,12.47334755,8.694075163,0.114294147,1.116726948,-1.95565125,3.834556812,11.7987944,9.955337415,-8.972000051,0.542336717,-0.081243405,-2.94921208,-0.764172634,0.616390554
6863,"Chiroptera","Vespertilionidae","Neoromicia flavescens",10.5,0.19,67.101,NA,1661.035,NA,308.242,0.185572248628114,NA,374.737,87.391,NA,1.799,1.052,359.833,NA,44.216,NA,1459.294,0.225604517665191,NA,NA,NA,1,2,NA,NA,100,0,0,100,0,0,0,0,0,0,0,0,0,1,3,"A",1,0,0,0,1,NA,NA,NA,NA,"Occurs on mainland",NA,NA,"Afrotropical",2,1,0,0,0,0,1,0,0,0,0,1,0,0,0,0,0,0,0,1,0,0,1,0,0,0,0,0,0,0,0,0,0,0,"Neoromicia flavescens","Nycticeinops grandidieri",0,1,NA,NA,NA,NA,NA,NA,NA,NA,NA,NA,0.656977879,1.354486389,1.737887654,33.20789344,35.77736763,-27.32514152,12.44949956,8.642427338,0.177252497,1.192211384,-2.041584022,3.93225283,11.90546241,9.980380876,-8.96742149,0.561589156,-0.081955294,-2.843140887,-0.761228499,0.628646915
5770,"Chiroptera","Vespertilionidae","Neoromicia guineensis",3.5,0.146,65.695,28,1140.439,NA,249.426,0.21871051410904,NA,338.887,85.216,NA,1.884,1.278,343.005,NA,46.486,NA,1384.275,0.297154867555389,NA,NA,NA,1,2,NA,NA,100,0,0,100,0,0,0,0,0,0,0,0,0,1,3,"A",1,0,0,0,1,NA,NA,NA,NA,"Occurs on mainland",NA,NA,"Afrotropical",2,1,0,0,0,0,1,0,0,0,0,1,0,0,0,0,0,0,0,1,1,0,0,0,0,0,0,0,0,0,0,0,0,0,"Neoromicia guineensis","Neoromicia guineensis",0,1,NA,NA,28,NA,NA,NA,NA,NA,NA,NA,0.654954369,0.971600665,1.162665748,33.10783247,35.80365701,-27.9142907,12.80174446,9.144551271,-0.508036773,0.327754255,-0.946581236,2.552996282,10.29805004,9.678071159,-9.182676256,0.231052882,-0.116976393,-5.091273204,-1.165727747,0.366414705
6864,"Chiroptera","Vespertilionidae","Neoromicia helios",3.56,0.136,61.098,NA,1700.668,NA,265.808,0.156296231833609,NA,351.947,86.682,NA,1.828,1.248,344.925,NA,47.095,NA,1466.87,0.206946329324712,NA,NA,NA,1,2,NA,NA,100,0,0,NA,NA,NA,NA,NA,NA,NA,NA,NA,NA,1,3,"A",1,0,0,0,1,NA,NA,NA,NA,"Occurs on mainland",NA,NA,"Afrotropical",NA,1,0,0,0,0,1,0,0,0,0,1,0,0,0,0,0,0,1,0,0,0,0,0,0,1,0,0,0,0,0,0,0,0,"Neoromicia helios","Afronycteris helios",0,0,NA,NA,NA,NA,NA,NA,NA,NA,NA,NA,NA,NA,NA,33.11840303,35.77185683,-27.73902863,12.69755031,8.989816141,-0.321481022,0.572175284,-1.26890546,2.974459546,10.84124241,9.841932479,-9.1943731,0.334390169,-0.109091667,-4.388492332,-1.054833388,0.464450339
6865,"Chiroptera","Vespertilionidae","Neoromicia isabella",NA,NA,NA,NA,NA,NA,NA,NA,NA,NA,NA,NA,NA,NA,NA,NA,NA,NA,NA,NA,NA,NA,NA,NA,NA,NA,NA,NA,NA,NA,NA,NA,NA,NA,NA,NA,NA,NA,NA,NA,NA,NA,NA,NA,0,0,0,1,NA,NA,NA,NA,NA,NA,NA,"Afrotropical",1,NA,NA,NA,NA,NA,NA,NA,NA,NA,0,1,0,0,0,0,0,0,1,0,0,0,0,0,0,0,0,0,0,0,0,0,0,0,NA,"Pseudoromicia isabella",1,0,NA,NA,NA,NA,NA,NA,NA,NA,NA,NA,1.625247961,1.625247961,1.625247961,NA,NA,NA,NA,NA,NA,NA,NA,NA,NA,NA,NA,NA,NA,NA,NA,NA
6866,"Chiroptera","Vespertilionidae","Neoromicia malagasyensis",6.5,0.296,84.995,28.94,1600.376,NA,313.636,0.195976445535299,NA,381.862,89.924,NA,2,1.082,357.09,NA,45.215,NA,1437.078,0.238607677195859,NA,NA,NA,0,2,NA,NA,100,0,0,100,0,0,0,0,0,0,0,0,0,1,3,"A",1,0,0,0,1,700,450,250,NA,"Occurs only on isolated islands",NA,NA,"Afrotropical",1,1,0,0,0,0,0,0,0,1,0,1,0,0,0,0,0,0,1,0,0,0,0,0,0,0,0,0,0,0,0,0,0,0,"Neoromicia malagasyensis","Laephotis malagasyensis",0,0,NA,NA,NA,NA,NA,NA,NA,NA,NA,NA,0.276164754,0.531516647,0.659192593,33.18728869,35.7668564,-27.45719175,12.53720463,8.823012044,-0.054100006,0.90439558,-1.683168489,3.502475244,11.44647739,9.914766789,-9.051556064,0.471162272,-0.083290753,-3.48046717,-0.841115971,0.574027248
6867,"Chiroptera","Vespertilionidae","Neoromicia matroka",6.57,0.689,86.245,32.49,3190.203,NA,376.399,0.117985908733708,NA,453.115,116.762,NA,1.22,1.057,359.752,NA,55.241,NA,1697.764,0.142033281267681,NA,NA,NA,0,2,NA,NA,100,0,0,NA,NA,NA,NA,NA,NA,NA,NA,NA,NA,1,3,"A",1,0,0,0,1,1300,970,330,1,"Occurs only on isolated islands",1,0,"Afrotropical",2,1,0,0,0,0,0,0,0,1,0,1,0,0,0,0,0,0,1,0,0,1,0,0,0,0,0,0,0,0,0,1,0,0,"Neoromicia matroka","Laephotis matroka",1,0,NA,NA,NA,NA,NA,NA,NA,NA,NA,NA,1.644864643,1.727775063,1.777521315,33.1966715,35.76904587,-27.3925199,12.49558849,8.747485661,0.039727451,1.024643009,-1.839595901,3.694504899,11.65898729,9.951576932,-9.021341666,0.512785867,-0.08160549,-3.180759483,-0.793317375,0.603244892
6868,"Chiroptera","Vespertilionidae","Neoromicia melckorum",7.2,0.709,74.448,35.99,3886.464,NA,388.008,0.0998357375753384,NA,458.673,93.439,NA,1.98,1.019,361.895,NA,53.965,NA,1853.335,0.118018075041992,NA,NA,NA,1,2,NA,NA,100,0,0,100,0,0,0,0,0,0,0,0,0,1,3,"A",1,0,0,0,1,NA,NA,NA,NA,"Occurs on mainland",NA,NA,"Afrotropical",1,1,0,0,0,0,1,0,0,0,0,1,0,0,0,0,0,0,0,1,0,0,0,0,0,0,0,0,0,0,0,0,0,0,"Neoromicia melckorum","Laephotis capensis",0,1,NA,NA,NA,NA,NA,NA,NA,NA,NA,NA,0.038089186,0.304176208,0.432254366,33.1067665,35.81288777,-27.97196556,12.83872772,9.217415585,-0.601218841,0.203595253,-0.779640459,2.326666132,9.971442005,9.543106402,-9.125854498,0.175651179,-0.119625954,-5.45695032,-1.20623519,0.30100769
6869,"Chiroptera","Vespertilionidae","Neoromicia nana",3.88,0.1,57.597,29,1255.221,NA,193.337,0.154026263104266,NA,302.175,75.56,NA,1.86,1.5,315.979,NA,44.211,NA,1316.869,0.240734500139816,NA,NA,NA,1,2,NA,1,100,0,0,100,0,0,0,0,0,0,0,0,0,1,3,"A",1,0,0,0,1,NA,0,NA,NA,"Occurs on mainland",NA,NA,"Afrotropical",3,1,0,0,0,0,1,0,0,0,0,1,0,0,0,0,0,0,1,1,0,1,0,0,0,1,0,0,0,0,0,1,0,0,"Neoromicia nana","Afronycteris nanus",1,1,21.68127581,6.078357571,29.00000001,5.999999995,NA,NA,0,0,1,0,0.020744116,0.796723408,1.047019852,33.20576042,35.76947411,-27.30561046,12.43817017,8.623862296,0.195223545,1.215537309,-2.072695739,3.972231674,11.94647349,9.980131575,-8.94970692,0.572049597,-0.080899309,-2.739329748,-0.746579845,0.640133566
6870,"Chiroptera","Vespertilionidae","Neoromicia rendalli",6.42,0.243,63.826,34.5,3553.066,NA,356.529,0.100344040893133,NA,425.97,94.017,NA,1.658,1.035,361.551,NA,46.126,NA,1795.775,0.11988800658361,NA,NA,NA,1,2,NA,1,100,0,0,100,0,0,0,0,0,0,0,0,0,1,3,"A",1,0,0,0,1,NA,0,NA,NA,"Occurs on mainland",NA,NA,"Afrotropical",1,1,0,0,0,0,1,0,0,0,0,1,0,0,0,0,0,0,0,1,0,0,0,0,0,0,0,0,0,0,0,0,0,0,"Neoromicia rendalli","Pseudoromicia rendalli",0,1,NA,NA,34.49999999,NA,NA,NA,0,0,0,1,0.296118213,0.525038311,0.583898745,33.20417194,35.7594385,-27.26962417,12.41644509,8.584390106,0.237741175,1.269008835,-2.141655605,4.055926043,12.02154513,9.96936915,-8.904738638,0.590841389,-0.079997348,-2.572630079,-0.720366808,0.646301465
6871,"Chiroptera","Vespertilionidae","Neoromicia robertsi",7.2,0.899,74.51,35.99,2844.588,NA,340.966,0.119864809947873,NA,419.022,92.111,NA,1.98,1.049,361.288,NA,54.096,NA,1679.633,0.147304987576408,NA,NA,NA,1,2,NA,NA,100,0,0,100,0,0,0,0,0,0,0,0,0,1,3,"A",1,0,0,0,1,1300,900,400,NA,NA,NA,NA,"Afrotropical",2,1,0,0,0,0,NA,NA,NA,NA,0,1,0,0,0,0,0,0,1,0,0,1,1,0,0,0,0,0,0,0,0,1,0,0,"Neoromicia robertsi","Laephotis robertsi",0,0,NA,NA,NA,NA,NA,NA,NA,NA,NA,NA,NA,NA,NA,33.19704223,35.77377681,-27.41351389,12.50868798,8.77245385,0.008716651,0.983529238,-1.783571001,3.620329271,11.56396955,9.924252194,-9.021730552,0.494349532,-0.082019493,-3.310518296,-0.813477004,0.591645665
6872,"Chiroptera","Vespertilionidae","Neoromicia roseveari",6.91,0.267,67.004,35.49,3868.454,NA,365.193,0.0944028286235276,NA,430.612,91.558,NA,1.642,1.03,361.416,NA,46.046,NA,1825.278,0.111313718606968,NA,NA,NA,1,2,NA,NA,100,0,0,100,0,0,0,0,0,0,0,0,0,1,3,"A",1,0,0,0,1,NA,NA,NA,NA,NA,NA,NA,"Afrotropical",1,1,0,0,0,0,NA,NA,NA,NA,0,1,0,0,0,0,0,0,1,0,0,0,0,0,0,0,0,0,0,0,0,0,0,0,"Neoromicia roseveari","Pseudoromicia roseveari",1,0,NA,NA,NA,NA,NA,NA,NA,NA,NA,NA,NA,NA,NA,33.19964806,35.73412158,-27.1844998,12.36545961,8.494236236,0.3296447,1.383404586,-2.284474546,4.227261417,12.17850144,9.954296495,-8.820796117,0.630049074,-0.078219792,-2.218514884,-0.669100154,0.667836468
5771,"Chiroptera","Vespertilionidae","Neoromicia somalica",3.53,0.208,84.995,28.94,981.152,NA,267.238,0.272371661067806,NA,346.993,83.48,NA,2,1.235,339.544,NA,45.602,NA,1376.364,0.353658760314406,NA,NA,NA,1,2,NA,NA,100,0,0,100,0,0,0,0,0,0,0,0,0,1,3,"A",1,0,0,0,1,NA,0,NA,NA,"Occurs on mainland",NA,NA,"Afrotropical",2,1,0,0,0,0,1,0,0,0,0,1,0,0,0,0,0,0,1,1,0,0,0,0,0,0,0,0,0,0,0,0,0,0,"Neoromicia somalica","Neoromicia somalica",0,1,NA,NA,28.94000001,NA,NA,NA,NA,NA,NA,NA,1.12282783,1.12282783,1.12282783,33.10762401,35.80655658,-27.93104336,12.81234466,9.165322217,-0.53358834,0.294436779,-0.902084466,2.494123928,10.22321563,9.657821939,-9.184967069,0.216623255,-0.118538649,-5.208174502,-1.180278607,0.34757796
6873,"Chiroptera","Vespertilionidae","Neoromicia tenuipinnis",5.35,0.323,37,30.96,2632.078,NA,314.189,0.119369182828168,NA,386.34,95.176,NA,1.504,1.035,360.827,NA,52.353,NA,1655.538,0.146781364382059,NA,NA,NA,1,2,NA,NA,100,0,0,100,0,0,0,0,0,0,0,0,0,1,3,"A",1,0,0,0,1,3200,0,3200,NA,"Occurs on mainland",NA,NA,"Afrotropical",2,1,0,0,0,0,1,0,0,0,0,1,0,0,0,0,0,0,1,0,0,1,0,0,0,0,0,0,0,0,0,1,0,0,"Neoromicia tenuipinnis","Pseudoromicia tenuipinnis",1,0,56.78189794,5.499999994,30.96,NA,NA,NA,0,0,0,1,0.47099935,1.055496508,1.280410872,33.20105738,35.74697961,-27.23635436,12.39701457,8.55196428,0.268729587,1.308120465,-2.191713587,4.11658742,12.07455741,9.959626416,-8.869677189,0.604934853,-0.079070091,-2.439646071,-0.700884277,0.654064616
5772,"Chiroptera","Vespertilionidae","Neoromicia zuluensis",4.14,0.197,85,NA,1478.069,NA,305.869,0.206938241719433,NA,370.033,95.442,NA,1.769,1.102,358.308,NA,45.438,NA,1456.046,0.250348934995592,NA,NA,NA,1,2,NA,NA,100,0,0,NA,NA,NA,NA,NA,NA,NA,NA,NA,NA,1,3,"A",1,0,0,0,1,NA,0,NA,NA,"Occurs on mainland",NA,NA,"Afrotropical",1,1,0,0,0,0,1,0,0,0,0,1,0,0,0,0,0,0,1,1,0,0,0,0,0,1,0,0,0,0,0,0,0,0,"Neoromicia zuluensis","Neoromicia zuluensis",0,1,20.52033758,6.178869779,NA,NA,NA,NA,NA,NA,NA,NA,NA,NA,NA,33.10696961,35.81043588,-27.95766067,12.82957564,9.19981092,-0.579550613,0.232557851,-0.817689195,2.379057942,10.05372789,9.583550441,-9.148961212,0.188645374,-0.11845509,-5.369431638,-1.201821001,0.325909699
4895,"Chiroptera","Noctilionidae","Noctilio albiventris",44,0.55,81,59.96,5040.042,365.25,365.25,0.0724696341816199,365.25,400.25,35,NA,1,1,350.684,6.16,84.44,21,1676.1,0.0794140207561762,0.14,NA,NA,0,2,NA,NA,80,20,0,80,0,0,20,0,0,0,0,0,0,2,3,"G",1,0,0,0,1,1100,0,1100,0,"Occurs on mainland",1,0,"Neotropical",2,0,0,1,0,0,1,0,0,0,0,0,0,0,0,0,1,0,1,1,0,0,0,0,0,0,0,0,0,0,0,0,0,0,"Noctilio albiventris","Noctilio albiventris",1,1,44.9349466,7.800000006,61.19999998,NA,NA,2,0,0,0,1,0.515407643,1.445606133,1.864918362,-11.26983256,-31.9387371,-26.09317736,-16.15669227,-15.02839287,-27.48285887,13.37698913,-18.31654849,-14.68024898,-2.474557291,4.636190944,1.695843552,22.23693174,16.85201027,0.02663299,-2.120825729,10.13025846
4896,"Chiroptera","Noctilionidae","Noctilio leporinus",44,1.26,81,NA,5040.042,365.25,365.25,0.0724696341816199,365.25,400.25,35,NA,1,1,349.747,6.16,84.44,21,1677.451,0.0794140207561762,0.14,NA,NA,0,2,NA,NA,50,50,0,50,0,0,50,0,0,0,0,0,0,2,3,"G",1,0,0,0,1,NA,NA,NA,0,"Occurs on mainland",1,0,"Neotropical",3,0,0,1,0,0,1,0,0,0,0,0,0,0,0,0,1,0,1,1,1,0,0,0,1,0,0,0,0,0,0,0,0,0,"Noctilio leporinus","Noctilio leporinus",1,1,39.04447468,8.999999991,87.22499998,NA,0,3.999999999,0,0,0,1,0.116371745,1.134411559,1.527037723,-13.61985923,-30.93930461,-26.20877524,-17.32518541,-14.7355893,-27.95030441,14.5041813,-17.98641357,-15.64761388,-1.853992955,5.102322637,2.71866905,22.80146739,16.271838,-0.269968372,-1.915382371,8.932179685
6894,"Chiroptera","Phyllostomidae","Artibeus anthonyi",55.2,1.037,90.113,NA,6039.231,NA,356.428,0.0590187724231777,NA,484.769,114.454,NA,0.992,1.861,234.344,NA,42.127,NA,2055.089,0.0802699880166862,NA,NA,NA,0,2,NA,NA,11,0,89,NA,NA,NA,NA,NA,NA,NA,NA,NA,NA,1,2,"Ar",1,0,0,0,1,NA,NA,NA,NA,"Occurs only on isolated islands",NA,NA,NA,NA,0,1,0,0,0,0,0,0,1,0,0,0,0,0,0,0,0,0,0,0,0,0,0,0,0,0,0,0,0,0,0,0,0,NA,"Artibeus anthonyi",0,0,NA,NA,NA,NA,NA,NA,NA,NA,NA,NA,NA,NA,NA,NA,NA,NA,NA,NA,NA,NA,NA,NA,NA,NA,NA,NA,NA,NA,NA,NA
6933,"Chiroptera","Phyllostomidae","Desmodus draculae",71.2,3.734,140.157,NA,5457.786,NA,422.289,0.0773736822953483,NA,543.878,169.063,NA,1.075,1.546,270.141,NA,148.485,NA,2101.842,0.0996517635539393,NA,NA,NA,0,2,NA,NA,0,100,0,NA,NA,NA,NA,NA,NA,NA,NA,NA,NA,1,3,"G",1,0,0,0,1,NA,NA,NA,NA,"Occurs on mainland",NA,NA,NA,NA,0,0,1,0,0,1,0,0,0,0,0,0,0,0,0,0,0,0,0,0,0,0,0,0,0,0,0,0,0,0,0,0,0,"Desmodus draculae","Desmodus draculae",0,0,NA,NA,NA,NA,NA,NA,NA,NA,NA,NA,NA,NA,NA,15.25262288,-43.32906082,-20.43913584,4.363343436,-21.3507428,-19.4259564,-1.656549926,-18.31974988,-0.090186856,-9.456670399,3.215437949,-5.746846588,3.92781837,6.054060826,2.873973913,-0.603854404,9.066574009
6934,"Chiroptera","Phyllostomidae","Desmodus puntajudensis",26.1,2.443,108.363,NA,5325.075,NA,368.475,0.0691962085041056,NA,482.398,163.057,NA,1.044,1.586,263.869,NA,130.954,NA,2010.792,0.0905898977948667,NA,NA,NA,0,2,NA,NA,3,95,2,NA,NA,NA,NA,NA,NA,NA,NA,NA,NA,1,3,"G",1,0,0,0,1,NA,NA,NA,NA,"Occurs only on isolated islands",NA,NA,NA,NA,0,0,1,0,0,0,0,0,1,0,0,0,0,0,0,0,0,0,0,0,0,0,0,0,0,0,0,0,0,0,0,0,0,NA,"Desmodus puntajudensis",0,0,NA,NA,NA,NA,NA,NA,NA,NA,NA,NA,NA,NA,NA,NA,NA,NA,NA,NA,NA,NA,NA,NA,NA,NA,NA,NA,NA,NA,NA,NA
6935,"Chiroptera","Phyllostomidae","Desmodus stocki",47.7,3.028,125.247,NA,5344.821,NA,392.462,0.0734284646763661,NA,509.967,164.543,NA,1.053,1.574,265.537,NA,136.053,NA,2058.438,0.0954132982189675,NA,NA,NA,0,2,NA,NA,2,96,2,NA,NA,NA,NA,NA,NA,NA,NA,NA,NA,1,3,"G",1,0,0,0,1,NA,NA,NA,NA,"Occurs on mainland",NA,NA,NA,NA,0,0,1,0,0,1,0,0,0,0,0,0,0,0,0,0,0,0,0,0,0,0,0,0,0,0,0,0,0,0,0,0,0,NA,"Desmodus stocki",0,0,NA,NA,NA,NA,NA,NA,NA,NA,NA,NA,0.086900325,0.210688107,0.254272092,NA,NA,NA,NA,NA,NA,NA,NA,NA,NA,NA,NA,NA,NA,NA,NA,NA
7026,"Chiroptera","Mormoopidae","Mormoops magna",20.5,0.482,72.062,NA,4934.116,NA,420.549,0.0852328968350156,NA,528.737,111.817,NA,1.003,1.074,351.527,NA,68.344,NA,1956.579,0.107159418222028,NA,NA,NA,0,2,NA,NA,95,2,3,NA,NA,NA,NA,NA,NA,NA,NA,NA,NA,1,3,"A",1,0,0,0,1,NA,NA,NA,NA,"Occurs only on isolated islands",NA,NA,NA,NA,1,0,0,0,0,0,0,0,1,0,0,0,0,0,0,0,0,0,0,0,0,0,0,0,0,0,0,0,0,0,0,0,0,NA,"Mormoops magna",0,0,NA,NA,NA,NA,NA,NA,NA,NA,NA,NA,NA,NA,NA,NA,NA,NA,NA,NA,NA,NA,NA,NA,NA,NA,NA,NA,NA,NA,NA,NA
7076,"Chiroptera","Phyllostomidae","Phyllonycteris major",34.1,0.858,82.319,NA,4825.783,NA,445.53,0.0923228417025796,NA,561.993,122.603,NA,0.999,1.585,244.688,NA,64.673,NA,2133.749,0.116456334650771,NA,NA,NA,0,2,NA,NA,27,1,72,NA,NA,NA,NA,NA,NA,NA,NA,NA,NA,3,2,"Ar",1,0,0,0,1,NA,NA,NA,NA,"Occurs only on isolated islands",NA,NA,NA,NA,0,1,0,0,0,0,0,0,1,0,0,0,0,0,0,0,0,0,0,0,0,0,0,0,0,0,0,0,0,0,0,0,0,NA,"Phyllonycteris major",0,0,NA,NA,NA,NA,NA,NA,NA,NA,NA,NA,NA,NA,NA,NA,NA,NA,NA,NA,NA,NA,NA,NA,NA,NA,NA,NA,NA,NA,NA,NA
7077,"Chiroptera","Phyllostomidae","Phyllops silvai",22.2,0.649,70.32,NA,5750.886,NA,410.238,0.0713347473763173,NA,533.69,116.342,NA,0.991,1.781,241.677,NA,52.029,NA,2120.909,0.092801352695915,NA,NA,NA,0,2,NA,NA,1,0,99,NA,NA,NA,NA,NA,NA,NA,NA,NA,NA,1,1,"Ar",1,0,0,0,1,NA,NA,NA,NA,"Occurs only on isolated islands",NA,NA,NA,NA,0,1,0,0,0,0,0,0,1,0,0,0,0,0,0,0,0,0,0,0,0,0,0,0,0,0,0,0,0,0,0,0,0,NA,"Phyllops silvai",0,0,NA,NA,NA,NA,NA,NA,NA,NA,NA,NA,NA,NA,NA,NA,NA,NA,NA,NA,NA,NA,NA,NA,NA,NA,NA,NA,NA,NA,NA,NA
7152,"Chiroptera","Pteropodidae","Notopteris macdonaldi",68.17,1.453,100,66,5032.668,NA,537.953,0.106892209062867,NA,682.741,132.55,NA,0.99,1.68,266.209,NA,92.703,NA,2024.024,0.13566183980346,NA,NA,NA,0,2,NA,NA,0,0,100,0,0,0,0,0,0,40,60,0,0,2,1,"Ar",1,0,0,0,1,1100,0,1100,1,"Occurs only on isolated islands",0,0,"Australasian, Oceanian",2,0,1,0,0,0,0,0,0,1,0,0,0,1,0,0,0,1,0,0,0,0,0,0,0,0,0,0,0,0,0,0,0,0,"Notopteris macdonaldi","Notopteris macdonaldi",0,0,45.82650815,6.1,66,NA,NA,NA,NA,NA,NA,NA,NA,NA,NA,-74.24844748,7.859410418,4.080968287,-0.741704356,2.713174224,14.17400313,-16.5360471,-5.815039338,1.865834885,-4.780910622,7.746396245,3.645200496,4.101963827,-15.27749364,-0.499212802,2.111176466,7.62699257
7153,"Chiroptera","Pteropodidae","Notopteris neocaledonica",68.17,1.391,100,NA,4927.877,NA,589.385,0.11960221409747,NA,742.994,132.103,NA,0.995,1.465,296.275,NA,94.363,NA,2077.959,0.150773649585816,NA,NA,NA,0,2,NA,NA,0,0,100,NA,NA,NA,NA,NA,NA,NA,NA,NA,NA,1,1,"Ar",1,0,0,0,1,NA,NA,NA,NA,"Occurs only on isolated islands",NA,NA,"Australasian",2,0,1,0,0,0,0,0,0,1,0,0,0,1,0,0,0,0,0,0,0,0,0,0,0,0,0,0,0,0,0,0,0,0,"Notopteris neocaledonica","Notopteris neocaledonica",0,0,NA,NA,NA,NA,NA,NA,NA,NA,NA,NA,NA,NA,NA,-74.26521612,7.953536213,4.669796952,0.43230074,2.530412834,14.09928235,-16.64071556,-6.211643432,1.500917706,-4.666973403,8.096893789,3.971192982,3.434152078,-14.39392366,-0.456324628,2.055672748,8.063002411
5627,"Chiroptera","Vespertilionidae","Nyctalus aviator",38.925,0.611,91.216,60.5,5583.73,NA,409.429,0.0733253577805517,NA,470.79,85.364,NA,1.865,1.009,363.588,5.6,59.44,26,1946.666,0.0843146069025544,0.270725651894669,NA,NA,1,2,NA,NA,100,0,0,100,0,0,0,0,0,0,0,0,0,1,3,"A",1,0,0,0,1,NA,NA,NA,0,"Occurs on mainland",1,0,"Palearctic",1,1,0,0,0,0,1,0,0,0,1,0,0,0,0,0,0,0,1,0,0,0,0,0,0,0,0,0,0,0,0,0,0,0,"Nyctalus aviator","Nyctalus aviator",0,0,NA,NA,60.50000005,NA,NA,NA,NA,NA,NA,NA,NA,NA,NA,33.6699004,31.11498436,-13.97147488,5.133595364,-1.102233102,6.942923018,8.121365088,-9.176482484,11.45949156,14.05614945,4.224833246,-0.735481064,1.489116229,-0.312652383,10.83406008,1.709453796,0.723866362
5628,"Chiroptera","Vespertilionidae","Nyctalus azoreum",14.235,0.277,64,38.6,5840,NA,384.71,0.065875,NA,410.808,77.672,NA,1.5,1,364.75,NA,55.034,NA,1825,0.0703438356164384,NA,NA,NA,1,2,NA,NA,100,0,0,100,0,0,0,0,0,0,0,0,0,1,3,"A",1,0,0,0,1,600,0,600,NA,"Occurs only on isolated islands",NA,NA,"Palearctic",2,1,0,0,0,0,0,0,0,1,1,0,0,0,0,0,0,0,1,0,0,1,0,0,0,0,0,0,0,0,0,1,0,0,"Nyctalus azoreum","Nyctalus azoreum",0,0,NA,NA,38.60000003,NA,NA,NA,NA,NA,NA,NA,0.778495461,0.950683545,1.07897872,33.95551188,30.04087398,-10.98829852,3.540846746,-3.113708007,8.138755757,9.207294138,-10.28748156,12.51064539,13.63735992,2.673284754,1.056552213,1.504432278,-0.339756645,12.51020895,2.129234275,0.603845578
5629,"Chiroptera","Vespertilionidae","Nyctalus furvus",19.375,0.345,75,NA,8285.5,435.163,414.825,0.0500663810270955,455.5,480.945,66.12,NA,1.165,1,364.75,5.47,44.75,20.21,2128.532,0.0580465874117434,0.328905806451613,NA,NA,1,2,NA,NA,100,0,0,NA,NA,NA,NA,NA,NA,NA,NA,NA,NA,1,3,"A",1,0,0,0,1,NA,NA,NA,NA,"Occurs only on isolated islands",NA,NA,"Palearctic",2,1,0,0,0,0,0,0,0,1,1,0,0,0,0,0,0,0,1,0,0,0,0,0,0,0,0,0,0,0,0,0,0,0,"Nyctalus furvus","Nyctalus furvus",0,0,NA,NA,NA,NA,NA,NA,NA,NA,NA,NA,NA,NA,NA,34.33233643,29.03232178,-8.226472938,2.089149689,-4.87163545,9.127951049,10.02786937,-11.06845509,13.14347335,12.91896285,1.241289115,2.593957412,1.475528399,-0.340855033,13.81680403,2.402094588,0.504605617
5630,"Chiroptera","Vespertilionidae","Nyctalus lasiopterus",45.98,0.649,93.68,64.07,5461.717,NA,400.121,0.0732591966958376,NA,459.583,91.56,NA,1.82,1.012,362.633,5.6,59.44,26,1921.741,0.0841462492472605,0.224321531100478,NA,NA,1,2,NA,NA,100,0,0,100,0,0,0,0,0,0,0,0,0,1,3,"A",1,0,0,0,1,1900,0,1900,0,"Occurs on mainland",1,0,"Palearctic",2,1,0,0,0,0,1,0,0,0,1,0,0,0,0,0,0,0,1,0,1,0,0,0,0,0,0,0,0,0,0,0,0,0,"Nyctalus lasiopterus","Nyctalus lasiopterus",0,0,NA,NA,64.07,NA,0,NA,0,0,0,1,0.15501158,1.126081738,1.582908381,33.73482675,30.80493996,-13.23540714,4.750032311,-1.601520237,7.285388599,8.417939398,-9.46475698,11.75603271,13.96639563,3.783663431,-0.201583013,1.49817217,-0.330087513,11.50786388,1.847139686,0.677493496
5631,"Chiroptera","Vespertilionidae","Nyctalus leisleri",16,0.344,64,43.24,5840,NA,399.224,0.0683602739726027,NA,426.854,72.774,NA,1.5,1,364.75,NA,47.619,NA,1916.935,0.0730914383561644,NA,NA,NA,1,2,NA,NA,100,0,0,100,0,0,0,0,0,0,0,0,0,1,3,"A",1,0,0,0,1,2400,0,2400,0,"Occurs on mainland",1,1,"Palearctic",4,1,0,0,0,0,1,0,0,0,1,0,0,0,0,0,0,0,1,0,1,1,0,1,0,0,0,0,0,0,0,1,0,0,"Nyctalus leisleri","Nyctalus leisleri",0,0,75.2076019,7.899999995,43.23999997,NA,1,NA,0,0,0,1,0.216162577,1.104077144,1.263401322,34.15516319,29.43236906,-9.685865124,2.889977115,-3.887216904,8.579322543,9.523443818,-10.6398559,12.86129847,13.30259608,1.930243325,1.856274229,1.480365885,-0.352162734,13.35763126,2.316396896,0.550251843
5632,"Chiroptera","Vespertilionidae","Nyctalus montanus",16,0.307,64,NA,5840,NA,373.95,0.0640325342465753,NA,404.138,81.476,NA,1.5,1,364.75,NA,47.883,NA,1763.436,0.0692017123287671,NA,NA,NA,1,2,NA,NA,100,0,0,100,0,0,0,0,0,0,0,0,0,1,3,"A",1,0,0,0,1,1692,680,1012,NA,"Occurs on mainland",NA,NA,"Indomalayan",3,1,0,0,0,0,1,0,0,0,0,0,0,0,1,0,0,0,1,0,0,0,0,1,1,0,0,0,0,0,0,0,0,0,"Nyctalus montanus","Nyctalus montanus",1,0,NA,NA,NA,NA,NA,NA,NA,NA,NA,NA,NA,NA,NA,33.63133861,31.55365918,-14.95031031,5.645449012,-0.461672673,6.548551281,7.749532787,-8.769458431,11.04613901,14.14528112,4.746014825,-1.35184458,1.478176979,-0.295671132,10.10974697,1.509876728,0.759327743
5633,"Chiroptera","Vespertilionidae","Nyctalus noctula",19.375,0.36,75,51.58,8285.5,415.81,414.825,0.0500663810270955,455.5,365,66.12,NA,1.165,1,364.75,5.47,44.75,20.21,1529.35,0.0440528634361234,0.328905806451613,NA,NA,1,2,NA,NA,100,0,0,100,0,0,0,0,0,0,0,0,0,1,3,"A",1,0,0,0,1,1900,0,1900,0,"Occurs on mainland",1,1,"Palearctic",3,1,0,0,0,0,1,0,0,0,1,0,0,0,0,0,0,0,1,0,0,1,0,0,1,0,0,0,0,0,0,1,0,0,"Nyctalus noctula","Nyctalus noctula",0,0,54.00209204,7.400000005,51.58000002,NA,1,NA,0,0,0,1,0.235631155,1.042154143,1.263401322,33.84119803,30.41316656,-12.10892405,4.145779754,-2.361454748,7.736234079,8.841082203,-9.917738944,12.17074044,13.75332097,3.126599768,0.544154467,1.498168773,-0.337014314,12.16932058,2.046786086,0.633338273
5634,"Chiroptera","Vespertilionidae","Nyctalus plancyi",19.375,0.344,75,NA,8285.5,435.163,414.825,0.0500663810270955,455.5,480.945,66.12,NA,1.165,1,364.75,5.47,44.75,20.21,2115.271,0.0580465874117434,0.328905806451613,NA,NA,1,2,NA,NA,100,0,0,NA,NA,NA,NA,NA,NA,NA,NA,NA,NA,1,3,"A",1,0,0,0,1,NA,NA,NA,NA,"Occurs on mainland",NA,NA,"Indomalayan, Palearctic",3,1,0,0,0,0,1,0,0,0,1,0,0,0,1,0,0,0,1,0,0,0,0,1,1,0,0,0,0,0,0,0,0,0,"Nyctalus plancyi","Nyctalus plancyi",1,0,51.18110011,7.76,NA,NA,NA,NA,NA,NA,NA,NA,1.428923254,2.160610017,2.822466261,34.3721945,28.74333382,-7.452395257,1.671146335,-5.404422163,9.444783865,10.33244533,-11.34989101,13.33334938,12.5947522,0.692301826,3.174661678,1.473390145,-0.313152505,14.16748943,2.546778827,0.484264053
4858,"Chiroptera","Nycteridae","Nycteris arge",10.79,0.36,78.703,41.49,3164.302,NA,328.606,0.103847862814611,NA,389,97.276,NA,0.98,1.619,293.216,4,58.26,NA,1391.383,0.122933904538821,0.588181649675626,NA,NA,0,2,NA,NA,80,20,0,80,10,10,0,0,0,0,0,0,0,1,3,"A",1,0,0,0,1,NA,0,NA,0,"Occurs on mainland",0,0,"Afrotropical",2,1,0,0,0,0,1,0,0,0,0,1,0,0,0,0,0,0,1,1,0,0,0,0,0,0,0,0,0,0,0,0,0,0,"Nycteris arge","Nycteris arge",1,1,NA,NA,38.50000004,NA,NA,NA,0,1,0,0,0.927290259,1.247608385,1.553665485,23.92345093,-45.26744968,5.845414478,5.077652236,23.53898596,12.84230195,11.36104468,2.270718343,-7.819797022,-2.268392632,3.441458271,-1.950016649,-1.253592138,-2.292151222,4.802174457,-11.83144882,-1.219195206
4859,"Chiroptera","Nycteridae","Nycteris aurita",7.98,0.568,71.908,NA,4778.23,NA,382.118,0.0799706167346486,NA,456.039,91.24,NA,0.995,1.5,289.149,NA,58.098,NA,1839.281,0.0954409896551652,NA,NA,NA,1,2,NA,NA,100,0,0,NA,NA,NA,NA,NA,NA,NA,NA,NA,NA,1,3,"A",1,0,0,0,1,NA,0,NA,NA,"Occurs on mainland",NA,NA,"Afrotropical",1,1,0,0,0,0,1,0,0,0,0,1,0,0,0,0,0,0,0,1,0,0,0,0,0,1,0,0,0,0,0,0,0,0,"Nycteris aurita","Nycteris aurita",0,0,NA,NA,NA,NA,NA,NA,NA,NA,NA,NA,NA,NA,NA,23.63489745,-46.37149437,4.753225355,5.693594579,21.92648651,12.87797712,10.35346163,3.184894599,-7.32183345,-1.567611977,2.976921256,-1.188200846,-1.301342541,-2.409469744,3.595145657,-13.75635653,-0.537468262
4860,"Chiroptera","Nycteridae","Nycteris gambiensis",8.165,0.262,52.65,39.5,5402.513,NA,368.289,0.068169942395326,NA,449.556,114.95,NA,1,1.25,332.803,NA,60.855,NA,1857.186,0.0832123865319713,NA,NA,NA,0,2,NA,NA,80,20,0,80,10,10,0,0,0,0,0,0,0,1,3,"A",1,0,0,0,1,NA,0,NA,0,"Occurs on mainland",0,0,"Afrotropical",3,1,0,0,0,0,1,0,0,0,0,1,0,0,0,0,0,0,1,1,0,1,0,0,1,0,0,0,0,0,0,1,0,0,"Nycteris gambiensis","Nycteris gambiensis",1,1,NA,NA,NA,NA,NA,NA,NA,NA,NA,NA,0.397639938,0.678233492,0.857992017,23.99270262,-45.13624053,6.078976456,4.947599009,23.80784744,12.80142889,11.52477034,2.057031485,-7.857990779,-2.388460373,3.521167894,-2.106803671,-1.243368591,-2.238041107,5.007660642,-11.15459699,-1.348084413
4861,"Chiroptera","Nycteridae","Nycteris grandis",29.9,0.736,75.99,58.49,4903.439,NA,324.563,0.0661908917394506,NA,398.106,100.076,NA,1,2,256.537,NA,52.5,NA,1758.261,0.0811891409274185,NA,NA,NA,0,2,NA,1.5,40,60,0,40,30,20,10,0,0,0,0,0,0,3,3,"A",1,0,0,0,1,NA,0,NA,0,"Occurs on mainland",0,0,"Afrotropical",2,1,0,0,0,0,1,0,0,0,0,1,0,0,0,0,0,0,1,1,0,1,0,0,0,0,0,0,0,0,0,1,0,0,"Nycteris grandis","Nycteris grandis",1,1,35.90774992,5.200000004,57.94999996,NA,0,NA,NA,NA,NA,NA,1.019353354,1.384446575,1.601814149,23.59829794,-46.57820573,4.590229034,5.793884308,21.61060416,12.87859682,10.1534569,3.33497071,-7.208620256,-1.441096916,2.881825504,-1.057818424,-1.26591797,-2.378751197,3.373762652,-13.97001621,-0.37246872
4862,"Chiroptera","Nycteridae","Nycteris hispida",7.98,0.284,69.986,38.99,3978.116,NA,364.79,0.0916991862479626,NA,416.679,91.24,NA,0.995,1.5,283.56,NA,61.013,NA,1609.226,0.104742797847021,NA,NA,NA,0,2,NA,NA,80,20,0,80,10,10,0,0,0,0,0,0,0,1,3,"A",1,0,0,0,1,NA,0,NA,0,"Occurs on mainland",1,0,"Afrotropical",2,1,0,0,0,0,1,0,0,0,0,1,0,0,0,0,0,0,1,1,0,0,0,0,0,0,0,0,0,0,0,0,0,0,"Nycteris hispida","Nycteris hispida",1,1,27,4.799999996,40.82499996,10.5,NA,0,NA,NA,NA,NA,0.123971819,0.60896718,0.793889259,23.5548143,-46.67373149,4.415023932,5.889568096,21.40905185,12.88385962,10.02172218,3.457836614,-7.145424825,-1.335484293,2.826978035,-0.964958771,-1.232320905,-2.350315446,3.213139287,-14.09239657,-0.2594945
4863,"Chiroptera","Nycteridae","Nycteris intermedia",6.91,0.29,71.039,35.49,4716.081,NA,355.461,0.0753721151099822,NA,415.8,100.127,NA,1.012,1.443,310.533,NA,57.232,NA,1753.614,0.0881664246224779,NA,NA,NA,0,2,NA,NA,80,20,0,80,10,10,0,0,0,0,0,0,0,1,3,"A",1,0,0,0,1,NA,0,NA,0,"Occurs on mainland",1,0,"Afrotropical",1,1,0,0,0,0,1,0,0,0,0,1,0,0,0,0,0,0,1,1,0,0,0,0,0,0,0,0,0,0,0,0,0,0,"Nycteris intermedia","Nycteris intermedia",1,0,NA,NA,NA,NA,NA,NA,NA,NA,NA,NA,NA,NA,NA,23.67064422,-46.20042156,4.908426937,5.597747771,22.16491256,12.88248714,10.51444025,3.074100875,-7.409464013,-1.639676408,3.05348028,-1.275523944,-1.305267617,-2.411343123,3.746268013,-13.5396545,-0.652035502
4864,"Chiroptera","Nycteridae","Nycteris javanica",17.78,0.475,83.575,45.99,5111.563,NA,352.546,0.068970293430796,NA,410.144,92.22,NA,1,1.764,270.908,NA,61.153,NA,1825,0.0802384710899582,NA,NA,NA,0,2,NA,NA,80,20,0,80,10,10,0,0,0,0,0,0,0,1,3,"A",1,0,0,0,1,2500,0,2500,1,"Occurs on large land bridge islands",0,0,"Australasian, Indomalayan",2,1,0,0,0,0,0,0,1,0,0,0,0,1,1,0,0,0,1,0,0,0,0,0,1,0,0,0,0,0,0,0,0,0,"Nycteris javanica","Nycteris javanica",1,0,NA,NA,45.99000005,NA,NA,NA,NA,NA,NA,NA,2.462503852,2.462503852,2.462503852,23.78549127,-45.58775632,5.377900269,5.348910464,22.99168024,12.91602385,10.99387651,2.715012878,-7.692152623,-1.949951559,3.292082082,-1.637151015,-1.258519891,-2.38596251,4.300029155,-13.11221058,-0.940236606
4865,"Chiroptera","Nycteridae","Nycteris macrotis",14.49,0.389,88.801,47.5,3543.87,NA,291.16,0.0821587699323057,NA,370.05,78.21,NA,0.99,2.25,260.047,NA,60.41,NA,1453.766,0.104419744516588,NA,NA,NA,0,2,NA,NA,80,20,0,80,10,10,0,0,0,0,0,0,0,1,3,"A",1,0,0,0,1,2200,0,2200,0,"Occurs on mainland",1,0,"Afrotropical",2,1,0,0,0,0,1,0,0,0,0,1,0,0,0,0,0,0,1,1,0,1,0,0,0,0,0,0,0,0,0,1,0,0,"Nycteris macrotis","Nycteris macrotis",1,1,31.45519645,5.200000004,48.54999997,NA,NA,NA,0,0,0,1,0.245779787,0.838721623,0.983506316,24.04272621,-45.04083576,6.203533209,4.875677787,23.95920756,12.77741947,11.61819817,1.928178721,-7.871078477,-2.439948105,3.58913098,-2.22438755,-1.252009225,-2.230106925,5.108411053,-10.83888942,-1.440934724
4866,"Chiroptera","Nycteridae","Nycteris madagascariensis",16.09,0.534,115,51,3986.366,NA,304.896,0.0764846980934515,NA,382.212,78.21,NA,0.99,2.25,265.742,NA,60.41,NA,1586.314,0.0958798063198412,NA,NA,NA,0,2,NA,NA,100,0,0,NA,NA,NA,NA,NA,NA,NA,NA,NA,NA,1,3,"A",1,0,0,0,1,NA,NA,NA,1,"Occurs only on isolated islands",1,0,"Afrotropical",NA,1,0,0,0,0,0,0,0,1,0,1,0,0,0,0,0,0,1,0,0,0,0,0,0,1,0,0,0,0,0,0,0,0,"Nycteris madagascariensis","Nycteris macrotis",0,0,NA,NA,NA,NA,NA,NA,NA,NA,NA,NA,0.245779787,0.838721623,0.983506316,23.48912025,-46.97871376,4.199741678,6.019901342,20.96608693,12.84901802,9.733707973,3.639256946,-6.971648378,-1.166512818,2.678223074,-0.770835151,-1.148621178,-2.259409715,2.879819376,-14.23231027,0.010384636
4867,"Chiroptera","Nycteridae","Nycteris major",15.46,0.445,83.461,47,4838.853,NA,354.869,0.073337421078921,NA,415.31,92.687,NA,1.008,1.561,298.348,NA,61.399,NA,1797.352,0.0858281911023129,NA,NA,NA,NA,2,NA,NA,80,20,0,80,10,10,0,0,0,0,0,0,0,1,3,"A",1,0,0,0,1,NA,0,NA,0,"Occurs on mainland",0,0,"Afrotropical",1,1,0,0,0,0,1,0,0,0,0,1,0,0,0,0,0,0,1,1,0,0,0,0,0,0,0,0,0,0,0,0,0,0,"Nycteris major","Nycteris major",1,0,NA,NA,47,NA,NA,NA,NA,NA,NA,NA,NA,NA,NA,23.70439398,-46.01371097,5.04050523,5.512802895,22.41207632,12.89601449,10.680127,2.982060525,-7.515809455,-1.706601674,3.135161377,-1.353705664,-1.30890432,-2.42108558,3.900731764,-13.42432553,-0.747461173
4868,"Chiroptera","Nycteridae","Nycteris nana",6.98,0.239,60.742,34,5494.926,NA,477.062,0.0868186395958745,NA,584.449,107.97,NA,1,1,360.152,NA,52.5,NA,1985.746,0.106361577935717,NA,NA,NA,0,2,NA,NA,80,20,0,80,10,10,0,0,0,0,0,0,0,1,3,"A",1,0,0,0,1,2100,0,2100,0,"Occurs on mainland",1,0,"Afrotropical",2,1,0,0,0,0,1,0,0,0,0,1,0,0,0,0,0,0,1,1,0,0,0,0,0,0,0,0,0,0,0,0,0,0,"Nycteris nana","Nycteris nana",1,1,NA,NA,34,NA,NA,NA,NA,NA,NA,NA,0.927290259,1.020317248,1.095846081,23.88022993,-45.36410609,5.697993558,5.16468905,23.3903912,12.87766556,11.26203209,2.415769096,-7.799977602,-2.176533275,3.402205644,-1.853961763,-1.260237493,-2.333448641,4.671587969,-12.29586757,-1.141846254
4869,"Chiroptera","Nycteridae","Nycteris parisii",7.6,0.51,68.649,NA,4643.535,NA,374.644,0.0806807744530837,NA,448.039,103.608,NA,1.012,1.155,346.95,NA,56.592,NA,1763.244,0.0964866206456934,NA,NA,NA,NA,2,NA,NA,100,0,0,NA,NA,NA,NA,NA,NA,NA,NA,NA,NA,1,3,"A",1,0,0,0,1,NA,NA,NA,NA,"Occurs on mainland",NA,NA,"Afrotropical",1,1,0,0,0,0,1,0,0,0,0,1,0,0,0,0,0,0,0,1,0,0,0,0,0,0,0,0,0,0,0,0,0,0,"Nycteris parisii","Nycteris parisii",0,0,NA,NA,NA,NA,NA,NA,NA,NA,NA,NA,0.037459917,0.053143616,0.062553836,23.82703871,-45.47071839,5.53790714,5.258386587,23.23868627,12.89665074,11.15629434,2.536786731,-7.762799694,-2.09915556,3.365429816,-1.78761289,-1.266571179,-2.357896532,4.520498512,-12.60346688,-1.073027203
4870,"Chiroptera","Nycteridae","Nycteris thebaica",9.2,0.278,52.65,45.25,5850.134,NA,445.924,0.076224578787426,NA,558.446,114.95,NA,1,1.25,333.304,NA,60.855,NA,2056.392,0.0954586681262344,NA,NA,NA,0,2,NA,NA,80,20,0,80,10,10,0,0,0,0,0,0,0,1,3,"A",1,0,0,0,1,2000,0,2000,0,"Occurs on mainland",1,0,"Afrotropical, Palearctic",6,1,0,0,0,0,1,0,0,0,1,1,0,0,0,0,0,0,1,1,1,1,0,0,1,1,0,0,0,0,0,0,0,0,"Nycteris thebaica","Nycteris thebaica",0,1,28.32759172,5.499999994,45.25000005,6.500000005,0,9.999999997,0,0,0,1,0.01757803,0.470718451,0.595570713,23.52305481,-46.78335297,4.335866566,5.938907654,21.25275746,12.88804883,9.914222228,3.562268904,-7.094488299,-1.260610851,2.752497838,-0.851168356,-1.196687262,-2.315615571,3.077240621,-14.18995703,-0.133477247
4871,"Chiroptera","Nycteridae","Nycteris tragata",16.09,0.46,82.202,49.5,5080.432,365.25,365.25,0.0718934925218958,365.25,419.005,92.534,NA,1,1.715,275.05,NA,60.482,NA,1825,0.082474285651299,NA,NA,NA,0,2,NA,NA,80,20,0,80,10,10,0,0,0,0,0,0,0,1,3,"A",1,0,0,0,1,NA,NA,NA,1,"Occurs on mainland",1,0,"Indomalayan",3,1,0,0,0,0,1,0,0,0,0,0,0,0,1,0,0,0,1,0,0,0,0,1,1,0,0,0,0,0,0,0,0,0,"Nycteris tragata","Nycteris tragata",1,0,30.24563757,4.7,49.50000001,NA,NA,NA,NA,NA,NA,NA,1.617916799,2.304193738,2.708019312,23.79732026,-45.55947073,5.439071228,5.317815321,23.09724551,12.90815032,11.06057332,2.62964427,-7.710576394,-2.024558188,3.318837491,-1.714359203,-1.266350817,-2.369108423,4.386977537,-12.79975467,-1.008781699
7154,"Chiroptera","Nycteridae","Nycteris vinsoni",17.015,0.537,94.63,51,3646.865,NA,295.892,0.0811359894045982,NA,376.759,78.21,NA,0.99,2.25,265.202,NA,60.41,NA,1484.968,0.103310377543452,NA,NA,NA,0,2,NA,NA,100,0,0,NA,NA,NA,NA,NA,NA,NA,NA,NA,NA,1,3,"A",1,0,0,0,1,NA,NA,NA,NA,"Occurs on mainland",NA,NA,"Afrotropical",1,1,0,0,0,0,1,0,0,0,0,1,0,0,0,0,0,0,0,1,0,0,0,0,0,0,0,0,0,0,0,0,0,0,"Nycteris vinsoni","Nycteris macrotis",0,0,NA,NA,NA,NA,NA,NA,NA,NA,NA,NA,0.245779787,0.838721623,0.983506316,23.96945552,-45.16258152,5.985673448,4.995694537,23.70123584,12.82192644,11.46026549,2.162309576,-7.856249696,-2.321116692,3.494782378,-2.02926565,-1.24186522,-2.26489915,4.923555042,-11.51827648,-1.285921466
4872,"Chiroptera","Nycteridae","Nycteris woodi",7.6,0.306,72.946,39.5,4674.21,NA,352.934,0.0755066631580524,NA,410.91,98.304,NA,1.01,1.518,302.332,NA,56.983,NA,1737.557,0.0879100425526453,NA,NA,NA,0,2,NA,NA,80,20,0,80,10,10,0,0,0,0,0,0,0,1,3,"A",1,0,0,0,1,NA,0,NA,NA,"Occurs on mainland",NA,NA,"Afrotropical",2,1,0,0,0,0,1,0,0,0,0,1,0,0,0,0,0,0,0,1,0,0,0,0,1,0,0,0,0,0,0,0,0,0,"Nycteris woodi","Nycteris woodi",0,0,NA,NA,NA,NA,NA,NA,NA,NA,NA,NA,0.504508426,0.615280294,0.724983803,23.74959488,-45.7452568,5.277968612,5.415924505,22.79986004,12.92155541,10.86991687,2.803340277,-7.613362732,-1.895268786,3.215942857,-1.555108938,-1.260178988,-2.385854436,4.163795384,-13.24875758,-0.861562934
7155,"Chiroptera","Vespertilionidae","Nycticeinops schlieffeni",5.05,0.127,56,30.99,1207.781,NA,221.681,0.183544036543049,NA,331.481,78.63,NA,2.54,1,354.872,NA,42.232,NA,1304.518,0.274454557572937,NA,NA,NA,1,2,NA,NA,100,0,0,100,0,0,0,0,0,0,0,0,0,1,3,"A",1,0,0,0,1,NA,0,NA,0,"Occurs on mainland",1,0,"Afrotropical, Palearctic",3,1,0,0,0,0,1,0,0,0,1,1,0,0,0,0,0,0,0,1,1,0,0,0,0,1,0,0,0,0,0,0,0,0,"Nycticeinops schlieffeni","Nycticeinops schlieffenii",0,1,39.18183769,6.900000004,30.83333333,NA,0,NA,0,0,0,1,0.072147352,0.438292166,0.676253355,33.19921191,35.72792379,-27.15694731,12.34852817,8.462427594,0.364943831,1.42733584,-2.339364255,4.29302742,12.24135622,9.953071429,-8.794472053,0.644390503,-0.078231705,-2.102071784,-0.653611421,0.672914507
5618,"Chiroptera","Vespertilionidae","Nycticeius aenobarbus",5.69,NA,62,NA,NA,106.82,106.82,NA,NA,199.07,92.25,NA,0.99,2.5,NA,NA,30.32,NA,NA,NA,NA,NA,NA,NA,NA,NA,NA,NA,NA,NA,NA,NA,NA,NA,NA,NA,NA,NA,NA,NA,NA,3,"A",1,0,0,0,1,NA,NA,NA,NA,NA,NA,NA,NA,NA,1,0,0,0,0,NA,NA,NA,NA,0,0,0,0,0,0,0,0,0,0,0,0,0,0,0,0,0,0,0,0,0,0,0,0,"Nycticeius aenobarbus","Nycticeius aenobarbus",0,0,NA,NA,NA,NA,NA,NA,NA,NA,NA,NA,NA,NA,NA,36.66094923,24.53275125,10.09471626,-8.156230607,-16.44883521,13.00025164,13.48299271,-12.53262439,10.80022894,3.628975689,-5.447066927,7.742227701,0.934675071,0.047198757,4.779401542,0.406578445,-0.759656859
5619,"Chiroptera","Vespertilionidae","Nycticeius cubanus",6.65,0.19,50,NA,8760,410.5,365,0.0416666666666667,456,471.428,87.464,NA,1.47,1,364.75,1.74,29.14,3.555,2617.035,0.0538159817351598,0.384631578947368,NA,NA,1,2,NA,NA,100,0,0,NA,NA,NA,NA,NA,NA,NA,NA,NA,NA,1,3,"A",1,0,0,0,1,NA,NA,NA,NA,"Occurs only on isolated islands",NA,NA,"Neotropical",NA,1,0,0,0,0,0,0,0,1,0,0,0,0,0,0,1,0,1,0,0,0,0,0,0,1,0,0,0,0,0,0,0,0,"Nycticeius cubanus","Nycticeius cubanus",0,0,NA,NA,NA,NA,NA,NA,NA,NA,NA,NA,NA,NA,NA,36.65621931,24.54906926,9.998521973,-8.10115383,-16.39515273,13.03189701,13.53633486,-12.63995634,10.97014278,3.851608459,-5.404271569,7.77594277,0.978214821,0.050740038,5.153351974,0.481414075,-0.74143196
5620,"Chiroptera","Vespertilionidae","Nycticeius humeralis",6.65,0.559,50,33.74,8760,410.5,365,0.0416666666666667,456,486.97,98.759,NA,1.47,1,364.75,1.74,29.14,3.555,2614.529,0.0555901826484018,0.384631578947368,NA,NA,0,2,NA,NA,100,0,0,100,0,0,0,0,0,0,0,0,0,1,3,"A",1,0,0,0,1,300,0,300,0,"Occurs on mainland",0,0,"Nearctic",1,1,0,0,0,0,1,0,0,0,0,0,0,0,0,1,0,0,1,0,0,0,0,0,0,0,0,0,0,0,0,0,0,0,"Nycticeius humeralis","Nycticeius humeralis",0,0,50.34542755,6.800000005,33.73999998,478.0000004,1,2,0,0,0,1,0.144957472,0.715668452,0.940815777,36.63674876,24.58458269,9.803088744,-7.989117679,-16.31080939,13.09411129,13.60638769,-12.74218107,11.12241357,4.029521083,-5.369253187,7.786805404,1.0098788,0.065835948,5.480637363,0.606842856,-0.72233878
5306,"Chiroptera","Natalidae","Nyctiellus lepidus",3.88,0.226,60.296,29,4707.295,NA,365.344,0.0776123017571663,NA,449.139,124.058,NA,1.018,1.077,359.51,NA,65.733,NA,1769.189,0.0954133955913109,NA,NA,NA,0,2,NA,NA,100,0,0,100,0,0,0,0,0,0,0,0,0,1,3,"A",1,0,0,0,1,422,0,422,1,"Occurs only on isolated islands",1,0,"Neotropical",2,1,0,0,0,0,0,0,0,1,0,0,0,0,0,0,1,0,1,0,0,0,0,0,1,0,0,0,0,0,0,0,0,0,"Nyctiellus lepidus","Nyctiellus lepidus",0,0,NA,NA,29.00000001,NA,NA,NA,NA,NA,NA,NA,NA,NA,NA,26.62890199,-35.19902168,13.32849547,1.769492149,31.00824526,7.927158821,10.54495398,-5.966730839,-3.588102282,-7.840190038,2.543237058,-8.212080649,-0.801184632,1.145984945,4.865523094,10.88289133,-0.343026686
4439,"Chiroptera","Pteropodidae","Nyctimene aello",85.26,1.572,121.55,82.74,5029.9,NA,578.028,0.114918388039524,NA,733.363,133.714,NA,0.98,1.521,288.626,NA,100.86,NA,2082.304,0.145800711743772,NA,NA,NA,0,2,NA,1,0,0,100,0,0,0,0,0,0,100,0,0,0,1,1,"Ar",1,0,0,0,1,1000,0,1000,0,"Occurs on large land bridge islands",1,0,"Australasian",2,0,1,0,0,0,0,0,1,0,0,0,0,1,0,0,0,0,1,0,0,1,0,0,0,0,0,0,0,0,0,1,0,0,"Nyctimene aello","Nyctimene aello",1,0,41.4357362,6.199999993,82.74000008,NA,NA,NA,0,0,1,0,1.781436535,2.85659387,3.60498088,-70.27340995,4.209304644,-12.55009464,-31.53488302,6.298681917,9.921550829,-7.915464351,3.595355702,7.3729756,-4.054982445,-6.721712205,-7.757734004,12.56561762,2.24467511,0.689319717,-2.202436145,-7.284768571
4440,"Chiroptera","Pteropodidae","Nyctimene albiventer",29.95,0.825,82.32,54.78,2750.5,228.3,228.3,0.0830030903472096,NA,323.867,123.148,NA,0.99,2,232.96,NA,68.356,NA,1244.21,0.117748409380113,NA,NA,NA,1,2,NA,1.5,0,0,100,0,0,0,0,0,0,100,0,0,0,1,1,"Ar",1,0,0,0,1,1900,0,1900,0,"Occurs on large land bridge islands",1,0,"Australasian",1,0,1,0,0,0,0,0,1,0,0,0,0,1,0,0,0,0,1,1,0,1,0,0,0,0,0,0,0,0,0,1,0,0,"Nyctimene albiventer","Nyctimene albiventer",1,0,41.70140919,6.299999993,54.78000001,NA,NA,NA,0,0,1,0,0.956470404,2.840367695,3.436584145,-70.04129349,4.033262461,-13.08957257,-32.46623083,6.367435494,9.702090802,-7.582213691,3.979179793,7.583075307,-3.814304895,-7.339516367,-8.244479731,11.01989584,4.98397663,0.869605497,-2.480499908,-6.795431235
4441,"Chiroptera","Pteropodidae","Nyctimene cephalotes",44.92,1.214,94.7,65.03,4776.616,NA,594.909,0.124546122191945,NA,737.094,130.613,NA,0.98,1.375,313.288,NA,89.196,NA,2088.517,0.154313011554624,NA,NA,NA,0,2,NA,1,0,0,100,0,0,0,0,0,0,100,0,0,0,1,1,"Ar",1,0,0,0,1,NA,NA,NA,1,"Occurs only on isolated islands",0,0,"Australasian",1,0,1,0,0,0,0,0,0,1,0,0,0,1,0,0,0,0,1,0,0,0,0,0,0,0,0,0,0,0,0,0,0,0,"Nyctimene cephalotes","Nyctimene cephalotes",1,0,48.21512485,6.199999993,65.03,NA,NA,NA,0,0,1,0,0.851371852,1.867999557,2.341607492,-69.65620532,3.723490718,-13.52641965,-33.16720178,6.306594775,9.319017499,-7.202298986,4.22706038,7.621044399,-3.379435188,-7.759949568,-8.560645593,9.275286084,6.99613546,1.003871089,-2.572213179,-5.966369736
4442,"Chiroptera","Pteropodidae","Nyctimene certans",43.24,1.082,86.36,60.71,4729.527,NA,477.181,0.100894021748898,NA,611.054,128.378,NA,0.998,1.723,263.644,NA,83.822,NA,1945.968,0.129199812158806,NA,NA,NA,0,2,NA,NA,0,0,100,0,0,0,0,0,0,100,0,0,0,1,1,"Ar",1,0,0,0,1,2800,800,2000,1,"Occurs on large land bridge islands",0,0,"Australasian",2,0,1,0,0,0,0,0,1,0,0,0,0,1,0,0,0,0,1,0,0,1,0,0,0,0,0,0,0,0,0,1,0,0,"Nyctimene certans","Nyctimene certans",1,0,NA,NA,60.71000002,NA,NA,NA,0,0,1,0,NA,NA,NA,-69.89007288,3.965971335,-13.23707253,-32.67402998,6.369693184,9.633474736,-7.505493128,4.014359054,7.567487095,-3.735131115,-7.463599191,-8.31255381,10.6668409,5.397203445,0.899557503,-2.519352641,-6.612922291
4443,"Chiroptera","Pteropodidae","Nyctimene cyclotis",44.615,1.143,96.739,54.23,4729.56,NA,533.27,0.112752560491885,NA,671.168,129.496,NA,0.993,1.667,265.877,NA,85.937,NA,1988.837,0.141909183941001,NA,NA,NA,0,2,NA,NA,0,0,100,0,0,0,0,0,0,100,0,0,0,1,1,"Ar",1,0,0,0,1,NA,NA,NA,1,"Occurs on large land bridge islands",0,0,"Australasian",2,0,1,0,0,0,0,0,1,0,0,0,0,1,0,0,0,0,1,0,0,1,0,0,0,0,0,0,0,0,0,1,0,0,"Nyctimene cyclotis","Nyctimene cyclotis",1,0,NA,NA,NA,NA,NA,NA,NA,NA,NA,NA,4.448214254,4.448214254,4.448214254,-70.02114498,4.053281622,-12.95495498,-32.19408732,6.331674403,9.730282969,-7.662514111,3.850507266,7.497356471,-3.902152757,-7.093690153,-8.031067603,11.60203514,4.021191134,0.798711879,-2.381566424,-7.022225067
4444,"Chiroptera","Pteropodidae","Nyctimene draconilla",30.05,0.958,96.16,49.99,2853.399,228.3,228.3,0.0800098408950168,NA,331.959,123.384,NA,0.99,2,229.695,NA,63.27,NA,1264.687,0.116338093620976,NA,NA,NA,0,2,NA,NA,0,0,100,0,0,0,0,0,0,100,0,0,0,1,1,"Ar",1,0,0,0,1,100,0,100,1,"Occurs on large land bridge islands",0,0,"Australasian",2,0,1,0,0,0,0,0,1,0,0,0,0,1,0,0,0,0,1,0,0,1,0,0,0,0,0,0,0,0,0,1,0,0,"Nyctimene draconilla","Nyctimene draconilla",1,0,NA,NA,NA,NA,NA,NA,NA,NA,NA,NA,NA,NA,NA,-69.73934121,3.817455624,-13.37307795,-32.99701525,6.36018891,9.422642663,-7.276848897,4.184214262,7.613806797,-3.468916356,-7.661726751,-8.538401206,9.674983538,6.569508582,1.011012369,-2.580539981,-6.093924522
4445,"Chiroptera","Pteropodidae","Nyctimene keasti",29.95,0.883,82.32,NA,2785.03,228.3,228.3,0.0819739823269408,NA,331.699,123.473,NA,0.99,2,230.015,NA,62.958,NA,1246.888,0.119100691913552,NA,NA,NA,0,2,NA,NA,0,0,100,NA,NA,NA,NA,NA,NA,NA,NA,NA,NA,1,1,"Ar",1,0,0,0,1,1000,0,1000,NA,"Occurs only on isolated islands",NA,NA,"Australasian",2,0,1,0,0,0,0,0,0,1,0,0,0,1,0,0,0,0,1,0,0,1,0,0,0,0,0,0,0,0,0,1,0,0,"Nyctimene keasti","Nyctimene keasti",1,0,NA,NA,NA,NA,NA,NA,NA,NA,NA,NA,NA,NA,NA,-69.66128575,3.711096033,-13.59796828,-33.30757683,6.319251907,9.23719235,-7.06305829,4.348839312,7.647999379,-3.239191664,-7.916816174,-8.655187179,8.468622096,7.824603436,1.051542445,-2.597868399,-5.529087246
4446,"Chiroptera","Pteropodidae","Nyctimene major",60.33,1.448,135.015,76.12,4878.607,NA,542.683,0.111237285561227,NA,690.961,134.306,NA,0.995,1.664,266.562,NA,92.847,NA,2033.978,0.14163079747969,NA,NA,NA,0,2,NA,1,0,0,100,0,0,0,0,0,0,100,0,0,0,1,1,"Ar",1,0,0,0,1,900,0,900,1,"Occurs on mainland",0,0,"Australasian",2,0,1,0,0,0,1,0,0,0,0,0,0,1,0,0,0,0,1,0,0,1,0,0,0,0,0,0,0,0,0,1,0,0,"Nyctimene major","Nyctimene major",1,0,NA,NA,76.12000007,NA,NA,NA,NA,NA,NA,NA,1.638376193,1.768481687,1.846544983,-70.01822191,4.035136556,-13.05099213,-32.37924283,6.353179177,9.705160868,-7.609858484,3.91965066,7.544204488,-3.862410291,-7.223749767,-8.146292586,11.32530236,4.561257914,0.83779669,-2.439860837,-6.90752522
4447,"Chiroptera","Pteropodidae","Nyctimene malaitensis",78.39,1.472,119.69,65.1,4795.762,NA,568.4,0.118521311107599,NA,717.58,133.49,NA,0.993,1.627,269.751,NA,97.526,NA,2056.169,0.149627942337422,NA,NA,NA,0,2,NA,NA,0,0,100,0,0,0,0,0,0,100,0,0,0,1,1,"Ar",1,0,0,0,1,NA,NA,NA,1,"Occurs only on isolated islands",0,0,"Australasian",1,0,1,0,0,0,0,0,0,1,0,0,0,1,0,0,0,0,1,0,0,0,0,0,0,0,0,0,0,0,0,0,0,0,"Nyctimene malaitensis","Nyctimene malaitensis",1,0,NA,NA,NA,NA,NA,NA,NA,NA,NA,NA,NA,NA,NA,-69.81414677,3.921280816,-13.33534781,-32.81637431,6.370322557,9.583810773,-7.439555722,4.060361657,7.565041843,-3.659385235,-7.56549959,-8.370717863,10.2819402,5.871214032,0.929242361,-2.564397595,-6.434614365
4448,"Chiroptera","Pteropodidae","Nyctimene masalai",30.425,0.896,82.32,66.67,2803.109,228.3,228.3,0.0814452809362747,NA,329.848,123.288,NA,0.99,2,229.719,NA,63.101,NA,1246.568,0.117672198976208,NA,NA,NA,0,2,NA,NA,0,0,100,0,0,0,0,0,0,100,0,0,0,1,1,"Ar",1,0,0,0,1,NA,NA,NA,1,"Occurs only on isolated islands",0,0,"Australasian",NA,0,1,0,0,0,0,0,0,1,0,0,0,1,0,0,0,0,1,0,0,0,0,0,0,1,0,0,0,0,0,0,0,0,"Nyctimene masalai","Nyctimene masalai",0,0,NA,NA,NA,NA,NA,NA,NA,NA,NA,NA,1.752423675,1.881895279,2.006276969,-70.2067611,4.139505449,-12.76017518,-31.91217078,6.323323353,9.8048076,-7.757914169,3.76978418,7.460079028,-3.952768963,-6.970214444,-7.948554011,11.93903896,3.438885694,0.759203027,-2.303628588,-7.134202105
7156,"Chiroptera","Pteropodidae","Nyctimene minutus",21.31,0.96,85.489,52.57,4346.488,NA,550.886,0.12674278635993,NA,692.24,130.608,NA,0.996,1.621,275.849,NA,82.456,NA,2021.687,0.159264215154856,NA,NA,NA,0,2,NA,NA,0,0,100,0,0,0,0,0,0,100,0,0,0,1,1,"Ar",1,0,0,0,1,900,700,200,1,"Occurs only on isolated islands",0,0,"Australasian",1,0,1,0,0,0,0,0,0,1,0,0,0,1,0,0,0,0,0,0,0,0,0,0,0,0,0,0,0,0,0,0,0,0,"Nyctimene minutus","Nyctimene albiventer",0,0,NA,NA,NA,NA,NA,NA,NA,NA,NA,NA,0.956470404,2.840367695,3.436584145,-69.67679924,3.71877477,-13.57024763,-33.25943859,6.316086909,9.279807988,-7.130859583,4.289552948,7.624559924,-3.282971142,-7.855779722,-8.613253582,8.745924921,7.511416414,1.032072053,-2.584075985,-5.683620444
4449,"Chiroptera","Pteropodidae","Nyctimene rabori",68.25,6.008,222.937,77,5182.707,295.82,243.52,0.0469870282074599,365.25,365,138.16,NA,1,1,335.499,NA,105,NA,1756.322,0.0704265164903206,NA,NA,30,0,2,NA,NA,0,0,100,0,0,0,0,0,0,100,0,0,0,1,1,"Ar",1,0,0,0,1,1300,0,1300,1,"Occurs only on isolated islands",0,0,"Indomalayan",1,0,1,0,0,0,0,0,0,1,0,0,0,0,1,0,0,0,1,0,0,1,0,0,0,0,0,0,0,0,0,1,0,0,"Nyctimene rabori","Nyctimene rabori",1,0,NA,NA,NA,NA,NA,NA,NA,NA,NA,NA,1.484198616,1.749732762,1.813396043,-69.67411365,3.720855679,-13.55936357,-33.23865403,6.315893916,9.301773539,-7.162858292,4.27288824,7.634765348,-3.325260968,-7.836778967,-8.61314241,8.978980517,7.318456138,1.023485155,-2.587888715,-5.829170074
4450,"Chiroptera","Pteropodidae","Nyctimene robinsoni",48.83,1.231,114.106,65.36,5301.853,NA,628.013,0.118451605504717,NA,769.557,98.93,NA,0.995,1,360.338,NA,121.76,NA,2224.738,0.14514868669501,NA,NA,NA,0,2,NA,1,0,0,100,0,0,0,0,0,0,100,0,0,0,1,1,"Ar",1,0,0,0,1,NA,NA,NA,0,"Occurs on mainland",0,0,"Australasian",2,0,1,0,0,0,1,0,0,0,0,0,0,1,0,0,0,0,1,0,0,1,0,0,0,0,0,0,0,0,0,1,0,0,"Nyctimene robinsoni","Nyctimene robinsoni",1,0,44.52603149,5.6,65.36000007,NA,NA,NA,0,0,1,0,0.264598341,1.055806193,1.255140978,-69.74923056,3.82302395,-13.35326215,-32.96307307,6.358912448,9.459124506,-7.33270505,4.1418134,7.605789728,-3.511796263,-7.616892079,-8.515788924,9.927537358,6.29026897,0.995237239,-2.569011073,-6.222816973
7157,"Chiroptera","Pteropodidae","Nyctimene sanctacrucis",59.25,1.27,108.466,75.12,4807.506,NA,544.062,0.113169281535998,NA,692.402,130.957,NA,0.992,1.666,266.703,NA,89.55,NA,2017.211,0.144025197264444,NA,NA,NA,0,2,NA,NA,0,0,100,0,0,0,0,0,0,100,0,0,0,1,1,"Ar",1,0,0,0,1,NA,NA,NA,NA,"Occurs only on isolated islands",NA,NA,"Australasian",NA,0,1,0,0,0,0,0,0,1,0,0,0,1,0,0,0,0,1,0,0,0,0,0,0,1,0,0,0,0,0,0,0,0,"Nyctimene sanctacrucis","Nyctimene major",0,0,NA,NA,NA,NA,NA,NA,NA,NA,NA,NA,1.638376193,1.768481687,1.846544983,-70.27002504,4.224054442,-12.47588562,-31.39514596,6.287671669,9.973316809,-7.991962607,3.553044457,7.390844702,-4.142924351,-6.586795916,-7.676600215,12.9272293,1.595509868,0.655523335,-2.142781091,-7.385164518
4452,"Chiroptera","Pteropodidae","Nyctimene vizcaccia",30.9,0.988,93.93,58.07,2803.748,228.3,228.3,0.0814267188063977,NA,323.267,124.313,NA,0.98,2,230.054,NA,69.678,NA,1237.123,0.115298165170336,NA,NA,NA,0,2,NA,1,0,0,100,0,0,0,0,0,0,100,0,0,0,1,1,"Ar",1,0,0,0,1,1800,0,1800,1,"Occurs only on isolated islands",0,0,"Australasian",1,0,1,0,0,0,0,0,0,1,0,0,0,1,0,0,0,0,1,0,0,0,0,0,0,0,0,0,0,0,0,0,0,0,"Nyctimene vizcaccia","Nyctimene vizcaccia",1,0,NA,NA,58.07,NA,NA,NA,NA,NA,NA,NA,1.652925287,1.797304068,1.909853984,-70.23552412,4.181087461,-12.67239551,-31.75891505,6.323108353,9.860516457,-7.806351623,3.713326378,7.446297189,-4.01595546,-6.86165643,-7.873025348,12.24818882,2.933693404,0.7335356,-2.281251124,-7.241499894
5259,"Chiroptera","Molossidae","Nyctinomops aurispinosus",18.43,0.479,87,49.5,4905.46,NA,432.799,0.0882280153135486,NA,521.593,89.987,NA,1,1.025,362.898,NA,55.872,NA,1904.68,0.106329070056631,NA,NA,NA,1,2,NA,NA,100,0,0,100,0,0,0,0,0,0,0,0,0,1,3,"A",1,0,0,0,1,3150,0,3150,0,"Occurs on mainland",1,0,"Neotropical",2,1,0,0,0,0,1,0,0,0,0,0,0,0,0,0,1,0,1,0,0,1,0,0,1,0,0,0,0,0,0,1,0,0,"Nyctinomops aurispinosus","Nyctinomops aurispinosus",1,0,NA,NA,49.50000001,NA,NA,2,0,0,0,1,0.003910559,0.236347957,0.224814041,31.75711905,-15.09030261,28.61874568,-8.877701869,31.01323414,-13.34329312,-5.241133469,-7.982905278,9.321407997,1.702048376,-4.595961827,4.481014374,0.146470852,0.703281464,-7.971766852,1.720050738,0.743076249
5260,"Chiroptera","Molossidae","Nyctinomops femorosaccus",14.5,0.45,74.013,47.5,5462.501,NA,546.682,0.100079066347082,NA,660.037,80,NA,0.99,1,363.343,3.5,53.47,NA,2043.123,0.120830549962371,0.238965517241379,NA,NA,1,2,NA,NA,100,0,0,100,0,0,0,0,0,0,0,0,0,1,3,"A",1,0,0,0,1,2250,0,2250,0,"Occurs on mainland",1,0,"Nearctic, Neotropical",3,1,0,0,0,0,1,0,0,0,0,0,0,0,0,1,1,0,1,0,0,1,0,1,1,0,0,0,0,0,0,1,0,0,"Nyctinomops femorosaccus","Nyctinomops femorosaccus",0,0,NA,NA,47.50000004,54.99999994,1,1,1,0,0,0,0.022120725,0.222022676,0.290867526,31.71542058,-15.21406168,28.54119506,-8.810388069,31.13482911,-13.19752624,-5.071206419,-8.041872995,9.252046104,1.558766328,-4.572078867,4.373999336,0.136832747,0.74474148,-7.985573628,2.218226009,0.726719709
5261,"Chiroptera","Molossidae","Nyctinomops laticaudatus",13.56,0.334,64,43.24,5814.439,NA,560.211,0.0963482461506604,NA,669.722,94.963,NA,0.995,1,363.741,4.01,54.849,NA,2081.382,0.115182565334334,0.294244100294985,NA,NA,1,2,NA,NA,100,0,0,100,0,0,0,0,0,0,0,0,0,1,3,"A",1,0,0,0,1,1500,NA,NA,0,"Occurs on mainland",1,0,"Neotropical",2,1,0,0,0,0,1,0,0,0,0,0,0,0,0,0,1,0,1,0,0,1,0,0,0,0,0,0,0,0,0,1,0,0,"Nyctinomops laticaudatus","Nyctinomops laticaudatus",1,0,NA,NA,43.23999997,749.9999993,NA,11,0,0,0,1,0.171016303,0.781307201,0.914656101,31.69168567,-15.36544782,28.42354918,-8.703485455,31.3038602,-12.9995167,-4.885295969,-8.073908407,9.156500592,1.410563774,-4.534045857,4.244200958,0.137158857,0.799243148,-7.840626054,2.767574267,0.700955259
5262,"Chiroptera","Molossidae","Nyctinomops macrotis",23,0.498,86.111,60.99,2767.379,106.54,106.54,0.038498521525241,106.54,182.64,76.1,NA,0.995,1,324.898,4.94,76.1,NA,1199.943,0.0659974654718418,0.213708695652174,NA,NA,1,2,NA,NA,100,0,0,100,0,0,0,0,0,0,0,0,0,1,3,"A",1,0,0,0,1,2600,0,2600,0,"Occurs on mainland",1,0,"Nearctic, Neotropical",1,1,0,0,0,0,1,0,0,0,0,0,0,0,0,1,1,0,1,0,0,1,0,0,0,0,0,0,0,0,0,1,0,0,"Nyctinomops macrotis","Nyctinomops macrotis",1,0,45.1,9.160000007,60.98999995,75.50000006,1,NA,0,0,0,1,0.077003919,0.448925054,0.714100866,31.63447595,-15.60074834,28.20769927,-8.507800798,31.67086433,-12.63759032,-4.510081703,-8.193742266,8.992602086,1.055172394,-4.465778292,3.928190091,0.084082871,0.896431638,-7.693825387,3.967057001,0.627505372
5780,"Chiroptera","Vespertilionidae","Nyctophilus arnhemensis",6.83,0.856,65.077,37.5,2881.281,NA,332.162,0.115282750970836,NA,370.811,58.867,NA,2,1.078,359.387,NA,46.095,NA,1548.15,0.128696576279787,NA,NA,NA,1,2,NA,NA,100,0,0,100,0,0,0,0,0,0,0,0,0,1,3,"A",1,0,0,0,1,NA,NA,NA,0,"Occurs on mainland",0,0,"Australasian",2,1,0,0,0,0,1,0,0,0,0,0,0,1,0,0,0,0,1,1,0,0,0,0,0,0,0,0,0,0,0,0,0,0,"Nyctophilus arnhemensis","Nyctophilus arnhemensis",1,0,NA,NA,37.50000002,NA,NA,NA,NA,NA,NA,NA,0.175955312,0.714216476,0.875898468,33.15179504,36.06698832,-28.65094818,13.23474558,9.769913141,-1.166104289,-0.617821703,0.35186341,0.67124619,6.917320996,7.603790658,-7.625460379,-0.232340395,-0.127468482,-6.973095378,-1.246786626,-0.266025573
5781,"Chiroptera","Vespertilionidae","Nyctophilus bifax",10.605,0.885,73.683,43.5,365,326.81,326.81,0.895369863013699,NA,349.75,22.94,NA,2,1.655,292.92,1.65,44.34,NA,1338.497,0.958219178082192,0.514992927864215,NA,NA,1,2,NA,NA,100,0,0,NA,NA,NA,NA,NA,NA,NA,NA,NA,NA,1,3,"A",1,0,0,0,1,NA,NA,NA,0,"Occurs on mainland",0,0,NA,NA,1,0,0,0,0,1,0,0,0,0,0,0,0,0,0,0,0,1,0,0,0,0,0,0,0,0,0,0,0,0,0,0,0,"Nyctophilus bifax","Nyctophilus bifax",1,0,28.87442146,5.175,43.4,NA,NA,NA,NA,NA,NA,NA,0.170819474,0.953555993,1.324649969,33.14121974,36.02591536,-28.54536384,13.17035785,9.667287912,-1.054726059,-0.451714508,0.126477467,1.00996068,7.630131428,8.13461757,-8.089674565,-0.155546767,-0.131301246,-6.889153628,-1.295976251,-0.158022323
5782,"Chiroptera","Vespertilionidae","Nyctophilus corbeni",NA,0.283,75.33,NA,4046.039,NA,369.587,0.0913453874270614,NA,414.33,69.963,NA,1.61,1.044,360.971,NA,47.317,NA,1690.285,0.10240385720454,NA,NA,NA,1,2,NA,NA,100,0,0,NA,NA,NA,NA,NA,NA,NA,NA,NA,NA,1,3,"A",1,NA,NA,NA,NA,NA,NA,NA,0,NA,1,0,NA,NA,1,0,0,0,0,NA,NA,NA,NA,0,0,0,0,0,0,0,0,1,0,0,0,0,0,0,0,0,0,0,0,0,0,0,0,"Nyctophilus corbeni","Nyctophilus corbeni",1,0,NA,NA,NA,NA,NA,NA,NA,NA,NA,NA,0.030506287,0.40006776,0.526108454,33.1445683,36.03061016,-28.53650572,13.16259717,9.647499773,-1.018493981,-0.398368335,0.05231829,1.122759205,7.866282931,8.305988964,-8.236268883,-0.130165219,-0.133548261,-6.842321437,-1.310921296,-0.119569603
5783,"Chiroptera","Vespertilionidae","Nyctophilus daedalus",10.605,0.885,73.683,43.5,365,326.81,326.81,0.895369863013699,NA,349.75,22.94,NA,2,1.655,292.92,1.65,44.34,NA,1338.497,0.958219178082192,0.514992927864215,NA,NA,1,2,NA,NA,100,0,0,NA,NA,NA,NA,NA,NA,NA,NA,NA,NA,1,3,"A",1,0,0,0,1,NA,NA,NA,NA,NA,NA,NA,NA,NA,1,0,0,0,0,NA,NA,NA,NA,0,0,0,0,0,0,0,0,1,0,0,0,1,0,0,0,0,0,0,0,0,0,0,0,"Nyctophilus bifax","Nyctophilus daedalus",1,0,NA,NA,NA,NA,NA,NA,NA,NA,NA,NA,0.104154045,0.161085532,0.1779522,33.14121974,36.02591536,-28.54536384,13.17035785,9.667287912,-1.054726059,-0.451714508,0.126477467,1.00996068,7.630131428,8.13461757,-8.089674565,-0.155546767,-0.131301246,-6.889153628,-1.295976251,-0.158022323
5784,"Chiroptera","Vespertilionidae","Nyctophilus geoffroyi",8,0.167,54.525,NA,2156.542,NA,298.07,0.138216644980715,NA,358.547,56.675,NA,1.783,1.143,354.581,NA,43.793,NA,1456.585,0.166260151668736,NA,NA,NA,1,2,NA,NA,100,0,0,100,0,0,0,0,0,0,0,0,0,1,3,"A",1,0,0,0,1,NA,NA,NA,NA,"Occurs on mainland",NA,NA,"Australasian",5,1,0,0,0,0,1,0,0,0,0,0,0,1,0,0,0,0,1,1,1,1,0,0,0,0,0,0,0,0,0,1,0,0,"Nyctophilus geoffroyi","Nyctophilus geoffroyi",1,0,36,7,37.86666696,54.99999994,NA,NA,NA,NA,NA,NA,0.018384988,0.511671036,0.740832906,33.14587825,36.04204532,-28.58193369,13.19190928,9.699605339,-1.084012023,-0.494302464,0.181580488,0.930527026,7.464547733,8.007810992,-7.975635558,-0.172764138,-0.129940321,-6.87878077,-1.279309639,-0.176982028
5785,"Chiroptera","Vespertilionidae","Nyctophilus gouldi",11.32,0.892,73.918,39.73,365,326.81,326.81,0.895369863013699,NA,349.75,22.94,NA,1.77,1.685,290.199,1.65,44.34,NA,1346.386,0.958219178082192,0.434721068904594,NA,NA,1,2,NA,NA,100,0,0,100,0,0,0,0,0,0,0,0,0,1,3,"A",1,0,0,0,1,NA,NA,NA,0,"Occurs on mainland",0,0,"Australasian",1,1,0,0,0,0,1,0,0,0,0,0,0,1,0,0,0,0,1,0,0,0,0,0,0,0,0,0,0,0,0,0,0,0,"Nyctophilus gouldi","Nyctophilus gouldi",1,0,34.86223787,6.900000004,39.72999999,NA,NA,NA,NA,NA,NA,NA,0.101102543,0.79910447,1.049698696,33.12829521,35.97771304,-28.42665083,13.09905095,9.555238779,-0.93956747,-0.282743276,-0.101058173,1.347198196,8.314385182,8.627310961,-8.510711,-0.07709652,-0.133571081,-6.73596285,-1.33581439,-0.038971218
5786,"Chiroptera","Vespertilionidae","Nyctophilus heran",7.63,0.18,61.003,NA,3175.096,NA,338.166,0.106505756046431,NA,378.063,58.546,NA,1.764,1.132,355.967,NA,44.159,NA,1620.833,0.119071360362017,NA,NA,NA,1,2,NA,NA,100,0,0,100,0,0,0,0,0,0,0,0,0,1,3,"A",1,0,0,0,1,1000,0,1000,NA,"Occurs only on isolated islands",NA,NA,"Australasian",1,1,0,0,0,0,0,0,0,1,0,0,0,1,0,0,0,0,1,0,0,0,0,0,0,0,0,0,0,0,0,0,0,0,"Nyctophilus heran","Nyctophilus heran",0,0,NA,NA,NA,NA,NA,NA,NA,NA,NA,NA,NA,NA,NA,33.1484715,36.05402964,-28.61764355,13.21477077,9.73829484,-1.135053706,-0.573794113,0.295255192,0.751905573,7.077018824,7.718951693,-7.724845571,-0.214533337,-0.127957567,-6.952683267,-1.259270711,-0.241177316
5787,"Chiroptera","Vespertilionidae","Nyctophilus howensis",20.6,0.453,83.294,NA,5922.709,NA,438.842,0.0740948103308807,NA,510.897,84.422,NA,1.473,1,363.488,NA,51.81,NA,2068.984,0.086260695907903,NA,NA,NA,1,2,NA,NA,100,0,0,NA,NA,NA,NA,NA,NA,NA,NA,NA,NA,1,3,"A",1,0,0,0,1,NA,NA,NA,NA,"Occurs only on isolated islands",NA,NA,"Australasian",1,1,0,0,0,0,0,0,0,1,0,0,0,1,0,0,0,0,1,0,0,0,0,0,0,1,0,0,0,0,0,0,0,0,"Nyctophilus howensis","Nyctophilus howensis",0,0,NA,NA,NA,NA,NA,NA,NA,NA,NA,NA,NA,NA,NA,33.14667694,36.11411384,-28.71170775,13.32865633,9.859556428,-1.264223271,-0.80271844,0.555183604,0.366925287,6.275540416,7.168574692,-7.238998522,-0.24324519,-0.176962998,-7.067108317,-1.192141079,-0.376557236
5788,"Chiroptera","Vespertilionidae","Nyctophilus major",NA,0.283,75.33,NA,4046.039,NA,369.587,0.0913453874270614,NA,414.33,69.963,NA,1.61,1.044,360.971,NA,47.317,NA,1690.285,0.10240385720454,NA,NA,NA,1,2,NA,NA,100,0,0,NA,NA,NA,NA,NA,NA,NA,NA,NA,NA,1,3,"A",1,NA,NA,NA,NA,NA,NA,NA,0,NA,1,0,NA,NA,1,0,0,0,0,NA,NA,NA,NA,0,0,0,0,0,0,0,0,1,0,0,0,0,0,0,0,0,0,0,0,0,0,0,0,"Nyctophilus sherrini","Nyctophilus major",0,0,NA,NA,NA,NA,NA,NA,NA,NA,NA,NA,0.05512551,0.12310858,0.155917239,33.13484676,35.99801678,-28.46578077,13.12113016,9.585790961,-0.961231012,-0.313579736,-0.061977638,1.292237751,8.21055183,8.55518888,-8.450177231,-0.090408028,-0.134290798,-6.771780518,-1.32941005,-0.062269228
5789,"Chiroptera","Vespertilionidae","Nyctophilus microdon",9.05,0.958,71.847,38.99,2805.396,NA,340.954,0.121535070271719,NA,391.902,64.818,NA,1.731,1.144,352.471,NA,46.899,NA,1566.803,0.13969578626333,NA,NA,NA,0,2,NA,NA,100,0,0,100,0,0,0,0,0,0,0,0,0,1,3,"A",1,0,0,0,1,2200,1900,300,NA,"Occurs on large land bridge islands",NA,NA,"Australasian",2,1,0,0,0,0,0,0,1,0,0,0,0,1,0,0,0,0,1,0,0,0,0,0,1,0,0,0,0,0,0,0,0,0,"Nyctophilus microdon","Nyctophilus microdon",1,0,NA,NA,NA,NA,NA,NA,NA,NA,NA,NA,5.362219266,5.362219266,5.362219266,33.15097317,36.12297398,-28.71459072,13.32761074,9.850747658,-1.235995072,-0.7574168,0.488081973,0.476273804,6.52732349,7.362673085,-7.410129162,-0.217471279,-0.179164321,-7.034191411,-1.207714782,-0.336272095
5790,"Chiroptera","Vespertilionidae","Nyctophilus microtis",7.29,0.869,66.995,38.99,3032.88,NA,344.073,0.113447614148928,NA,395.89,60.433,NA,1.766,1.125,354.138,NA,48.044,NA,1611.632,0.130532694996175,NA,NA,NA,1,2,NA,NA,100,0,0,100,0,0,0,0,0,0,0,0,0,1,3,"A",1,0,0,0,1,2600,0,2600,0,"Occurs on large land bridge islands",1,0,"Australasian",2,1,0,0,0,0,0,0,1,0,0,0,0,1,0,0,0,0,1,0,0,0,0,0,1,0,0,0,0,0,0,0,0,0,"Nyctophilus microtis","Nyctophilus microtis",1,0,NA,NA,NA,NA,NA,NA,NA,NA,NA,NA,1.752423675,2.63481337,3.436584145,33.15095678,36.11833686,-28.69140247,13.31262392,9.823148253,-1.202535853,-0.710822243,0.428203454,0.561239115,6.692769288,7.478677602,-7.508168304,-0.199156534,-0.179540169,-7.001475883,-1.223584202,-0.305266938
5791,"Chiroptera","Vespertilionidae","Nyctophilus nebulosus",10.5,3.205,112.165,NA,5441.824,NA,499.767,0.0918381410350647,NA,604.337,131.96,NA,1.438,1.027,359.345,NA,87.501,NA,2238.28,0.111054124499433,NA,NA,NA,0,2,NA,NA,100,0,0,NA,NA,NA,NA,NA,NA,NA,NA,NA,NA,1,3,"A",1,0,0,0,1,430,430,0,NA,"Occurs only on isolated islands",NA,NA,"Australasian",1,1,0,0,0,0,0,0,0,1,0,0,0,1,0,0,0,0,1,0,0,0,0,0,0,0,0,0,0,0,0,0,0,0,"Nyctophilus nebulosus","Nyctophilus nebulosus",1,0,NA,NA,NA,NA,NA,NA,NA,NA,NA,NA,NA,NA,NA,33.12524791,35.9681752,-28.40788365,13.08830309,9.539881849,-0.926490187,-0.26324337,-0.128114644,1.387563542,8.392356347,8.68006416,-8.553679266,-0.06671769,-0.133117859,-6.699263798,-1.336807905,-0.021900241
5792,"Chiroptera","Vespertilionidae","Nyctophilus sherrini",15.5,0.283,75.33,NA,4046.039,NA,369.587,0.0913453874270614,NA,414.33,69.963,NA,1.61,1.044,360.971,NA,47.317,NA,1690.285,0.10240385720454,NA,NA,NA,1,2,NA,NA,100,0,0,NA,NA,NA,NA,NA,NA,NA,NA,NA,NA,1,3,"A",1,0,0,0,1,NA,NA,NA,0,"Occurs on large land bridge islands",1,0,"Australasian",1,1,0,0,0,0,0,0,1,0,0,0,0,1,0,0,0,0,1,0,0,0,0,0,0,0,0,0,0,0,0,0,0,0,"Nyctophilus sherrini","Nyctophilus sherrini",0,0,NA,NA,NA,NA,NA,NA,NA,NA,NA,NA,NA,NA,NA,33.13484676,35.99801678,-28.46578077,13.12113016,9.585790961,-0.961231012,-0.313579736,-0.061977638,1.292237751,8.21055183,8.55518888,-8.450177231,-0.090408028,-0.134290798,-6.771780518,-1.32941005,-0.062269228
5793,"Chiroptera","Vespertilionidae","Nyctophilus shirleyae",NA,0.283,75.33,NA,4046.039,NA,369.587,0.0913453874270614,NA,414.33,69.963,NA,1.61,1.044,360.971,NA,47.317,NA,1690.285,0.10240385720454,NA,NA,NA,1,2,NA,NA,100,0,0,NA,NA,NA,NA,NA,NA,NA,NA,NA,NA,1,3,"A",1,0,0,0,1,1700,500,1200,0,NA,1,0,"Australasian",1,1,0,0,0,0,NA,NA,NA,NA,0,0,0,1,0,0,0,0,1,0,0,0,0,0,0,0,0,0,0,0,0,0,0,0,"Nyctophilus shirleyae","Nyctophilus shirleyae",1,0,31.63493411,6.2,NA,NA,NA,NA,NA,NA,NA,NA,NA,NA,NA,33.12291941,35.95982233,-28.38809243,13.07633655,9.520758096,-0.904081011,-0.229151533,-0.17769776,1.464215417,8.542570656,8.77940795,-8.632197179,-0.047423243,-0.133127497,-6.616980929,-1.333800106,0.008519849
5794,"Chiroptera","Vespertilionidae","Nyctophilus walkeri",4.44,0.834,63.84,32.99,2413.39,NA,309.365,0.128186907213505,NA,362.341,64.093,NA,1.8,1.272,345.574,NA,47.528,NA,1501.456,0.150137773008092,NA,NA,NA,1,2,NA,NA,100,0,0,100,0,0,0,0,0,0,0,0,0,1,3,"A",1,0,0,0,1,NA,NA,NA,0,"Occurs on mainland",0,0,"Australasian",2,1,0,0,0,0,1,0,0,0,0,0,0,1,0,0,0,0,1,1,0,0,0,0,0,0,0,0,0,0,0,0,0,0,"Nyctophilus walkeri","Nyctophilus walkeri",0,0,NA,NA,NA,NA,NA,NA,NA,NA,NA,NA,0.047257675,0.627565733,0.793248525,33.140489,36.01702403,-28.50706945,13.14520621,9.621578398,-0.992987241,-0.359617455,-0.001200981,1.203753147,8.037460262,8.434251694,-8.348813958,-0.11073291,-0.134671404,-6.823244,-1.318906758,-0.097195752
5263,"Chiroptera","Molossidae","Otomops formosus",30.39,0.659,96.659,59.5,4892.192,NA,453.838,0.0927678226856182,NA,557.438,101.582,NA,1.001,1.013,361.539,NA,60.772,NA,1953.853,0.113944424094557,NA,NA,NA,0,2,NA,NA,100,0,0,100,0,0,0,0,0,0,0,0,0,1,3,"A",1,0,0,0,1,NA,NA,NA,1,"Occurs on large land bridge islands",0,0,"Indomalayan",NA,1,0,0,0,0,0,0,1,0,0,0,0,0,1,0,0,0,1,0,0,0,0,0,0,1,0,0,0,0,0,0,0,0,"Otomops formosus","Otomops formosus",0,0,NA,NA,NA,NA,NA,NA,NA,NA,NA,NA,NA,NA,NA,31.30629599,-17.41323474,26.46662997,-7.06289313,33.34259086,-9.314208967,-1.435866996,-8.825600215,7.564911763,-1.324272965,-3.688111172,1.463577619,-0.138796224,1.550375485,-6.394233043,12.10889875,0.00022668
5264,"Chiroptera","Molossidae","Otomops harrisoni",34.92,0.756,110,65.31,4749.363,371.23,371.23,0.0781641664366358,NA,456.25,92.54,NA,0.99,1,360.209,7.99,62.434,NA,1850.407,0.0960655144700458,0.226520618556701,NA,NA,0,2,NA,NA,100,0,0,100,0,0,0,0,0,0,0,0,0,1,3,"A",1,0,0,0,1,2900,0,2900,NA,NA,NA,NA,"Palearctic",3,1,0,0,0,0,NA,NA,NA,NA,1,0,0,0,0,0,0,0,1,1,0,1,0,0,0,0,0,0,0,0,0,1,0,0,"Otomops martiensseni","Otomops harrisoni",1,0,NA,NA,NA,NA,NA,NA,NA,NA,NA,NA,1.1868923,1.1868923,1.1868923,31.12275326,-18.06894582,25.70277944,-6.486042642,33.5501595,-8.004847942,-0.394901571,-8.946635565,7.027858791,-2.277649404,-3.351167745,0.389781507,-0.462254819,1.500932504,-5.831087722,14.0106724,-0.423414681
5265,"Chiroptera","Molossidae","Otomops johnstonei",26.3,0.672,95.407,NA,4974.345,NA,492.255,0.098958757384138,NA,600.065,103.382,NA,0.999,1.078,353.46,NA,60.853,NA,1999.085,0.120631962600101,NA,NA,NA,0,2,NA,NA,100,0,0,NA,NA,NA,NA,NA,NA,NA,NA,NA,NA,1,3,"A",1,0,0,0,1,NA,NA,NA,NA,"Occurs only on isolated islands",NA,NA,"Australasian",1,1,0,0,0,0,0,0,0,1,0,0,0,1,0,0,0,0,1,0,0,0,0,0,0,0,0,0,0,0,0,0,0,0,"Otomops johnstonei","Otomops johnstonei",1,0,NA,NA,NA,NA,NA,NA,NA,NA,NA,NA,NA,NA,NA,31.18469473,-17.60926276,26.04333416,-6.786265358,33.40521367,-8.614968523,-0.790419288,-9.009322938,7.312330086,-1.874822846,-3.541534136,0.90819897,-0.274252865,1.604422764,-6.215112881,13.42966377,-0.184967826
5266,"Chiroptera","Molossidae","Otomops madagascariensis",34.92,0.76,125,NA,4624.097,371.23,371.23,0.0802816203898837,NA,463.77,92.54,NA,0.99,1,359.82,7.99,60.771,NA,1839.157,0.100294176354865,0.226520618556701,NA,NA,0,2,NA,NA,100,0,0,NA,NA,NA,NA,NA,NA,NA,NA,NA,NA,1,3,"A",1,0,0,0,1,800,0,800,NA,"Occurs only on isolated islands",NA,NA,"Afrotropical",3,1,0,0,0,0,0,0,0,1,0,1,0,0,0,0,0,0,1,0,0,1,0,0,1,0,0,0,0,0,0,1,0,0,"Otomops madagascariensis","Otomops madagascariensis",0,0,NA,8.34,62.30000005,31.50000002,NA,NA,0,0,0,1,0.648414025,0.703888169,0.737172655,31.13564799,-17.83465528,25.90507788,-6.657396626,33.50466399,-8.378428567,-0.631993448,-8.969969438,7.164803824,-2.055898032,-3.433314884,0.648300906,-0.350913318,1.567628738,-6.012151491,13.73888734,-0.295579913
5267,"Chiroptera","Molossidae","Otomops martiensseni",34.92,0.756,110,65.31,4749.363,371.23,371.23,0.0781641664366358,NA,456.25,92.54,NA,0.99,1,360.209,7.99,62.434,NA,1850.407,0.0960655144700458,0.226520618556701,NA,NA,0,2,NA,NA,100,0,0,100,0,0,0,0,0,0,0,0,0,1,3,"A",1,0,0,0,1,2900,0,2900,NA,"Occurs on mainland",NA,NA,"Afrotropical",3,1,0,0,0,0,1,0,0,0,0,1,0,0,0,0,0,0,1,1,0,1,0,0,0,0,0,0,0,0,0,1,0,0,"Otomops martiensseni","Otomops martiensseni",1,0,46.19788501,9.536666665,69.37499998,NA,1,NA,0,0,0,1,0.607620548,0.81081957,0.820231674,31.12275326,-18.06894582,25.70277944,-6.486042642,33.5501595,-8.004847942,-0.394901571,-8.946635565,7.027858791,-2.277649404,-3.351167745,0.389781507,-0.462254819,1.500932504,-5.831087722,14.0106724,-0.423414681
5268,"Chiroptera","Molossidae","Otomops papuensis",18.45,0.481,87.182,49.99,4373.762,NA,411.377,0.0940556436312721,NA,512.519,99.416,NA,1.003,1.012,361.486,NA,60.787,NA,1856.427,0.1171803586935,NA,NA,NA,0,2,NA,NA,100,0,0,100,0,0,0,0,0,0,0,0,0,1,3,"A",1,0,0,0,1,300,0,300,NA,"Occurs on large land bridge islands",NA,NA,"Australasian",1,1,0,0,0,0,0,0,1,0,0,0,0,1,0,0,0,0,1,0,0,0,0,0,0,0,0,0,0,0,0,0,0,0,"Otomops papuensis","Otomops papuensis",1,0,NA,NA,NA,NA,NA,NA,NA,NA,NA,NA,NA,NA,NA,31.24080269,-17.47859131,26.25950451,-6.937116226,33.3412947,-8.947414828,-1.085627866,-8.927530561,7.422842324,-1.619784582,-3.606273871,1.164705772,-0.199135424,1.599372713,-6.310940716,12.89745345,-0.086585671
5269,"Chiroptera","Molossidae","Otomops secundus",27.55,0.677,95.317,57.5,5213.062,NA,523.7,0.100459192697114,NA,635.711,107.213,NA,0.999,1.007,362.141,NA,61.504,NA,2061.443,0.12194579692319,NA,NA,NA,0,2,NA,NA,100,0,0,100,0,0,0,0,0,0,0,0,0,1,3,"A",1,0,0,0,1,1980,0,1980,NA,"Occurs on large land bridge islands",NA,NA,"Australasian",1,1,0,0,0,0,0,0,1,0,0,0,0,1,0,0,0,0,1,0,0,1,0,0,0,0,0,0,0,0,0,1,0,0,"Otomops secundus","Otomops secundus",1,0,NA,NA,NA,NA,NA,NA,NA,NA,NA,NA,NA,NA,NA,31.08353449,-18.17710898,25.51389613,-6.360822342,33.51096273,-7.670215738,-0.135046608,-8.962526718,6.874783898,-2.509544802,-3.252793154,0.116907769,-0.533119858,1.492363732,-5.651144993,14.43987507,-0.516877944
5270,"Chiroptera","Molossidae","Otomops wroughtoni",39.15,0.683,103.868,65,4842.869,NA,519.822,0.107337613303189,NA,666.162,117.487,NA,1,1,360.664,NA,73.597,NA,2064.916,0.137555238434077,NA,NA,NA,0,2,NA,NA,100,0,0,100,0,0,0,0,0,0,0,0,0,1,3,"A",1,0,0,0,1,860,140,720,0,"Occurs on mainland",0,0,"Indomalayan",2,1,0,0,0,0,1,0,0,0,0,0,0,0,1,0,0,0,1,0,0,0,0,0,1,0,0,0,0,0,0,0,0,0,"Otomops wroughtoni","Otomops wroughtoni",1,0,NA,NA,65.00000005,NA,NA,NA,NA,NA,NA,NA,NA,NA,NA,31.32785795,-17.19707544,26.65203497,-7.22261264,33.24161849,-9.570627514,-1.576592593,-8.887245178,7.691307488,-1.161721144,-3.767416632,1.683476997,-0.048088831,1.606686275,-6.532724742,11.87231756,0.116680912
5686,"Chiroptera","Vespertilionidae","Otonycteris hemprichii",21.98,0.716,97.3,63.09,6484.477,NA,432.086,0.0666339012382957,NA,516.898,95.294,NA,1.38,1.086,353.052,NA,52.261,NA,2121.278,0.0797131364642052,NA,NA,NA,1,2,NA,1,100,0,0,100,0,0,0,0,0,0,0,0,0,1,3,"G",1,0,0,0,1,2400,0,2400,0,"Occurs on mainland",1,0,"Afrotropical, Indomalayan, Palearctic",4,0,0,1,0,0,1,0,0,0,1,1,0,0,1,0,0,0,1,0,1,1,0,1,0,1,0,0,0,0,0,1,0,0,"Otonycteris hemprichii","Otonycteris hemprichii",0,0,32,5.999999995,63.08999994,9.499999994,NA,0,0,0,0,1,0.012419701,0.030811771,0.020744116,32.11422286,35.79114561,-30.19276452,14.98968117,11.03597553,-3.167716272,-4.622365493,4.70802786,-6.022403108,-12.28833799,-9.278238579,8.135080957,-0.726551697,0.291634628,3.101383658,0.470571314,0.440566065
5687,"Chiroptera","Vespertilionidae","Otonycteris leucophaea",21.98,0.562,97.3,63.09,5615.44,NA,351.151,0.062533122960979,NA,418.367,90.786,NA,1.38,1.114,351.598,NA,48.761,NA,1824.765,0.0745029775048794,NA,NA,NA,1,2,NA,1,100,0,0,100,0,0,0,0,0,0,0,0,0,1,3,"G",1,0,0,0,1,1500,300,1200,NA,NA,NA,NA,"Palearctic",2,0,0,1,0,0,NA,NA,NA,NA,1,0,0,0,0,0,0,0,0,0,0,1,0,0,0,1,0,0,0,0,0,0,0,0,"Otonycteris hemprichii","Otonycteris leucophaea",0,0,NA,NA,NA,NA,NA,NA,NA,NA,NA,NA,0.092424583,0.092424583,0.092424583,32.11422286,35.79114561,-30.19276452,14.98968117,11.03597553,-3.167716272,-4.622365493,4.70802786,-6.022403108,-12.28833799,-9.278238579,8.135080957,-0.726551697,0.291634628,3.101383658,0.470571314,0.440566065
4394,"Chiroptera","Pteropodidae","Otopteropus cartilagonodus",16.92,0.682,73,47,3576.803,NA,394.926,0.110413125911603,NA,530.268,129.36,NA,0.99,1.5,260.814,NA,69.039,NA,1695.375,0.148251944543773,NA,NA,NA,0,2,NA,NA,0,0,100,0,0,0,0,0,0,100,0,0,0,1,1,"Ar",1,0,0,0,1,2250,200,2050,1,"Occurs only on isolated islands",1,0,"Indomalayan",1,0,1,0,0,0,0,0,0,1,0,0,0,0,1,0,0,0,1,0,0,1,0,0,0,0,0,0,0,0,0,1,0,0,"Otopteropus cartilagonodus","Otopteropus cartilagonodus",1,0,NA,NA,47.00000001,NA,NA,NA,NA,NA,NA,NA,1.467776936,2.346522406,2.465489386,-74.13343053,7.679006306,3.055776199,-2.750238506,3.017163708,14.27007023,-16.3474543,-5.195685521,2.41478618,-4.941096301,7.107983732,3.070965286,5.290054961,-16.53076455,-0.563810185,2.165818814,6.884586215
5275,"Chiroptera","Molossidae","Ozimops loriae",8.12,114.345,1000.339,NA,2369.458,377.37,377.37,0.159264270563141,NA,484.23,106.86,NA,0.99,1,380.165,2.06,170.438,NA,3086.036,0.20436319191984,0.25115763546798,NA,NA,0,2,NA,NA,100,0,0,NA,NA,NA,NA,NA,NA,NA,NA,NA,NA,1,3,"A",1,0,0,0,1,100,0,100,0,"Occurs on mainland",0,0,"Australasian",1,1,0,0,0,0,1,0,0,0,0,0,0,1,0,0,0,0,1,0,0,0,0,0,0,0,0,0,0,0,0,0,0,0,"Mormopterus loriae","Ozimops loriae",1,0,NA,NA,NA,NA,NA,NA,NA,NA,NA,NA,NA,NA,NA,31.98926885,-13.01397196,29.78867015,-10.18511547,28.04280255,-15.81672362,-7.782818411,-7.014079831,10.10359363,4.064615918,-4.661253623,6.194488729,0.358820131,-0.186454726,-7.786417298,-7.164173705,0.948983661
5277,"Chiroptera","Molossidae","Ozimops petersi",NA,112.634,996.199,NA,8527.022,NA,721.835,0.0846526489552859,NA,873.744,174.8,NA,1.109,1.047,377.886,NA,169.129,NA,3068.876,0.102467661042742,NA,NA,NA,0,2,NA,NA,93.823,2.735,2.348,NA,NA,NA,NA,NA,NA,NA,NA,NA,NA,1,3,"A",1,0,0,0,1,NA,0,NA,0,NA,0,0,"Australasian",5,1,0,0,0,0,NA,NA,NA,NA,0,0,0,1,0,0,0,0,1,0,1,1,1,0,0,1,0,0,0,0,0,1,0,0,"Mormopterus loriae","Ozimops petersi",0,0,NA,NA,NA,NA,NA,NA,NA,NA,NA,NA,0.028833308,0.245195054,0.353580133,31.98926885,-13.01397196,29.78867015,-10.18511547,28.04280255,-15.81672362,-7.782818411,-7.014079831,10.10359363,4.064615918,-4.661253623,6.194488729,0.358820131,-0.186454726,-7.786417298,-7.164173705,0.948983661
4454,"Chiroptera","Pteropodidae","Paranyctimene raptor",23,0.731,78.835,51.66,3728.272,NA,305.553,0.0819556620332422,NA,413.672,122.69,NA,0.98,2,244.217,NA,67.591,NA,1559.364,0.110955423853195,NA,NA,NA,1,2,NA,1,0,0,100,0,0,0,0,0,0,100,0,0,0,1,1,"Ar",1,0,0,0,1,1350,0,1350,0,"Occurs on large land bridge islands",1,0,"Australasian",2,0,1,0,0,0,0,0,1,0,0,0,0,1,0,0,0,0,1,0,0,1,0,0,0,0,0,0,0,0,0,1,0,0,"Paranyctimene raptor","Paranyctimene raptor",1,0,40.68465376,5.8,53.35000003,NA,NA,NA,0,0,1,0,1.659949417,3.163473994,3.957273351,-70.28256384,4.24593336,-12.37678839,-31.21325961,6.272204171,10.03292476,-8.081393539,3.498661269,7.395877813,-4.208752367,-6.45979931,-7.599474288,13.15732771,1.064030906,0.62958058,-2.087135523,-7.409113486
4455,"Chiroptera","Pteropodidae","Paranyctimene tenax",31.5,1.058,92.596,NA,4765.765,NA,534.207,0.112092602132082,NA,667.225,129.165,NA,1.003,1.674,267.302,NA,82.889,NA,2005.215,0.140003755955235,NA,NA,NA,0,2,NA,NA,0,0,100,NA,NA,NA,NA,NA,NA,NA,NA,NA,NA,1,1,"Ar",1,0,0,0,1,1350,0,1350,NA,"Occurs on large land bridge islands",NA,NA,"Australasian",2,0,1,0,0,0,0,0,1,0,0,0,0,1,0,0,0,0,1,0,0,1,0,0,0,0,0,0,0,0,0,1,0,0,"Paranyctimene tenax","Paranyctimene tenax",1,0,NA,NA,NA,NA,NA,NA,NA,NA,NA,NA,NA,NA,NA,-70.32496697,4.285395134,-12.21329347,-30.91974084,6.247189756,10.11478742,-8.196318888,3.455595718,7.447337952,-4.325244729,-6.259827125,-7.49052893,13.45485215,0.282873399,0.595618787,-2.004509152,-7.423710844
5621,"Chiroptera","Vespertilionidae","Parastrellus hesperus",3.56,0.129,57.73,30.5,2220.113,NA,240.857,0.108488621975548,NA,330.238,72.319,NA,1.86,1,357.528,NA,41.903,NA,1332.325,0.148748284434171,NA,NA,NA,1,2,NA,NA,100,0,0,100,0,0,0,0,0,0,0,0,0,1,3,"A",1,0,0,0,1,2825,NA,NA,0,"Occurs on mainland",1,0,"Nearctic",4,1,0,0,0,0,1,0,0,0,0,0,0,0,0,1,0,0,1,0,0,1,0,1,0,1,0,0,0,0,0,0,0,0,"Parastrellus hesperus","Parastrellus hesperus",0,0,39.60033101,6.45,NA,NA,0,NA,NA,NA,NA,NA,0.017351926,0.170106978,0.228449885,32.22739028,36.04734866,-30.39957926,15.0754871,11.06626303,-3.076870857,-4.52737343,4.631746628,-5.888519781,-11.59950216,-8.470151533,7.266319656,-0.678271434,0.222721011,2.248590013,0.564025573,0.113096141
4787,"Chiroptera","Hipposideridae","Paratriaenops auritus",5.56,0.311,71.25,NA,4957.834,NA,565.859,0.114134317526565,NA,701.505,110.369,NA,1.046,1.02,362.602,NA,64.126,NA,2129.726,0.141494249303224,NA,NA,NA,0,2,NA,NA,100,0,0,NA,NA,NA,NA,NA,NA,NA,NA,NA,NA,1,3,"A",2,0,0,0,1,600,0,600,NA,"Occurs only on isolated islands",NA,NA,"Afrotropical",3,1,0,0,0,0,0,0,0,1,0,1,0,0,0,0,0,0,1,0,0,1,1,0,1,0,0,0,0,0,0,1,1,0,"Paratriaenops auritus","Paratriaenops auritus",0,0,NA,NA,NA,NA,NA,NA,NA,NA,NA,NA,NA,NA,NA,-71.03602643,9.300878678,18.93579189,31.45709048,-3.737460739,-2.901603125,1.273381964,-5.334188119,-9.27214632,7.224118404,-9.052636773,-3.840272061,-0.521537693,2.279160236,-0.243185361,-0.631946874,-10.40387924
7161,"Chiroptera","Hipposideridae","Paratriaenops furculus",5.56,0.34,71.25,43.99,5004.708,NA,577.566,0.11540453508976,NA,713.873,110.313,NA,1.035,1.016,362.646,NA,64.815,NA,2179.151,0.142640289903027,NA,NA,NA,0,2,NA,NA,100,0,0,100,0,0,0,0,0,0,0,0,0,1,3,"A",2,0,0,0,1,200,0,200,1,"Occurs only on isolated islands",0,0,"Afrotropical",2,1,0,0,0,0,0,0,0,1,0,1,0,0,0,0,0,0,0,0,0,0,0,0,0,0,0,0,0,0,0,0,0,0,"Paratriaenops furculus","Paratriaenops furculus",0,0,NA,NA,NA,NA,NA,NA,NA,NA,NA,NA,NA,NA,NA,-71.05115163,9.298279463,18.86211294,31.27860762,-3.682205775,-2.566600445,0.810467973,-5.630059221,-9.333804071,7.079038646,-8.628485638,-3.558320874,-0.430904629,2.666428253,-0.251188747,-0.700358909,-10.98929084
4789,"Chiroptera","Hipposideridae","Paratriaenops pauliani",5.56,0.34,71.25,43.99,4954.725,NA,588,0.118674598489321,NA,716.58,108.228,NA,1.032,1.019,362.935,NA,66.472,NA,2193.633,0.144625584669179,NA,NA,NA,0,2,NA,NA,100,0,0,100,0,0,0,0,0,0,0,0,0,1,3,"A",2,0,0,0,1,200,0,200,1,NA,0,0,"Afrotropical",1,1,0,0,0,0,NA,NA,NA,NA,0,1,0,0,0,0,0,0,0,0,0,0,0,1,0,0,0,0,0,0,0,0,0,0,"Paratriaenops pauliani","Paratriaenops pauliani",0,0,NA,NA,NA,NA,NA,NA,NA,NA,NA,NA,NA,NA,NA,-71.06347721,9.296705888,18.81561487,31.16614364,-3.648496181,-2.361839928,0.527112149,-5.808899541,-9.358967066,6.968896438,-8.277019835,-3.313548587,-0.454495933,3.01159163,-0.25770762,-0.746594198,-11.40063397
4836,"Chiroptera","Emballonuridae","Paremballonura atrata",4.55,0.212,58.75,38.24,4319.186,NA,339.954,0.0787078861618833,NA,407.419,119.478,NA,1.082,1.152,347.942,NA,56.607,NA,1595.521,0.0943277274930971,NA,NA,NA,0,2,NA,NA,90,0,10,90,0,0,0,0,0,10,0,0,0,1,3,"A",2,0,0,0,1,900,30,870,1,"Occurs only on isolated islands",0,0,"Afrotropical",2,1,0,0,0,0,0,0,0,1,0,1,0,0,0,0,0,0,1,0,0,0,0,0,1,0,0,0,0,0,0,0,0,0,"Emballonura atrata","Paremballonura atrata",1,0,NA,NA,38.24000003,NA,NA,NA,NA,NA,NA,NA,1.269555909,1.823591302,2.460924652,25.91502476,-37.39267426,12.09699149,2.404539371,30.43861904,9.121888243,11.49441763,-5.169611435,-4.690362699,-7.532106143,3.035847391,-7.937213053,-0.52449482,1.210870773,5.3535551,8.937795142,-0.258252401
4837,"Chiroptera","Emballonuridae","Paremballonura tiavato",3.3,0.3,58.75,38.24,3898.876,NA,332.421,0.0852607264247439,NA,399.361,119.442,NA,1.067,1.33,325.316,NA,56.898,NA,1500.351,0.102429777197326,NA,NA,NA,0,2,NA,NA,100,0,0,90,0,0,0,0,0,10,0,0,0,1,3,"A",2,0,0,0,1,330,10,320,1,"Occurs only on isolated islands",0,0,"Afrotropical",2,1,0,0,0,0,0,0,0,1,0,1,0,0,0,0,0,0,1,0,0,0,0,0,1,0,0,0,0,0,0,0,0,0,"Emballonura tiavato","Paremballonura tiavato",0,0,NA,NA,NA,NA,NA,NA,NA,NA,NA,NA,0.506732156,0.8533607,1.061337826,25.7150133,-37.9461487,11.76946992,2.567776019,30.29850495,9.322018824,11.71334368,-5.035978919,-4.956684261,-7.48388884,3.197131792,-7.903173053,-0.417563307,1.216569073,5.484115266,8.41956616,-0.24945459
7163,"Chiroptera","Pteropodidae","Penthetor lucasi",35.39,0.948,114,60.5,4172.265,NA,415.785,0.0996545042081459,NA,548.48,134.493,NA,1,1.76,253.454,NA,76.225,NA,1793.391,0.131458572262308,NA,NA,NA,0,2,NA,NA,0,0,100,0,0,0,0,0,0,100,0,0,0,1,1,"Ar",1,0,0,0,1,600,0,600,1,"Occurs on mainland",1,0,"Indomalayan",2,0,1,0,0,0,1,0,0,0,0,0,0,0,1,0,0,0,1,0,0,0,0,0,1,0,0,0,0,0,0,0,0,0,"Penthetor lucasi","Penthetor lucasii",1,0,NA,NA,60.50000005,NA,NA,NA,1,0,0,0,1.227375975,3.205471813,4.025579331,-74.37495983,8.290467514,6.747276034,4.568375866,1.878497801,13.73476051,-16.850632,-7.395534006,0.472077631,-4.423816286,9.233468095,4.906922866,1.50007597,-11.05843047,-0.276725829,1.754811094,9.414154072
5622,"Chiroptera","Vespertilionidae","Perimyotis subflavus",6.62,0.125,55,33.95,5475,245.53,228.765,0.0417835616438356,NA,290.385,44.855,NA,1.98,1,364.75,1.1,31.21,4.89,1809.354,0.0530383561643836,0.329003021148036,NA,NA,1,2,NA,1,100,0,0,100,0,0,0,0,0,0,0,0,0,1,3,"A",1,0,0,0,1,2097,NA,NA,0,"Occurs on mainland",1,1,"Nearctic, Neotropical",4,1,0,0,0,0,1,0,0,0,0,0,0,0,0,1,1,0,1,0,0,1,0,1,1,0,0,0,0,0,0,1,0,0,"Pipistrellus subflavus","Perimyotis subflavus",0,0,32.53353849,6.55,32.80000002,NA,1,6.000000002,0,0,0,1,0.213993606,0.928628174,1.192961298,32.24829584,36.07967955,-30.40351336,15.07507243,11.07594097,-3.068310503,-4.512568596,4.612481063,-5.865172746,-11.50323776,-8.35451395,7.137876693,-0.672373416,0.211732436,2.104184102,0.596069462,0.051632504
4812,"Chiroptera","Emballonuridae","Peropteryx kappleri",9.85,0.296,75,49.5,2793.223,NA,319.504,0.114385425009031,NA,387.981,137.96,NA,1,1.51,284.863,1.09,59.91,6.74,1306.773,0.138900832479183,0.167096446700508,NA,NA,0,2,NA,6,100,0,0,100,0,0,0,0,0,0,0,0,0,1,3,"A",1,0,0,0,1,1750,NA,NA,0,"Occurs on mainland",1,0,"Neotropical",2,1,0,0,0,0,1,0,0,0,0,0,0,0,0,0,1,0,1,0,0,0,0,0,1,0,0,0,0,0,0,0,0,0,"Peropteryx kappleri","Peropteryx kappleri",1,0,NA,NA,49.50000001,3.499999997,NA,NA,0,0,0,1,0.424642464,1.366470346,2.033541415,25.11008712,-42.05672929,8.902108845,3.628091651,27.68184159,11.4370389,12.87520962,-1.75045249,-7.458165006,-4.926456735,4.216137188,-5.097329492,-0.574832719,-0.762648828,6.250100586,0.819262434,-1.612792447
4813,"Chiroptera","Emballonuridae","Peropteryx leucoptera",12.8,0.301,64,44,4880.307,NA,364.009,0.0745873159209042,NA,440.043,113.061,NA,1.022,1.06,359.886,NA,64.996,NA,1759.255,0.0901670735058266,NA,NA,NA,NA,2,NA,NA,100,0,0,100,0,0,0,0,0,0,0,0,0,1,3,"A",1,0,0,0,1,NA,NA,NA,0,"Occurs on mainland",0,0,"Neotropical",2,1,0,0,0,0,1,0,0,0,0,0,0,0,0,0,1,0,1,0,0,0,0,0,1,0,0,0,0,0,0,0,0,0,"Peropteryx leucoptera","Peropteryx leucoptera",1,0,NA,NA,43.99999995,NA,NA,NA,0,0,0,1,2.089171073,2.228224316,2.311656261,24.98313422,-42.54203519,8.565554084,3.743301691,27.26944371,11.70451529,12.8883882,-1.203524288,-7.709691168,-4.54951516,4.258506101,-4.698054722,-0.715486573,-0.998646544,6.328174521,-0.745499149,-1.679439328
4814,"Chiroptera","Emballonuridae","Peropteryx macrotis",230.99,0.157,53,43.5,7081,NA,432.641,0.0610988560937721,NA,548.474,129.27,NA,1,1.471,297.508,NA,73.102,NA,2119.239,0.0774571388222003,NA,NA,NA,1,2,NA,NA,100,0,0,100,0,0,0,0,0,0,0,0,0,1,3,"A",1,0,0,0,1,NA,NA,NA,0,"Occurs on mainland",1,0,"Neotropical",1,1,0,0,0,0,1,0,0,0,0,0,0,0,0,0,1,0,1,0,1,1,0,0,0,0,0,0,0,0,0,1,0,0,"Peropteryx macrotis","Peropteryx macrotis",1,0,NA,NA,40.29999999,10,NA,9.999999997,0,0,0,1,0.496318003,1.266000518,2.014812621,25.09805945,-42.07106833,8.856916269,3.652377249,27.64401071,11.49276366,12.89093924,-1.666867642,-7.537002249,-4.903132322,4.248715685,-5.068278087,-0.569454999,-0.799672889,6.322593769,0.416029786,-1.60414826
4815,"Chiroptera","Emballonuridae","Peropteryx pallidoptera",NA,158.775,1262.13,NA,8892.695,NA,793.003,0.0891746540278285,NA,954.906,197.328,NA,1.104,1.05,393.234,NA,178.261,NA,3232.759,0.107380945821261,NA,NA,NA,0,2,NA,NA,100,0,0,NA,NA,NA,NA,NA,NA,NA,NA,NA,NA,1,3,"A",1,0,0,0,1,400,150,250,NA,"Occurs on mainland",NA,NA,"Neotropical",1,1,0,0,0,0,1,0,0,0,0,0,0,0,0,0,1,0,1,0,0,0,0,0,0,0,0,0,0,0,0,0,0,0,"Peropteryx pallidoptera","Peropteryx pallidoptera",1,0,NA,NA,NA,NA,NA,NA,NA,NA,NA,NA,3.865102494,3.865102494,3.865102494,24.98796381,-42.53831513,8.588083967,3.733028067,27.30381038,11.67352791,12.88464039,-1.261841836,-7.664730904,-4.584013478,4.237577905,-4.732783041,-0.721441512,-0.969196731,6.283649441,-0.418656241,-1.690841816
4816,"Chiroptera","Emballonuridae","Peropteryx trinitatis",5.68,0.413,53,NA,7081,NA,405.381,0.0572491173563056,NA,514.228,129.27,NA,1,1.057,358.336,NA,69.369,NA,2026.104,0.0726208162688886,NA,NA,NA,0,2,NA,NA,100,0,0,NA,NA,NA,NA,NA,NA,NA,NA,NA,NA,1,3,"A",1,0,0,0,1,NA,NA,NA,1,"Occurs on large land bridge islands",0,0,"Neotropical",2,1,0,0,0,0,0,0,1,0,0,0,0,0,0,0,1,0,1,0,0,0,0,0,1,0,0,0,0,0,0,0,0,0,"Peropteryx trinitatis","Peropteryx trinitatis",0,0,NA,NA,NA,NA,NA,NA,NA,NA,NA,NA,0.581512696,1.318560177,1.49095961,25.01311657,-42.32144293,8.736170287,3.693369283,27.50330835,11.59988716,12.90422593,-1.470815417,-7.605761069,-4.764101278,4.238698137,-4.922048102,-0.625128799,-0.845118918,6.31801712,-0.020534124,-1.620193218
5795,"Chiroptera","Vespertilionidae","Pharotis imogene",8.1,0.396,80.059,37.5,4331.012,NA,398.074,0.0919124675710896,NA,471.447,89.183,NA,1.493,1.057,359.778,NA,53.189,NA,1834.197,0.108853773667679,NA,NA,NA,0,2,NA,NA,100,0,0,NA,NA,NA,NA,NA,NA,NA,NA,NA,NA,1,3,"S",1,0,0,0,1,100,0,100,NA,"Occurs on large land bridge islands",NA,NA,"Australasian",1,0,0,0,0,1,0,0,1,0,0,0,0,1,0,0,0,0,1,0,0,0,0,0,0,0,0,0,0,0,0,0,0,0,"Pharotis imogene","Pharotis imogene",1,0,NA,NA,NA,NA,NA,NA,NA,NA,NA,NA,NA,NA,NA,37.66757741,18.389351,22.37570338,-14.2470306,-18.69205098,6.517390641,3.666542486,3.385439323,-7.34663652,-7.024297129,1.305556513,-4.126444523,-1.043556241,0.335243236,-5.820768041,0.675128571,0.710146987
5796,"Chiroptera","Vespertilionidae","Philetor brachypterus",12,0.229,71.006,34.5,4093.727,NA,371.451,0.0907366319248939,NA,441.823,82.942,NA,1.612,1.03,362.675,NA,46.38,NA,1784.065,0.107926835375197,NA,NA,NA,1,2,NA,NA,100,0,0,100,0,0,0,0,0,0,0,0,0,1,3,"A",1,0,0,0,1,1846,585,1261,1,"Occurs on mainland",1,0,"Indomalayan",2,1,0,0,0,0,1,0,0,0,0,0,0,0,1,0,0,0,1,0,0,1,0,0,0,0,0,0,0,0,0,1,0,0,"Philetor brachypterus","Philetor brachypterus",1,0,NA,NA,34.49999999,NA,NA,NA,0,1,0,0,1.583964731,1.917164408,2.294670853,33.1972297,35.53804409,-26.57633658,12.02372249,8.030633835,0.795245981,1.937609856,-2.915062294,4.969217461,12.84764848,9.872184615,-8.443240705,0.81148809,-0.057613629,-0.831442093,-0.389781715,0.737037785
7166,"Chiroptera","Vespertilionidae","Phoniscus aerosa",7.79,NA,NA,37,NA,NA,NA,NA,NA,NA,NA,NA,NA,NA,NA,NA,NA,NA,NA,NA,NA,NA,NA,NA,2,NA,NA,NA,NA,NA,100,0,0,0,0,0,0,0,0,0,1,3,"A",1,0,0,0,1,NA,NA,NA,NA,NA,NA,NA,"Afrotropical",NA,1,0,0,0,0,NA,NA,NA,NA,0,1,0,0,0,0,0,0,0,0,0,0,0,0,0,0,0,0,0,0,0,0,0,0,"Phoniscus aerosa","Phoniscus aerosa",0,0,NA,NA,NA,NA,NA,NA,NA,NA,NA,NA,NA,NA,NA,35.8561562,11.64840121,26.10654289,-14.59784454,-3.491649449,-16.66681216,-16.96915542,10.34780318,-2.312169866,7.589912612,2.90600611,1.175685919,1.567094297,-0.577013825,9.509047851,-4.340866973,0.244542585
5336,"Chiroptera","Vespertilionidae","Phoniscus atrox",4.81,0.188,59.185,32.99,6043.015,NA,366.577,0.0606612758697438,NA,439.238,89.815,NA,1.234,1.018,364.079,NA,54.752,NA,1882.657,0.072685240728345,NA,NA,NA,1,2,NA,NA,100,0,0,100,0,0,0,0,0,0,0,0,0,1,3,"A",1,0,0,0,1,400,0,400,0,"Occurs on mainland",1,0,"Indomalayan",1,1,0,0,0,0,1,0,0,0,0,0,0,0,1,0,0,0,1,0,0,0,0,0,0,0,0,0,0,0,0,0,0,0,"Phoniscus atrox","Phoniscus atrox",1,0,NA,NA,NA,NA,NA,NA,NA,NA,NA,NA,1.610387976,2.756949918,3.3703017,35.87606738,11.70738699,26.12536448,-14.63089132,-3.681664898,-16.54688903,-16.91393932,10.47942151,-2.546724937,7.446069909,3.054873837,0.932107067,1.53950067,-0.578599877,9.645887375,-4.127533355,0.189997101
5337,"Chiroptera","Vespertilionidae","Phoniscus jagorii",4.7,0.407,81.529,37.81,6187.204,NA,516.468,0.0834735689982098,NA,622.666,125.14,NA,1,1.004,362.81,NA,83.7,NA,2226.545,0.100637703233965,NA,NA,NA,1,2,NA,NA,100,0,0,100,0,0,0,0,0,0,0,0,0,1,3,"A",1,0,0,0,1,NA,NA,NA,1,"Occurs on mainland",1,0,"Australasian, Indomalayan",1,1,0,0,0,0,1,0,0,0,0,0,0,1,1,0,0,0,1,0,0,0,1,0,0,0,0,0,0,0,0,0,0,0,"Phoniscus jagorii","Phoniscus jagorii",1,0,NA,NA,37.80999997,NA,NA,NA,NA,NA,NA,NA,1.038681987,1.290955489,1.457843517,35.82027994,11.52403255,26.15926527,-14.58703464,-3.184035707,-16.90256809,-17.08155497,10.1160417,-1.925202652,7.746670197,2.612141082,1.580135408,1.591686212,-0.559717751,9.070003269,-4.559108032,0.335583798
5338,"Chiroptera","Vespertilionidae","Phoniscus papuensis",6.32,0.317,72.717,37.65,6022.529,NA,369.996,0.0614353206103283,NA,449.399,89.449,NA,1.215,1.012,363.725,NA,53.062,NA,1911.445,0.0746196489879916,NA,NA,NA,1,2,NA,NA,100,0,0,100,0,0,0,0,0,0,0,0,0,1,3,"S",1,0,0,0,1,NA,NA,NA,0,"Occurs on mainland",0,0,"Australasian",2,0,0,0,0,1,1,0,0,0,0,0,0,1,0,0,0,0,1,0,0,0,0,0,0,0,0,0,0,0,0,0,0,0,"Phoniscus papuensis","Phoniscus papuensis",1,0,23.64324786,5.31,37.2,NA,NA,NA,NA,NA,NA,NA,0.323731962,0.960517793,1.142317146,35.8925024,11.77456259,26.09185986,-14.63562153,-3.86654234,-16.40215452,-16.84217624,10.61302154,-2.773770986,7.349369671,3.224488756,0.696099952,1.523576414,-0.589560532,9.886603916,-4.017628478,0.138169868
5004,"Chiroptera","Phyllostomidae","Phylloderma stenops",55.82,1.338,115,71.9,5210.252,NA,383.678,0.0736390485527379,NA,504.284,122.526,NA,0.98,1.689,242.29,NA,80.65,NA,2026.325,0.0967868732644793,NA,NA,NA,0,2,NA,NA,10,0,90,10,0,0,0,0,0,20,10,60,0,2,2,"Ar",1,0,0,0,1,2600,NA,NA,0,"Occurs on mainland",1,0,"Neotropical",3,0,1,0,0,0,1,0,0,0,0,0,0,0,0,0,1,0,1,1,0,0,1,0,0,0,0,0,0,0,0,0,0,0,"Phylloderma stenops","Phylloderma stenops",1,1,30.4258,6.228000001,71.37499996,NA,NA,NA,NA,NA,NA,NA,0.515407643,1.852230965,2.545315488,19.65942166,-49.54263007,-17.99604102,11.98204531,-21.83184603,-4.725862966,-9.473646579,-4.473927955,8.262658544,-4.772197793,-1.905848931,-5.444656498,-7.932327397,-5.487309196,1.313364152,-3.424035759,-5.694940841
4912,"Chiroptera","Phyllostomidae","Phyllonycteris aphylla",14.15,0.605,70,46.5,4425.438,NA,503.836,0.113849973720115,NA,628.971,125.153,NA,0.99,1.378,285.65,NA,65.06,NA,2135.799,0.142126270891152,NA,NA,NA,0,2,NA,NA,30,0,70,30,0,0,0,0,0,40,30,0,0,3,1,"Ar",1,0,0,0,1,NA,NA,NA,NA,"Occurs only on isolated islands",NA,NA,"Neotropical",1,0,1,0,0,0,0,0,0,1,0,0,0,0,0,0,1,0,0,0,0,0,0,0,1,0,0,0,0,0,0,0,0,0,"Phyllonycteris aphylla","Phyllonycteris aphylla",0,0,NA,NA,46.50000001,NA,NA,NA,1,0,0,0,0.768326677,1.028754176,1.039377504,18.88593706,-48.08155802,-19.23882769,10.70418634,-23.3098849,-11.01527362,-8.888566408,-10.71914576,7.910701417,-8.070340781,-0.414103464,-7.272882563,-6.543306969,-4.297529799,1.182070047,-2.31580761,-2.776738443
4913,"Chiroptera","Phyllostomidae","Phyllonycteris poeyi",15.59,0.513,63.99,47.79,4601.971,NA,477.194,0.103693395721094,NA,593.704,120.519,NA,0.99,1.56,246.987,5,61.64,NA,2138.817,0.129010808629607,0.495317511225144,NA,NA,0,2,NA,NA,30,0,70,30,0,0,0,0,0,40,30,0,0,3,2,"Ar",1,0,0,0,1,1700,NA,NA,1,"Occurs only on isolated islands",1,0,"Neotropical",1,0,1,0,0,0,0,0,0,1,0,0,0,0,0,0,1,0,1,0,0,0,0,0,0,0,0,0,0,0,0,0,0,0,"Phyllonycteris poeyi","Phyllonycteris poeyi",1,0,54.84097854,7.520000007,47.60000003,NA,NA,4.999999999,1,0,0,0,1.084676312,1.102619495,1.084676312,18.86255352,-48.02999868,-19.27147156,10.62620034,-23.36209885,-11.29053128,-8.796744275,-10.96780441,7.799766066,-8.146613381,-0.310669319,-7.222696097,-6.339049362,-4.258191634,1.136336215,-2.1564022,-2.649100264
5057,"Chiroptera","Phyllostomidae","Phyllops falcatus",10.82,0.478,63.429,41.49,5480.398,NA,474.304,0.0865455392108383,NA,595.257,117.372,NA,0.98,1.487,285.645,NA,53.439,NA,2134.112,0.10861565163698,NA,NA,NA,0,2,NA,NA,0,0,100,0,0,0,0,0,0,100,0,0,0,1,1,"Ar",1,0,0,0,1,680,NA,NA,1,"Occurs only on isolated islands",1,0,"Neotropical",1,0,1,0,0,0,0,0,0,1,0,0,0,0,0,0,1,0,1,0,0,0,0,0,0,0,0,0,0,0,0,0,0,0,"Phyllops falcatus","Phyllops falcatus",1,0,49.1910933,6.570000007,41.49000002,3.999999997,NA,NA,0,0,1,0,0.671733093,1.132078005,1.084676312,21.46945199,-50.18035814,-11.37287172,12.15773429,-11.0930835,12.31833683,-4.723586619,15.96990969,-0.769362761,11.14783777,-2.265491297,8.181071358,6.386188731,5.048417423,-4.443217404,6.180861684,4.380529342
5005,"Chiroptera","Phyllostomidae","Phyllostomus discolor",40.05,0.89,97,62.5,3285,NA,292.402,0.0890112633181126,NA,387.409,105,NA,1,1.902,227.519,7,60.714,NA,1545.855,0.117932724505327,0.332434456928839,NA,NA,0,2,NA,NA,30,0,70,30,0,0,0,0,0,40,30,0,0,3,2,"S",1,0,0,0,1,NA,NA,NA,0,"Occurs on mainland",1,0,"Neotropical",4,0,0,0,0,1,1,0,0,0,0,0,0,0,0,0,1,0,1,1,0,1,0,0,1,0,0,0,0,0,0,1,0,0,"Phyllostomus discolor","Phyllostomus discolor",1,1,45.38227571,6.600000007,61.09999997,200.9999998,0,12,0,0,0,1,0.160575936,1.254037932,1.539077856,19.83549606,-49.75064237,-17.57281253,12.06541009,-21.38425089,-3.099568088,-9.375056075,-2.556702527,8.116365119,-3.282904514,-2.355755727,-4.140098926,-7.867981872,-5.712663171,0.861523274,-2.385185534,-6.625062301
5006,"Chiroptera","Phyllostomidae","Phyllostomus elongatus",35.6,0.885,88.493,66,5214.054,NA,387.145,0.0742502858620183,NA,501.504,121.66,NA,0.985,1.709,247.47,NA,85.836,NA,2043.283,0.0961831235349691,NA,NA,NA,0,2,NA,NA,70,10,20,70,0,10,0,0,0,10,10,0,0,1,2,"S",1,0,0,0,1,NA,NA,NA,0,"Occurs on mainland",1,0,"Neotropical",2,0,0,0,0,1,1,0,0,0,0,0,0,0,0,0,1,0,1,0,0,0,0,0,1,0,0,0,0,0,0,0,0,0,"Phyllostomus elongatus","Phyllostomus elongatus",1,0,34.0339,6.607999995,67.50000003,NA,NA,NA,0,0,0,1,0.541748155,1.857565705,2.5502591,19.73854793,-49.65188343,-17.81470118,12.02228418,-21.63579271,-3.962343749,-9.44261689,-3.558458051,8.215169549,-4.06517919,-2.135816219,-4.833417371,-7.968484616,-5.6118409,1.08971835,-2.919976782,-6.183680988
5007,"Chiroptera","Phyllostomidae","Phyllostomus hastatus",82.6,1.532,128.5,83.27,6570,487.04,424.699,0.0646421613394216,NA,550.348,120,NA,1,1,350.608,15.92,72.82,59.09,2034.894,0.0837668188736682,0.19273607748184,NA,NA,0,2,NA,NA,40,50,10,40,0,50,0,0,0,10,0,0,0,2,3,"S",1,0,0,0,1,NA,NA,NA,1,"Occurs on mainland",1,0,"Neotropical",3,0,0,0,0,1,1,0,0,0,0,0,0,0,0,0,1,0,1,1,0,1,0,0,0,0,0,0,0,0,0,1,0,0,"Phyllostomus hastatus","Phyllostomus hastatus",1,1,53.08102268,7.599999995,84.59999999,54.99999994,0,14.99999999,0,0,0,1,0.505135602,1.683180115,2.098527365,19.683525,-49.58420279,-17.94008855,11.99291269,-21.74362285,-4.489213623,-9.427991927,-4.223632938,8.212986631,-4.599509323,-1.942690547,-5.304628462,-7.953612515,-5.534581407,1.315056081,-3.367827936,-5.828132095
5008,"Chiroptera","Phyllostomidae","Phyllostomus latifolius",134,1.479,76,58,5437.65,NA,432.851,0.0796025856757974,NA,558.442,131.07,NA,1.002,1.636,250.557,NA,102.189,NA,2093.315,0.102699143931662,NA,NA,NA,0,2,NA,NA,70,10,20,70,0,10,0,0,0,10,10,0,0,1,2,"S",1,0,0,0,1,500,0,500,0,"Occurs on mainland",0,0,"Neotropical",1,0,0,0,0,1,1,0,0,0,0,0,0,0,0,0,1,0,0,0,0,0,0,0,1,0,0,0,0,0,0,0,0,0,"Phyllostomus latifolius","Phyllostomus latifolius",0,0,NA,NA,58.00000006,NA,NA,NA,1,0,0,0,1.429278568,2.183753436,2.885816398,19.71220279,-49.62322858,-17.88072616,12.00005594,-21.70072462,-4.253822666,-9.426059024,-3.925612468,8.204027567,-4.351052511,-2.029357164,-5.079730945,-7.940433902,-5.546283519,1.214641521,-3.165247323,-5.979715435
5635,"Chiroptera","Vespertilionidae","Pipistrellus abramus",5.395,0.133,57.617,33.91,1061.542,NA,242.277,0.228231195751087,NA,340.491,71.48,NA,2.195,1.227,341.816,1.04,46.61,NA,1368.269,0.320751322133274,0.519183614457831,NA,NA,1,2,NA,NA,100,0,0,NA,NA,NA,NA,NA,NA,NA,NA,NA,NA,1,3,"A",1,0,0,0,1,NA,NA,NA,NA,"Occurs on mainland",NA,NA,"Indomalayan, Palearctic",6,1,0,0,0,0,1,0,0,0,1,0,0,0,1,0,0,0,1,1,0,1,1,0,0,0,0,0,0,1,0,1,1,0,"Pipistrellus abramus","Pipistrellus abramus",1,0,NA,NA,33.91000002,NA,NA,NA,NA,NA,NA,NA,0.5941756,1.449434712,1.77193489,32.96160519,33.98571151,-22.9565798,10.03100862,5.300591274,2.670578292,4.013892023,-5.0846635,7.320612739,14.02451651,8.623109373,-6.335202,1.260090996,-0.056592619,4.0987527,0.367117314,0.971540898
5636,"Chiroptera","Vespertilionidae","Pipistrellus adamsi",3.34,0.111,61.394,NA,1540.676,53.57,53.57,0.0347704514122372,NA,114.84,61.27,NA,1.92,3,304.19,0.53,44.8,1.5,1248.154,0.0745387089822909,0.914011976047904,NA,NA,0,2,NA,NA,100,0,0,NA,NA,NA,NA,NA,NA,NA,NA,NA,NA,1,3,"A",1,0,0,0,1,NA,NA,NA,NA,"Occurs on mainland",NA,NA,"Australasian",2,1,0,0,0,0,1,0,0,0,0,0,0,1,0,0,0,0,1,1,0,0,0,0,0,0,0,0,0,0,0,0,0,0,"Pipistrellus adamsi","Pipistrellus adamsi",0,0,NA,NA,NA,NA,NA,NA,NA,NA,NA,NA,0.498326037,0.849522975,1.056076354,33.19510839,35.58185914,-26.70443282,12.09306968,8.104918247,0.72001966,1.846361712,-2.809208525,4.83938211,12.719099,9.876866886,-8.500837919,0.777288935,-0.063305222,-1.084203856,-0.459139912,0.724156748
5637,"Chiroptera","Vespertilionidae","Pipistrellus aero",5.14,0.153,53.698,32,3201.42,NA,332.025,0.103711790393013,NA,383.665,69.721,NA,1.595,1.047,363.102,NA,47.413,NA,1664.724,0.119842132553679,NA,NA,NA,1,2,NA,NA,100,0,0,100,0,0,0,0,0,0,0,0,0,1,3,"A",1,0,0,0,1,NA,NA,NA,NA,"Occurs on mainland",NA,NA,"Afrotropical",1,1,0,0,0,0,1,0,0,0,0,1,0,0,0,0,0,0,1,0,0,0,0,0,0,0,0,0,0,0,0,0,0,0,"Pipistrellus aero","Pipistrellus aero",0,0,NA,NA,NA,NA,NA,NA,NA,NA,NA,NA,0.924999961,0.924999961,0.924999961,35.87561627,24.70654498,5.830153784,-5.664072642,-14.20374835,13.18701558,13.89757021,-14.08533957,13.91681447,7.682491892,-4.756464482,8.31228412,1.682746422,0.269821731,11.80050014,2.342954942,-0.208559722
7168,"Chiroptera","Vespertilionidae","Pipistrellus aladdin",5,0.164,45.99,31.46,6095.5,248.48,456,0.074809285538512,456,291.48,42,NA,1.285,1,364.75,1.125,42,3.89,1962.538,0.0478188827823804,0.289125,NA,NA,1,2,NA,NA,100,0,0,100,0,0,0,0,0,0,0,0,0,1,3,"A",1,0,0,0,1,NA,NA,NA,NA,NA,NA,NA,NA,3,1,0,0,0,0,NA,NA,NA,NA,0,0,0,0,0,0,0,0,1,0,0,1,0,0,0,1,0,0,0,0,0,1,0,0,"Pipistrellus pipistrellus","Pipistrellus pipistrellus",0,0,NA,NA,NA,NA,NA,NA,NA,NA,NA,NA,0.047715738,0.868056495,0.992859796,35.139268,26.12889126,0.521723583,-2.702172383,-10.83411992,12.09130517,12.92304391,-13.7429413,14.72739214,10.32383769,-2.927232132,6.89906476,1.685399086,0.082847562,14.90008349,3.020075132,0.264191888
7169,"Chiroptera","Vespertilionidae","Pipistrellus anchietae",9.56,0.285,71.518,NA,5362.588,NA,391.701,0.0730432768655731,NA,453.026,100.559,NA,1.495,1.011,363.315,NA,46.62,NA,1967.413,0.084478986638541,NA,NA,NA,1,2,NA,NA,100,0,0,100,0,0,0,0,0,0,0,0,0,1,3,"A",1,0,0,0,1,NA,0,NA,NA,"Occurs on mainland",NA,NA,"Afrotropical",1,1,0,0,0,0,1,0,0,0,0,1,0,0,0,0,0,0,0,1,0,0,0,0,0,0,0,0,0,0,0,0,0,0,"Hypsugo anchietae","Neoromicia anchietae",0,1,NA,NA,NA,NA,NA,NA,NA,NA,NA,NA,NA,NA,NA,33.1157475,35.7720516,-27.76625896,12.71565651,9.029627899,-0.375914638,0.502601047,-1.176537486,2.856002967,10.70621525,9.820894168,-9.219372999,0.306848823,-0.110419249,-4.609738191,-1.086339219,0.443838915
5638,"Chiroptera","Vespertilionidae","Pipistrellus angulatus",3.35,0.109,60.487,NA,1698.538,53.57,53.57,0.0315388881496911,NA,114.84,61.27,NA,1.92,3,308.724,0.53,44.8,1.5,1234.628,0.0676110867110421,0.911283582089552,NA,NA,0,2,NA,NA,100,0,0,NA,NA,NA,NA,NA,NA,NA,NA,NA,NA,1,3,"A",1,0,0,0,1,2400,0,2400,1,"Occurs on large land bridge islands",1,0,"Australasian",3,1,0,0,0,0,0,0,1,0,0,0,0,1,0,0,0,0,1,0,0,1,0,0,1,0,0,0,0,0,0,1,0,0,"Pipistrellus angulatus","Pipistrellus angulatus",1,0,NA,NA,NA,NA,NA,NA,NA,NA,NA,NA,1.752423675,1.997191195,2.144051707,33.05342979,33.76875769,-22.14983103,9.587270717,4.707609925,3.072350259,4.381811693,-5.433694314,7.708585938,14.12041015,8.29142996,-5.876084676,1.285650973,-0.095659376,4.670321589,0.384506345,0.977378863
5639,"Chiroptera","Vespertilionidae","Pipistrellus ceylonicus",8.05,0.182,59.271,41.49,1549.094,280.56,280.56,0.181112314682001,NA,332.88,52.32,NA,1.99,1,349.02,1.26,27.5,4.19,1323.022,0.21488689517873,0.311478260869565,NA,NA,1,2,NA,NA,100,0,0,100,0,0,0,0,0,0,0,0,0,1,3,"A",1,0,0,0,1,2153,0,2153,NA,"Occurs on mainland",NA,NA,"Indomalayan",3,1,0,0,0,0,1,0,0,0,0,0,0,0,1,0,0,0,1,0,0,1,0,0,1,0,0,0,0,0,0,1,0,0,"Pipistrellus ceylonicus","Pipistrellus ceylonicus",1,0,22.65240309,7.6,39,NA,NA,NA,NA,NA,NA,NA,0.921102471,0.921102471,0.921102471,33.03904143,33.53044344,-21.60087157,9.289558696,4.29645824,3.344300562,4.65775977,-5.717956115,8.044100545,14.30585381,8.111699625,-5.56364532,1.343568978,-0.113876732,5.458772278,0.531005582,0.95455991
5640,"Chiroptera","Vespertilionidae","Pipistrellus collinus",3.48,0.109,60.788,NA,1578.375,53.57,53.57,0.0339399699057575,NA,114.84,61.27,NA,1.92,3,306.066,0.53,44.8,1.5,1250.857,0.0727583749109052,0.877241379310345,NA,NA,0,2,NA,NA,100,0,0,NA,NA,NA,NA,NA,NA,NA,NA,NA,NA,1,3,"A",1,0,0,0,1,2900,700,2200,1,"Occurs on large land bridge islands",0,0,"Australasian",2,1,0,0,0,0,0,0,1,0,0,0,0,1,0,0,0,0,1,0,0,1,0,0,0,0,0,0,0,0,0,1,0,0,"Pipistrellus collinus","Pipistrellus collinus",1,0,NA,NA,NA,NA,NA,NA,NA,NA,NA,NA,4.448214254,4.448214254,4.448214254,33.39808748,32.15651958,-17.26340457,6.930338122,1.219149551,5.542645815,6.791361301,-7.83877099,10.17480318,14.3212505,5.847898601,-2.68017979,1.455887031,-0.249965558,8.974648522,1.29530275,0.819840492
5641,"Chiroptera","Vespertilionidae","Pipistrellus coromandra",4.59,0.105,55.195,30.5,1282.492,NA,215.601,0.168110990166021,NA,316.06,80.334,NA,1.4,1.536,322.176,NA,45.086,NA,1361.772,0.246442083069524,NA,NA,NA,1,2,NA,NA,100,0,0,100,0,0,0,0,0,0,0,0,0,1,3,"A",1,0,0,0,1,2769,100,2669,NA,"Occurs on mainland",NA,NA,"Indomalayan",3,1,0,0,0,0,1,0,0,0,0,0,0,0,1,0,0,0,1,0,0,1,0,0,1,0,0,0,0,0,0,1,0,0,"Pipistrellus coromandra","Pipistrellus coromandra",1,0,NA,NA,30.49999998,NA,0,NA,NA,NA,NA,NA,0.404647928,1.503996807,1.558638004,32.99513642,34.86424741,-25.29721405,11.32676717,7.125136155,1.343808704,2.619006548,-3.69980625,5.871952809,13.50452199,9.612496681,-7.822981603,1.040136326,-0.03227204,1.421923219,0.011968192,0.864889455
7170,"Chiroptera","Vespertilionidae","Pipistrellus crassulus",6.09,0.132,55.298,28.49,1066.422,NA,265.682,0.249134020115864,NA,361.103,89.246,NA,1.804,1.072,357.575,NA,43.511,NA,1432.906,0.338611731565928,NA,NA,NA,1,2,NA,NA,100,0,0,100,0,0,0,0,0,0,0,0,0,1,3,"A",1,0,0,0,1,NA,0,NA,NA,"Occurs on mainland",NA,NA,"Afrotropical",1,1,0,0,0,0,1,0,0,0,0,1,0,0,0,0,0,0,1,0,0,0,0,0,0,0,0,0,0,0,0,0,0,0,"Pipistrellus crassulus","Nycticeinops crassulus",1,0,NA,NA,NA,NA,NA,NA,NA,NA,NA,NA,0.927290259,1.402375104,1.68742601,33.18877336,35.68418785,-27.03576831,12.27758739,8.344183402,0.474485955,1.562783785,-2.504412351,4.485923388,12.40619917,9.926648953,-8.69332124,0.687409541,-0.077517014,-1.728812045,-0.598637648,0.685698987
5644,"Chiroptera","Vespertilionidae","Pipistrellus endoi",5.14,0.128,54.913,32,1670.572,NA,260.053,0.155667040989553,NA,343.283,70.203,NA,1.891,1.329,342.764,NA,45.922,NA,1451.51,0.205488299815871,NA,NA,NA,1,2,NA,NA,100,0,0,100,0,0,0,0,0,0,0,0,0,1,3,"A",1,0,0,0,1,1500,100,1400,1,"Occurs only on isolated islands",0,0,"Palearctic",2,1,0,0,0,0,0,0,0,1,1,0,0,0,0,0,0,0,1,0,0,0,0,0,1,0,0,0,0,0,0,0,0,0,"Pipistrellus endoi","Pipistrellus endoi",0,0,NA,NA,NA,NA,NA,NA,NA,NA,NA,NA,NA,NA,NA,33.15795235,35.42007793,-26.36021909,11.90509255,7.871071131,0.885883515,2.053035856,-3.048946693,5.125585364,12.99316505,9.877305889,-8.394371821,0.850457619,-0.054346129,-0.510510763,-0.338108005,0.760702941
7171,"Chiroptera","Vespertilionidae","Pipistrellus grandidieri",10.5,0.19,65.631,NA,1780.54,NA,301.043,0.169073988789918,NA,370.717,87.17,NA,1.824,1.048,359.505,NA,41.141,NA,1426.105,0.208204814269828,NA,NA,NA,1,2,NA,NA,100,0,0,100,0,0,0,0,0,0,0,0,0,1,3,"A",1,0,0,0,1,NA,NA,NA,NA,NA,NA,NA,"Afrotropical",3,1,0,0,0,0,NA,NA,NA,NA,0,1,0,0,0,0,0,0,1,1,0,0,1,0,0,0,0,0,0,0,0,0,0,0,"Neoromicia flavescens","Nycticeinops grandidieri",1,1,NA,NA,NA,NA,NA,NA,NA,NA,NA,NA,0.656977879,1.354486389,1.737887654,33.20789344,35.77736763,-27.32514152,12.44949956,8.642427338,0.177252497,1.192211384,-2.041584022,3.93225283,11.90546241,9.980380876,-8.96742149,0.561589156,-0.081955294,-2.843140887,-0.761228499,0.628646915
5645,"Chiroptera","Vespertilionidae","Pipistrellus hanaki",6,0.152,54.355,NA,2381.01,NA,304.245,0.127779807728653,NA,362.325,69.629,NA,1.723,1.056,361.111,NA,47.021,NA,1516.566,0.152172817417818,NA,NA,NA,1,2,NA,NA,100,0,0,NA,NA,NA,NA,NA,NA,NA,NA,NA,NA,1,3,"A",1,0,0,0,1,NA,NA,NA,NA,"Occurs on mainland",NA,NA,"Palearctic",2,1,0,0,0,0,1,0,0,0,1,0,0,0,0,0,0,0,1,0,1,1,1,1,0,0,0,0,0,0,0,1,0,0,"Pipistrellus hanaki","Pipistrellus hanaki",0,0,NA,NA,NA,NA,NA,NA,NA,NA,NA,NA,0.160390877,0.160390877,0.160390877,34.94760701,26.57629004,-1.284263342,-1.674986448,-9.544585414,11.5885421,12.38753345,-13.22421943,14.45656111,10.73006902,-2.306941028,6.271108639,1.612055306,-0.013886496,15.10718085,2.969014905,0.31973845
5646,"Chiroptera","Vespertilionidae","Pipistrellus hesperidus",6,0.287,46.495,NA,2920,NA,324.574,0.111155479452055,NA,377.007,77.981,NA,1.355,1,364.75,NA,60,NA,1605.979,0.12911198630137,NA,NA,NA,1,2,NA,NA,100,0,0,NA,NA,NA,NA,NA,NA,NA,NA,NA,NA,1,3,"A",1,0,0,0,1,NA,NA,NA,NA,"Occurs on mainland",NA,NA,"Afrotropical",2,1,0,0,0,0,1,0,0,0,0,1,0,0,0,0,0,0,1,1,0,0,0,0,0,0,0,0,0,0,0,0,0,0,"Pipistrellus hesperidus","Pipistrellus hesperidus",1,1,11.01595708,5.617377567,NA,NA,NA,NA,NA,NA,NA,NA,0.264968977,0.71791019,0.790011731,34.43946683,28.41254914,-6.574176392,1.202104158,-5.968942425,9.789188056,10.67481241,-11.68834615,13.57977151,12.38607292,0.282567688,3.585125212,1.474886704,-0.282932211,14.25055391,2.676469729,0.453949799
7172,"Chiroptera","Vespertilionidae","Pipistrellus imbricatus",6.29,0.137,58.389,34.33,904.543,NA,258.251,0.285504392825991,NA,349.367,80.078,NA,1.858,1.251,342.161,NA,42.619,NA,1399.464,0.386235922449237,NA,NA,NA,0,2,NA,NA,100,0,0,100,0,0,0,0,0,0,0,0,0,1,3,"A",1,0,0,0,1,400,0,400,NA,"Occurs on large land bridge islands",NA,NA,"Australasian, Indomalayan",1,1,0,0,0,0,0,0,1,0,0,0,0,1,1,0,0,0,1,0,0,1,1,0,0,0,0,0,0,0,0,1,0,0,"Pipistrellus imbricatus","Hypsugo imbricatus",1,0,NA,NA,NA,NA,NA,NA,NA,NA,NA,NA,NA,NA,NA,33.17661155,35.47789535,-26.47177718,11.96690604,7.956757329,0.83353511,1.987371621,-2.973875697,5.039196955,12.91339777,9.87438011,-8.420565628,0.829921996,-0.055554628,-0.676340078,-0.3633644,0.749222336
5647,"Chiroptera","Vespertilionidae","Pipistrellus inexspectatus",4.91,0.144,53.28,31.5,3017.31,NA,312.936,0.103713572685604,NA,379.429,72.58,NA,1.666,1.06,361.93,NA,49.609,NA,1638.881,0.125750751497195,NA,NA,NA,1,2,NA,NA,100,0,0,100,0,0,0,0,0,0,0,0,0,1,3,"A",1,0,0,0,1,NA,NA,NA,0,"Occurs on mainland",0,0,"Afrotropical",2,1,0,0,0,0,1,0,0,0,0,1,0,0,0,0,0,0,1,1,0,0,0,0,0,0,0,0,0,0,0,0,0,0,"Pipistrellus inexspectatus","Pipistrellus inexspectatus",0,1,NA,NA,NA,NA,NA,NA,NA,NA,NA,NA,0.689786506,0.794951066,0.858049802,32.95727499,36.85942426,-30.08435734,14.71278213,11.0508708,-2.45681529,-3.345244112,3.264889311,-3.930911278,-4.890027306,-1.653994707,0.469808437,-0.352132132,-0.323579582,-4.077134602,0.336471799,-1.648784632
5648,"Chiroptera","Vespertilionidae","Pipistrellus javanicus",4.92,0.108,58.328,32.72,1061.542,NA,206.088,0.194140222431143,NA,303.344,71.48,NA,2.29,1.653,313.362,0.98,43.941,NA,1309.117,0.285757888053417,0.753996463414634,NA,NA,1,2,NA,NA,100,0,0,100,0,0,0,0,0,0,0,0,0,1,3,"A",1,0,0,0,1,2380,0,2380,0,"Occurs on mainland",1,0,"Indomalayan",3,1,0,0,0,0,1,0,0,0,0,0,0,0,1,0,0,0,1,0,0,1,0,0,1,0,0,0,0,0,0,1,0,0,"Pipistrellus javanicus","Pipistrellus javanicus",1,0,44.75479046,5.479999994,32.72,NA,NA,NA,0,0,0,1,0.875282104,1.735163987,1.957519913,32.93597234,34.64691843,-24.79629199,11.04495872,6.729016111,1.587370548,2.909434216,-4.013546192,6.194080527,13.64921856,9.432257299,-7.524092739,1.107698706,-0.023599297,2.136802291,0.105170441,0.916544673
5649,"Chiroptera","Vespertilionidae","Pipistrellus kuhlii",5.548,0.166,46.495,32.84,2920,NA,329.951,0.112996917808219,NA,377.328,77.751,NA,1.428,1,364.75,NA,60,NA,1610.48,0.129221917808219,NA,NA,NA,0,2,NA,NA,100,0,0,100,0,0,0,0,0,0,0,0,0,1,3,"A",1,0,0,0,1,2000,0,2000,0,"Occurs on mainland",1,0,"Afrotropical, Palearctic",4,1,0,0,0,0,1,0,0,0,1,1,0,0,0,0,0,0,1,0,1,1,0,0,0,0,0,0,0,0,0,1,0,0,"Pipistrellus kuhlii","Pipistrellus kuhlii",0,0,50.74418788,6.299999993,32.29999998,NA,0,NA,0,0,0,1,0.000488878,0.866828393,1.150412368,34.45495843,28.25220198,-5.823486274,0.760359166,-6.614291915,10.14209856,11.03342631,-11.95749821,13.69540799,12.0332341,-0.194118788,4.073456205,1.463883773,-0.261435181,14.30533504,2.670151,0.428991302
5650,"Chiroptera","Vespertilionidae","Pipistrellus maderensis",4.91,0.146,52.598,31.5,3313.132,NA,325.105,0.0981261839250594,NA,370.085,67.663,NA,1.644,1.055,362.211,NA,49.188,NA,1633.756,0.11170246159827,NA,NA,NA,1,2,NA,NA,100,0,0,100,0,0,0,0,0,0,0,0,0,1,3,"A",1,0,0,0,1,2150,0,2150,0,"Occurs only on isolated islands",0,0,"Palearctic",2,1,0,0,0,0,0,0,0,1,1,0,0,0,0,0,0,0,1,0,0,1,0,0,0,0,0,0,0,0,0,1,0,0,"Pipistrellus maderensis","Pipistrellus maderensis",0,0,NA,NA,31.50000002,NA,NA,NA,0,0,0,1,0.385420376,0.997066503,1.070244223,34.6681938,27.69962582,-3.94644431,-0.266927053,-7.836068425,10.7820965,11.64736901,-12.49432973,13.99483931,11.45843264,-1.066556215,4.957749593,1.479542874,-0.185025547,14.50120411,2.83769454,0.38181322
5651,"Chiroptera","Vespertilionidae","Pipistrellus minahassae",7.2,0.235,60.612,35.99,3526.095,NA,336.506,0.095433049875287,NA,396.821,73.198,NA,1.668,1.034,361.507,NA,44.245,NA,1674.148,0.112538374604201,NA,NA,NA,1,2,NA,NA,100,0,0,100,0,0,0,0,0,0,0,0,0,1,3,"A",1,0,0,0,1,NA,NA,NA,NA,"Occurs only on isolated islands",NA,NA,"Australasian",NA,1,0,0,0,0,0,0,0,1,0,0,0,1,0,0,0,0,1,0,0,0,0,0,0,1,0,0,0,0,0,0,0,0,"Pipistrellus minahassae","Pipistrellus minahassae",0,0,NA,NA,NA,NA,NA,NA,NA,NA,NA,NA,NA,NA,NA,32.77993749,36.76613292,-30.15678362,14.85536127,11.08126226,-2.658564099,-3.846189744,3.820873697,-4.820303508,-7.971495627,-4.630637048,3.300749086,-0.428949944,-0.143595399,-1.546013339,0.844409991,-1.417297756
5652,"Chiroptera","Vespertilionidae","Pipistrellus murrayi",3.8,0.104,58.53,29.93,3084.059,53.57,53.57,0.0173699660090809,NA,113.55,61.27,NA,1.92,3,305.138,0.53,44.8,1.5,1642.5,0.0368183617758285,0.803368421052632,NA,NA,0,2,NA,NA,100,0,0,100,0,0,0,0,0,0,0,0,0,1,3,"A",1,0,0,0,1,769,0,769,NA,"Occurs only on isolated islands",NA,NA,"Indomalayan",1,1,0,0,0,0,0,0,0,1,0,0,0,0,1,0,0,0,1,0,0,0,0,0,0,0,0,0,0,0,0,0,0,0,"Pipistrellus murrayi","Pipistrellus murrayi",1,0,NA,NA,NA,NA,NA,NA,NA,NA,NA,NA,1.536868014,1.635819967,1.667067952,33.15556448,36.29724459,-29.05257808,13.5740662,10.12686364,-1.552412595,-1.25081081,1.063737599,-0.448922712,4.406304571,5.780219929,-6.022006918,-0.369880507,-0.229594549,-6.983725972,-0.990540464,-0.679448658
5653,"Chiroptera","Vespertilionidae","Pipistrellus nanulus",2.51,0.153,58.578,28,1907.921,NA,262.829,0.137756751982918,NA,347.707,73.338,NA,1.96,1.361,337.435,NA,44.801,NA,1470.606,0.182243918904399,NA,NA,NA,1,2,NA,NA,100,0,0,100,0,0,0,0,0,0,0,0,0,1,3,"A",1,0,0,0,1,NA,0,NA,0,"Occurs on mainland",1,0,"Afrotropical",1,1,0,0,0,0,1,0,0,0,0,1,0,0,0,0,0,0,1,1,0,1,0,0,0,0,0,0,0,0,0,1,0,0,"Pipistrellus nanulus","Pipistrellus nanulus",1,0,NA,NA,28,NA,NA,NA,NA,NA,NA,NA,0.366414852,0.820491968,1.068972747,32.27725726,36.1177242,-30.39004163,15.06459218,11.08398554,-3.055986617,-4.489062462,4.57943847,-5.826808615,-11.37507271,-8.210429993,6.981031408,-0.663717318,0.19904335,1.949451006,0.639364563,-0.016626932
5654,"Chiroptera","Vespertilionidae","Pipistrellus nathusii",8.72,0.169,48,34.03,4015,105.22,105.22,0.0262067247820672,NA,291.186,68.68,NA,1.865,1,353.091,NA,43.07,NA,1605.188,0.0725245330012453,NA,NA,NA,1,2,NA,NA,100,0,0,100,0,0,0,0,0,0,0,0,0,1,3,"A",1,0,0,0,1,2200,0,2200,0,"Occurs on mainland",1,1,"Palearctic",3,1,0,0,0,0,1,0,0,0,1,0,0,0,0,0,0,0,1,0,0,1,1,0,0,0,0,0,0,0,0,1,0,0,"Pipistrellus nathusii","Pipistrellus nathusii",0,0,51.98377427,7.199999993,34.02999999,NA,1,NA,0,0,0,1,0.329754088,0.952039357,1.150412368,33.12751688,35.32543383,-26.17593552,11.80276629,7.726839045,0.980753087,2.172665852,-3.190920497,5.291838444,13.14023612,9.868569061,-8.325748304,0.889214874,-0.054275143,-0.181056962,-0.283100864,0.770462168
5655,"Chiroptera","Vespertilionidae","Pipistrellus papuanus",3.34,0.11,61.488,NA,1536.564,53.57,53.57,0.0348635006416915,NA,114.84,61.27,NA,1.92,3,303.29,0.53,44.8,1.5,1256.91,0.0747381820737698,0.914011976047904,NA,NA,0,2,NA,NA,100,0,0,NA,NA,NA,NA,NA,NA,NA,NA,NA,NA,1,3,"A",1,0,0,0,1,1300,0,1300,NA,"Occurs on large land bridge islands",NA,NA,"Australasian",1,1,0,0,0,0,0,0,1,0,0,0,0,1,0,0,0,0,1,0,0,1,0,0,0,0,0,0,0,0,0,1,0,0,"Pipistrellus papuanus","Pipistrellus papuanus",0,0,NA,NA,NA,NA,NA,NA,NA,NA,NA,NA,2.084222771,2.084222771,2.084222771,33.19655881,35.71685717,-27.1266729,12.33097379,8.433588881,0.389476293,1.456153216,-2.371782967,4.327435863,12.25677277,9.930168072,-8.75635317,0.652384092,-0.077277265,-2.007555572,-0.640070816,0.678673466
5656,"Chiroptera","Vespertilionidae","Pipistrellus paterculus",4.92,0.121,59.401,31.5,1061.542,NA,213.194,0.200834258088705,NA,306.408,71.48,NA,2.195,1.553,324.552,1.04,45.36,NA,1327.535,0.288644255243787,0.72056674796748,NA,NA,1,2,NA,NA,100,0,0,100,0,0,0,0,0,0,0,0,0,1,3,"A",1,0,0,0,1,1500,0,1500,0,"Occurs on mainland",1,0,"Indomalayan",2,1,0,0,0,0,1,0,0,0,0,0,0,0,1,0,0,0,1,0,0,1,0,0,0,0,0,0,0,0,0,1,0,0,"Pipistrellus paterculus","Pipistrellus paterculus",1,0,NA,NA,31.50000002,NA,NA,NA,NA,NA,NA,NA,1.048745012,1.369608265,1.42508712,32.91806026,34.33652641,-23.74520267,10.43685218,5.810402093,2.237954294,3.630998625,-4.737060297,6.886378835,13.8841954,9.00963972,-6.891307423,1.208528103,-0.026338342,3.230601971,0.201130073,0.991122071
5657,"Chiroptera","Vespertilionidae","Pipistrellus permixtus",5.86,0.157,54.819,33.5,3257.907,NA,316.721,0.097216096100963,NA,376.842,65.951,NA,1.695,1.133,357.172,NA,45.252,NA,1651.741,0.115669968479763,NA,NA,NA,1,2,NA,NA,100,0,0,100,0,0,0,0,0,0,0,0,0,1,3,"A",1,0,0,0,1,NA,NA,NA,NA,"Occurs on mainland",NA,NA,"Afrotropical",1,1,0,0,0,0,1,0,0,0,0,1,0,0,0,0,0,0,1,0,0,0,0,0,0,0,0,0,0,0,0,0,0,0,"Pipistrellus permixtus","Pipistrellus permixtus",0,0,NA,NA,NA,NA,NA,NA,NA,NA,NA,NA,NA,NA,NA,32.95164701,34.50869708,-24.051112,10.59852622,6.034887334,2.095289656,3.479754882,-4.564473439,6.686008061,13.82610562,9.177408581,-7.137397336,1.178467097,-0.016579097,2.666389806,0.104274347,0.989430432
5658,"Chiroptera","Vespertilionidae","Pipistrellus pipistrellus",5,0.164,45.99,31.46,6095.5,248.48,456,0.074809285538512,456,291.48,42,NA,1.285,1,364.75,1.125,42,3.89,1962.538,0.0478188827823804,0.289125,NA,NA,1,2,NA,NA,100,0,0,100,0,0,0,0,0,0,0,0,0,1,3,"A",1,0,0,0,1,NA,NA,NA,0,"Occurs on mainland",1,1,NA,NA,1,0,0,0,0,1,0,0,0,0,0,0,0,0,0,0,0,1,0,1,1,1,0,1,0,0,0,0,0,0,1,0,0,"Pipistrellus pipistrellus","Pipistrellus pipistrellus",0,0,46.75383477,7.499999993,31.45999998,NA,1,NA,0,0,0,1,0.047715738,0.868056495,0.992859796,35.139268,26.12889126,0.521723583,-2.702172383,-10.83411992,12.09130517,12.92304391,-13.7429413,14.72739214,10.32383769,-2.927232132,6.89906476,1.685399086,0.082847562,14.90008349,3.020075132,0.264191888
5659,"Chiroptera","Vespertilionidae","Pipistrellus pygmaeus",5,0.172,45.99,NA,6095.5,456,456,0.074809285538512,456,498,42,NA,1.2,1,364.75,1.125,42,3.89,2205.356,0.0816996144696908,0.27,NA,NA,1,2,NA,NA,100,0,0,NA,NA,NA,NA,NA,NA,NA,NA,NA,NA,1,3,"A",1,0,0,0,1,NA,NA,NA,NA,"Occurs on mainland",NA,NA,"Palearctic",3,1,0,0,0,0,1,0,0,0,1,0,0,0,0,0,0,0,1,0,0,1,1,0,0,0,0,0,0,0,0,1,0,0,"Pipistrellus pygmaeus","Pipistrellus pygmaeus",0,0,NA,NA,NA,NA,NA,NA,NA,NA,NA,NA,0.19537275,0.852065361,1.221540315,35.00397366,26.46084998,-0.904878229,-1.890516048,-9.876554787,11.77140484,12.5783404,-13.43529084,14.62114953,10.68594693,-2.51904074,6.53362762,1.659050563,0.020071598,15.29001796,2.961760395,0.306852118
5660,"Chiroptera","Vespertilionidae","Pipistrellus raceyi",5.8,1.592,82.144,NA,4071.18,NA,377.379,0.0926952382355976,NA,434.274,96.683,NA,1.537,1.049,360.411,NA,60.77,NA,1745.905,0.106670301976331,NA,NA,NA,0,2,NA,NA,100,0,0,NA,NA,NA,NA,NA,NA,NA,NA,NA,NA,1,3,"A",1,0,0,0,1,75,16,59,NA,"Occurs only on isolated islands",NA,NA,"Afrotropical",1,1,0,0,0,0,0,0,0,1,0,1,0,0,0,0,0,0,1,0,0,0,0,0,0,0,0,0,0,0,0,0,0,0,"Pipistrellus raceyi","Pipistrellus raceyi",1,0,NA,NA,NA,NA,NA,NA,NA,NA,NA,NA,NA,NA,NA,32.04389584,35.63792761,-30.06212588,14.93120613,10.98370113,-3.200028868,-4.659743119,4.742959271,-6.082851579,-12.64454627,-9.718744531,8.621302909,-0.750257794,0.32904203,3.640971171,0.395001919,0.640615845
7173,"Chiroptera","Vespertilionidae","Pipistrellus rueppellii",7.07,0.159,45,32.58,2182.084,NA,276.015,0.126491464123288,NA,354.41,50,NA,1.98,1.074,358.036,NA,41.071,NA,1497.054,0.16241812872465,NA,NA,NA,1,2,NA,NA,100,0,0,100,0,0,0,0,0,0,0,0,0,1,3,"A",1,0,0,0,1,1100,0,1100,0,"Occurs on mainland",1,0,"Afrotropical, Palearctic",3,1,0,0,0,0,1,0,0,0,1,1,0,0,0,0,0,0,0,1,1,0,0,0,0,1,0,0,0,0,0,0,0,0,"Pipistrellus rueppellii","Vansonia rueppellii",0,0,28.43874379,6.3,32.58,NA,NA,NA,NA,NA,NA,NA,0.100738321,0.512646624,0.552345926,35.34654868,25.44427497,2.850007337,-4.020757258,-12.51154364,12.7011559,13.5497657,-14.20943208,14.72334359,9.392527595,-3.809934196,7.705720857,1.761131019,0.212901116,14.12810864,2.772407474,0.158070616
5661,"Chiroptera","Vespertilionidae","Pipistrellus rusticus",4.57,0.132,54.757,28,1677.274,NA,269.653,0.160768604294826,NA,353.705,80.4,NA,1.96,1,358.767,NA,47.59,NA,1446.972,0.210880869792294,NA,NA,NA,1,2,NA,NA,100,0,0,100,0,0,0,0,0,0,0,0,0,1,3,"A",1,0,0,0,1,NA,0,NA,0,"Occurs on mainland",1,0,"Afrotropical",2,1,0,0,0,0,1,0,0,0,0,1,0,0,0,0,0,0,1,1,0,1,0,0,0,0,0,0,0,0,0,1,0,0,"Pipistrellus rusticus","Pipistrellus rusticus",0,1,8.893330101,5.757599005,28,NA,NA,NA,NA,NA,NA,NA,0.253815524,0.269460916,0.278848151,32.94024419,34.58136358,-24.46971918,10.85035516,6.432588697,1.788815051,3.133883972,-4.226851697,6.383973212,13.71139223,9.321325693,-7.356810934,1.138238971,-0.019820873,2.419848166,0.123688501,0.951015215
5663,"Chiroptera","Vespertilionidae","Pipistrellus stenopterus",15.67,0.247,74.026,40,5158.77,NA,435.705,0.084459086177519,NA,520.91,88.654,NA,0.98,1.156,355.747,NA,51.457,NA,1998.483,0.100975620157518,NA,NA,NA,0,2,NA,NA,100,0,0,100,0,0,0,0,0,0,0,0,0,1,3,"A",1,0,0,0,1,1200,100,1100,1,"Occurs on mainland",1,0,"Indomalayan",4,1,0,0,0,0,1,0,0,0,0,0,0,0,1,0,0,0,1,0,1,1,1,0,0,0,0,0,0,0,0,1,0,0,"Pipistrellus stenopterus","Pipistrellus stenopterus",1,0,NA,NA,39.99999997,NA,NA,NA,NA,NA,NA,NA,1.411350494,2.000758609,2.342644194,33.31429517,32.40249729,-17.79935622,7.194676587,1.542963852,5.256448232,6.558410315,-7.586305798,9.863206048,14.31066935,6.201231684,-3.128911237,1.456823069,-0.208339949,8.315126065,1.121616862,0.886773602
5664,"Chiroptera","Vespertilionidae","Pipistrellus sturdeei",4.27,NA,NA,30,NA,NA,NA,NA,NA,NA,NA,NA,NA,NA,NA,NA,NA,NA,NA,NA,NA,NA,NA,NA,2,NA,NA,NA,NA,NA,100,0,0,0,0,0,0,0,0,0,1,3,"A",1,0,0,0,1,NA,NA,NA,NA,NA,NA,NA,"Palearctic",NA,1,0,0,0,0,NA,NA,NA,NA,1,0,0,0,0,0,0,0,1,0,0,0,0,0,0,1,0,0,0,0,0,0,0,0,"Pipistrellus sturdeei","Pipistrellus sturdeei",0,0,NA,NA,NA,NA,NA,NA,NA,NA,NA,NA,NA,NA,NA,32.19295571,35.96825575,-30.33131043,15.04627999,11.05263087,-3.104640787,-4.558116909,4.66019879,-5.938393273,-11.82590729,-8.72574421,7.537539203,-0.69436187,0.243760791,2.504141811,0.538565896,0.208722246
5665,"Chiroptera","Vespertilionidae","Pipistrellus tenuis",3.34,0.104,61.135,29.93,1623.409,53.57,53.57,0.0329984618786763,NA,113.55,61.27,NA,1.92,3,307.046,0.53,44.8,1.5,1245.009,0.0699454050088425,0.914011976047904,NA,NA,0,2,NA,NA,100,0,0,100,0,0,0,0,0,0,0,0,0,1,3,"A",1,0,0,0,1,769,0,769,NA,"Occurs on mainland",NA,NA,"Indomalayan",3,1,0,0,0,0,1,0,0,0,0,0,0,0,1,0,0,0,1,0,1,1,0,0,0,0,0,0,0,0,0,1,0,0,"Pipistrellus tenuis","Pipistrellus tenuis",1,0,37.66805616,6.793103448,29.93000001,NA,NA,NA,NA,NA,NA,NA,0.407699003,1.941210398,2.214464309,32.96207519,34.74621345,-25.03108778,11.17723398,6.913766734,1.474686371,2.774376857,-3.864660897,6.038395919,13.57819266,9.522804627,-7.674919046,1.074323449,-0.028346275,1.766489024,0.051698304,0.889445833
5666,"Chiroptera","Vespertilionidae","Pipistrellus wattsi",3.34,0.165,63.532,NA,1562.363,53.57,53.57,0.0342878063548612,NA,114.84,61.27,NA,1.92,3,302.189,0.53,44.8,1.5,1254.76,0.0735040448346511,0.914011976047904,NA,NA,0,2,NA,NA,100,0,0,NA,NA,NA,NA,NA,NA,NA,NA,NA,NA,1,3,"A",1,0,0,0,1,200,0,200,NA,"Occurs on large land bridge islands",NA,NA,"Australasian",2,1,0,0,0,0,0,0,1,0,0,0,0,1,0,0,0,0,1,0,0,1,0,0,0,0,0,0,0,0,0,1,0,0,"Pipistrellus wattsi","Pipistrellus wattsi",1,0,NA,NA,NA,NA,NA,NA,NA,NA,NA,NA,1.349047924,3.149449074,4.448214254,33.11059014,35.83095502,-28.027056,12.87214584,9.276242795,-0.67002564,0.109403304,-0.648009184,2.143929587,9.706117023,9.434204787,-9.080939007,0.129467073,-0.12140775,-5.759601665,-1.251442405,0.258773125
5667,"Chiroptera","Vespertilionidae","Pipistrellus westralis",3.34,0.11,61.544,NA,1538.726,53.57,53.57,0.0348145153848054,NA,114.84,61.27,NA,1.92,3,302.982,0.53,44.8,1.5,1252.666,0.0746331705579811,0.914011976047904,NA,NA,0,2,NA,NA,100,0,0,NA,NA,NA,NA,NA,NA,NA,NA,NA,NA,1,3,"A",1,0,0,0,1,NA,NA,NA,NA,"Occurs on mainland",NA,NA,"Australasian",1,1,0,0,0,0,1,0,0,0,0,0,0,1,0,0,0,0,1,0,0,0,0,0,0,0,0,0,0,0,0,0,0,0,"Pipistrellus westralis","Pipistrellus westralis",0,0,NA,NA,NA,NA,NA,NA,NA,NA,NA,NA,0.396745855,0.737716232,0.958701222,32.80523208,36.79043058,-30.13250062,14.84071295,11.09448237,-2.641877323,-3.810875845,3.775487158,-4.76017893,-7.752555042,-4.390830735,3.050971488,-0.418021321,-0.165958128,-1.792717131,0.812928158,-1.483824134
4967,"Chiroptera","Phyllostomidae","Platalina genovensium",16.39,0.595,70.915,47.96,4974.836,NA,470.435,0.0945629162448772,NA,597.271,119.769,NA,0.98,1.326,297.84,NA,66.273,NA,2115.256,0.12005843006684,NA,NA,NA,0,2,NA,NA,0,0,100,0,0,0,0,0,0,0,100,0,0,1,1,"Ar",1,0,0,0,1,2300,50,2250,0,"Occurs on mainland",1,0,"Neotropical",2,0,1,0,0,0,1,0,0,0,0,0,0,0,0,0,1,0,0,1,0,0,0,0,1,0,0,0,0,0,0,0,0,0,"Platalina genovensium","Platalina genovensium",0,0,NA,NA,47.95999995,NA,1,NA,1,0,0,0,NA,NA,NA,23.01935051,-48.44226802,1.04416292,7.590628969,15.79008129,13.76256678,7.371588469,6.740940874,-6.172647905,1.173763478,1.836216073,0.864559831,-0.232025087,-1.305914549,1.023631481,-11.93056454,1.898142074
5280,"Chiroptera","Molossidae","Platymops setiger",5.37,0.272,60,32.49,5843.485,NA,513.285,0.0878388495906124,NA,619.151,111.989,NA,1,1.01,363.377,NA,67.092,NA,2053.404,0.105955778101595,NA,NA,NA,0,2,NA,NA,100,0,0,100,0,0,0,0,0,0,0,0,0,1,3,"A",1,0,0,0,1,2000,0,2000,NA,"Occurs on mainland",NA,NA,"Afrotropical",2,1,0,0,0,0,1,0,0,0,0,1,0,0,0,0,0,0,0,1,0,0,0,1,0,0,0,0,0,0,0,0,0,0,"Platymops setiger","Platymops setiger",0,0,NA,NA,NA,NA,NA,NA,NA,NA,NA,NA,0.476995248,0.607102033,0.691300401,28.98914814,-26.57510559,18.91358205,-1.679849989,32.97264364,1.967418118,6.331555404,-7.937259011,1.456457047,-6.997575855,-0.170700308,-6.124511468,-1.906931844,0.774124349,0.433058964,17.1545663,-1.513343954
5058,"Chiroptera","Phyllostomidae","Platyrrhinus albericoi",55,1.024,89.9,NA,5953.593,NA,349.066,0.0586311492908568,NA,484.484,112.827,NA,0.992,1.887,232.833,NA,40.755,NA,2048.665,0.0813767417423395,NA,NA,NA,0,2,NA,NA,20,0,80,NA,NA,NA,NA,NA,NA,NA,NA,NA,NA,1,2,"Ar",1,0,0,0,1,2500,1480,1020,NA,"Occurs on mainland",NA,NA,"Neotropical",1,0,1,0,0,0,1,0,0,0,0,0,0,0,0,0,1,0,1,0,0,0,0,0,0,0,0,0,0,0,0,0,0,0,"Platyrrhinus albericoi","Platyrrhinus albericoi",1,0,NA,NA,NA,NA,NA,NA,NA,NA,NA,NA,0.703913976,1.981645953,2.724009385,22.41867081,-49.89665223,-5.206247949,10.28045635,2.094913246,15.206071,1.748662333,13.24750319,-4.939534853,5.571522694,0.798809937,2.964748852,2.030061209,1.143387562,0.345447469,-3.886937667,4.394009637
5059,"Chiroptera","Phyllostomidae","Platyrrhinus angustirostris",13.44,0.42,59,38.09,5951.699,NA,302.497,0.0508253189551421,NA,430.329,112.381,NA,0.99,2,237.127,NA,41.229,NA,1937.388,0.0723035556737664,NA,NA,NA,0,2,NA,NA,10,0,90,10,0,0,0,0,0,90,0,0,0,1,1,"Ar",1,0,0,0,1,1300,150,1150,NA,NA,NA,NA,"Neotropical",1,0,1,0,0,0,NA,NA,NA,NA,0,0,0,0,0,0,1,0,1,0,0,0,0,0,0,0,0,0,0,0,0,0,0,0,"Platyrrhinus angustirostris","Platyrrhinus angustirostris",1,0,NA,NA,NA,NA,NA,NA,NA,NA,NA,NA,0.557256252,1.554646143,2.046082951,22.00624568,-50.22989106,-8.565485442,11.34668469,-5.68853042,13.95993981,-1.807453955,15.34548691,-3.583522941,8.31519894,-0.20735688,5.137471728,4.68082815,3.571465789,-1.130939854,-0.090838844,5.74377244
5060,"Chiroptera","Phyllostomidae","Platyrrhinus aquilus",26,0.831,86,47.5,5543.57,NA,396.902,0.0715968229859098,NA,515.518,116.038,NA,0.99,1.775,241.414,NA,48.107,NA,2118.194,0.0929938649642739,NA,NA,NA,0,2,NA,NA,9,0,91,10,0,0,0,0,0,90,0,0,0,1,1,"Ar",1,0,0,0,1,1433,1250,183,NA,"Occurs on mainland",NA,NA,"Neotropical",1,0,1,0,0,0,1,0,0,0,0,0,0,0,0,0,1,0,1,0,0,0,0,0,0,0,0,0,0,0,0,0,0,0,NA,"Platyrrhinus aquilus",1,0,NA,NA,NA,NA,NA,NA,NA,NA,NA,NA,NA,NA,NA,NA,NA,NA,NA,NA,NA,NA,NA,NA,NA,NA,NA,NA,NA,NA,NA,NA
5061,"Chiroptera","Phyllostomidae","Platyrrhinus aurarius",35.12,0.959,85.825,51.5,5616.671,NA,411.22,0.0732141868377194,NA,533.922,117.397,NA,0.987,1.765,243.796,NA,49.337,NA,2121.959,0.0950602233956733,NA,NA,NA,0,2,NA,NA,10,0,90,10,0,0,0,0,0,90,0,0,0,1,1,"Ar",1,0,0,0,1,2600,500,2100,0,"Occurs on mainland",0,0,"Neotropical",1,0,1,0,0,0,1,0,0,0,0,0,0,0,0,0,1,0,1,0,0,0,0,0,0,0,0,0,0,0,0,0,0,0,"Platyrrhinus aurarius","Platyrrhinus aurarius",1,0,NA,NA,51.5,NA,NA,NA,NA,NA,NA,NA,1.044403125,1.517172195,1.718373768,22.31334206,-50.00028066,-6.032164947,10.58474596,0.296350411,15.02837309,0.871371068,13.85133976,-4.52168142,6.317448396,0.494056413,3.540214275,2.580142767,1.709445755,-0.061586206,-2.723644764,4.792487434
5062,"Chiroptera","Phyllostomidae","Platyrrhinus brachycephalus",14.26,0.583,70.884,38.99,5480.856,NA,408.192,0.0744759577701001,NA,531.746,115.483,NA,0.98,1.804,242.101,NA,47.523,NA,2106.105,0.0970187868464342,NA,NA,NA,0,2,NA,NA,10,0,90,10,0,0,0,0,0,90,0,0,0,1,1,"Ar",1,0,0,0,1,NA,NA,NA,0,"Occurs on mainland",0,0,"Neotropical",2,0,1,0,0,0,1,0,0,0,0,0,0,0,0,0,1,0,1,0,0,0,0,0,1,0,0,0,0,0,0,0,0,0,"Platyrrhinus brachycephalus","Platyrrhinus brachycephalus",1,0,NA,NA,38.98999998,NA,NA,NA,0,0,0,1,0.670194133,2.162989163,2.706953381,22.16996705,-50.12920914,-7.266023254,10.96980858,-2.624906947,14.60324092,-0.394294526,14.63397947,-4.146069678,7.223726838,0.216336132,4.204075717,3.530079509,2.574105609,-0.415413749,-1.611566187,5.31212382
6646,"Chiroptera","Phyllostomidae","Platyrrhinus chocoensis",22,0.722,78.134,NA,5600.76,NA,418.192,0.0746670094772852,NA,539.907,118.177,NA,0.987,1.759,241.658,NA,48.492,NA,2190,0.096398881580357,NA,NA,NA,0,2,NA,NA,10,0,90,10,0,0,0,0,0,90,0,0,0,1,1,"Ar",1,0,0,0,1,1000,0,1000,NA,"Occurs on mainland",NA,NA,"Neotropical",1,0,1,0,0,0,1,0,0,0,0,0,0,0,0,0,1,0,1,0,0,0,0,0,0,0,0,0,0,0,0,0,0,0,"Platyrrhinus chocoensis","Platyrrhinus dorsalis",1,0,NA,NA,NA,NA,NA,NA,NA,NA,NA,NA,0.735888166,1.946871937,2.584305224,21.9426744,-50.25451646,-9.071234294,11.46960164,-6.935426867,13.63629846,-2.372788687,15.59681557,-3.364877419,8.773591893,-0.388646868,5.573959216,5.206917661,3.970959993,-1.50682682,0.517308183,5.839181829
5063,"Chiroptera","Phyllostomidae","Platyrrhinus dorsalis",26,0.852,86,47.5,5573.821,NA,412.802,0.0740608641719926,NA,534.571,117.095,NA,0.99,1.774,243.009,NA,48.909,NA,2115.264,0.0959074573797759,NA,NA,NA,0,2,NA,NA,10,0,90,10,0,0,0,0,0,90,0,0,0,1,1,"Ar",1,0,0,0,1,2500,150,2350,0,"Occurs on mainland",1,0,"Neotropical",1,0,1,0,0,0,1,0,0,0,0,0,0,0,0,0,1,0,1,0,0,0,0,0,0,0,0,0,0,0,0,0,0,0,"Platyrrhinus dorsalis","Platyrrhinus dorsalis",1,0,NA,NA,47.50000004,NA,NA,NA,NA,NA,NA,NA,0.735888166,1.946871937,2.584305224,22.2184104,-50.09927908,-6.860447114,10.85596447,-1.645403237,14.77846911,0.003483702,14.42174049,-4.238515493,6.963394806,0.279848207,4.015146158,3.187108499,2.273905178,-0.346342757,-1.930893618,5.130669737
5064,"Chiroptera","Phyllostomidae","Platyrrhinus fusciventris",13.44,0.42,59,38.09,5958.807,NA,305.449,0.0512600928340186,NA,436.244,111.741,NA,0.99,2,236.455,NA,40.588,NA,1946.521,0.0732099562882302,NA,NA,NA,0,2,NA,NA,10,0,90,10,0,0,0,0,0,90,0,0,0,1,1,"Ar",1,0,0,0,1,350,50,300,NA,NA,NA,NA,"Neotropical",1,0,1,0,0,0,NA,NA,NA,NA,0,0,0,0,0,0,1,0,1,0,0,0,0,0,0,0,0,0,0,0,0,0,0,0,"Platyrrhinus fusciventris","Platyrrhinus fusciventris",1,0,NA,NA,NA,NA,NA,NA,NA,NA,NA,NA,1.487507007,2.05441528,1.971450925,22.02563291,-50.21139028,-8.409487592,11.29484529,-5.331245984,14.0418615,-1.595004708,15.23024555,-3.726390015,8.09362345,-0.088268309,4.916366173,4.501787687,3.400547064,-0.892749619,-0.516984664,5.688481581
5066,"Chiroptera","Phyllostomidae","Platyrrhinus helleri",13.44,0.42,59,38.09,6022.389,NA,293.931,0.0488063789967735,NA,423.182,112.44,NA,0.99,2,236.383,NA,39.936,NA,1920.63,0.0702681278143939,NA,NA,NA,0,2,NA,NA,10,0,90,10,0,0,0,0,0,90,0,0,0,1,1,"Ar",1,0,0,0,1,1500,0,1500,0,"Occurs on mainland",1,0,"Nearctic, Neotropical",4,0,1,0,0,0,1,0,0,0,0,0,0,0,0,1,1,0,1,1,0,1,0,0,1,0,0,0,0,0,0,1,0,0,"Platyrrhinus helleri","Platyrrhinus helleri",1,1,43.8618,6.434000006,38.09000003,NA,NA,NA,0,0,0,1,0.267906658,1.475891501,1.908758575,21.90509322,-50.25789046,-9.265738612,11.54011127,-7.28142891,13.52969222,-2.59112226,15.64966617,-3.144139971,8.991311186,-0.540026016,5.800664831,5.332166652,4.091845738,-1.751130576,0.939308195,5.830937409
5067,"Chiroptera","Phyllostomidae","Platyrrhinus incarum",13.44,0.42,59,38.09,5961.958,NA,297.032,0.0498212164527157,NA,424.588,112.344,NA,0.99,2,236.755,NA,41.151,NA,1923.545,0.0712162011205044,NA,NA,NA,0,2,NA,NA,10,0,90,10,0,0,0,0,0,90,0,0,0,1,1,"Ar",1,0,0,0,1,1300,160,1140,NA,NA,NA,NA,"Neotropical",1,0,1,0,0,0,NA,NA,NA,NA,0,0,0,0,0,0,1,0,1,0,0,0,0,0,0,0,0,0,0,0,0,0,0,0,"Platyrrhinus helleri","Platyrrhinus incarum",1,0,NA,NA,NA,NA,NA,NA,NA,NA,NA,NA,0.56444042,1.276258961,1.407479098,21.90509322,-50.25789046,-9.265738612,11.54011127,-7.28142891,13.52969222,-2.59112226,15.64966617,-3.144139971,8.991311186,-0.540026016,5.800664831,5.332166652,4.091845738,-1.751130576,0.939308195,5.830937409
5068,"Chiroptera","Phyllostomidae","Platyrrhinus infuscus",50.76,1.11,88.72,56.49,5712.489,NA,381.387,0.0667637171817749,NA,504.728,116.16,NA,0.98,1.817,241.25,NA,47.859,NA,2084.496,0.0883551810778104,NA,NA,NA,0,2,NA,NA,10,0,90,10,0,0,0,0,0,90,0,0,0,1,1,"Ar",1,0,0,0,1,1900,180,1720,0,"Occurs on mainland",1,0,"Neotropical",2,0,1,0,0,0,1,0,0,0,0,0,0,0,0,0,1,0,1,0,0,0,0,0,1,0,0,0,0,0,0,0,0,0,"Platyrrhinus infuscus","Platyrrhinus infuscus",1,0,NA,NA,56.49000003,NA,NA,NA,0,0,0,1,0.72435317,2.437974218,3.049923575,22.2796045,-50.04524572,-6.353047152,10.69192205,-0.472865591,14.93461942,0.511743506,14.09990232,-4.391692481,6.607870574,0.387664814,3.770563201,2.842063532,1.960814252,-0.239012126,-2.348219413,4.966037687
5069,"Chiroptera","Phyllostomidae","Platyrrhinus ismaeli",37.1,1.087,86,47.5,5648.895,NA,422.847,0.0748548167384949,NA,537.086,119.374,NA,0.99,1.742,245.664,NA,53.375,NA,2117.824,0.0950780639399387,NA,NA,NA,0,2,NA,NA,0,0,100,10,0,0,0,0,0,90,0,0,0,1,1,"Ar",1,0,0,0,1,2950,1230,1720,NA,"Occurs on mainland",NA,NA,"Neotropical",2,0,1,0,0,0,1,0,0,0,0,0,0,0,0,0,1,0,1,0,0,0,0,0,1,0,0,0,0,0,0,0,0,0,"Platyrrhinus ismaeli","Platyrrhinus ismaeli",1,0,NA,NA,NA,NA,NA,NA,NA,NA,NA,NA,1.330176643,2.384749428,2.724009385,22.35523879,-49.97316331,-5.768500444,10.4809486,0.79994993,15.09350733,1.152377738,13.6783824,-4.71606578,6.036643463,0.633321674,3.296057027,2.412022787,1.53828209,0.142175222,-3.134752604,4.687545787
5070,"Chiroptera","Phyllostomidae","Platyrrhinus lineatus",22,0.741,103,46.59,4745,NA,291.068,0.0613420442571127,NA,407.934,106,NA,1,2,216.93,8.3,34.209,NA,1812.129,0.0859713382507903,0.754545454545455,NA,NA,0,2,NA,NA,10,0,90,10,0,0,0,0,0,90,0,0,0,1,2,"Ar",1,0,0,0,1,NA,NA,NA,0,"Occurs on mainland",1,0,"Neotropical",1,0,1,0,0,0,1,0,0,0,0,0,0,0,0,0,1,0,1,0,0,0,0,0,0,0,0,0,0,0,0,0,0,0,"Platyrrhinus lineatus","Platyrrhinus lineatus",1,0,45.44572916,6.1,46.58999995,NA,NA,NA,NA,NA,NA,NA,0.394296311,0.922658228,1.105095793,22.55550661,-49.70086729,-3.929132072,9.801627736,5.042578695,15.30545251,3.05837223,12.1516022,-5.34531422,4.579311886,1.093421328,2.339141016,1.30177015,0.371977853,0.634849842,-5.318238389,3.650544139
5071,"Chiroptera","Phyllostomidae","Platyrrhinus masu",27,0.954,86.111,NA,5677.38,NA,410.127,0.0722387791551737,NA,530.688,119.491,NA,1.002,1.757,246.273,NA,53.635,NA,2107.036,0.0934741024909377,NA,NA,NA,0,2,NA,NA,0,0,100,NA,NA,NA,NA,NA,NA,NA,NA,NA,NA,1,1,"Ar",1,0,0,0,1,3350,650,2700,NA,"Occurs on mainland",NA,NA,"Neotropical",1,0,1,0,0,0,1,0,0,0,0,0,0,0,0,0,1,0,1,0,0,0,0,0,0,0,0,0,0,0,0,0,0,0,"Platyrrhinus masu","Platyrrhinus masu",1,0,NA,NA,NA,NA,NA,NA,NA,NA,NA,NA,0.855162935,0.855162935,0.855162935,22.39932477,-49.93000179,-5.417354899,10.35561758,1.567920733,15.16912312,1.494793187,13.45131811,-4.851745901,5.774617714,0.724396569,3.11239588,2.186583403,1.308687253,0.226662309,-3.548405941,4.515276806
5072,"Chiroptera","Phyllostomidae","Platyrrhinus matapalensis",18,0.42,59,38.09,5995.851,NA,300.612,0.0501366695069641,NA,429.679,112.237,NA,0.99,2,229.053,NA,43.791,NA,1929.728,0.0716627214385414,NA,NA,NA,0,2,NA,NA,10,0,90,10,0,0,0,0,0,90,0,0,0,1,2,"Ar",1,0,0,0,1,680,50,630,NA,"Occurs on mainland",NA,NA,"Neotropical",1,0,1,0,0,0,1,0,0,0,0,0,0,0,0,0,1,0,1,0,0,0,0,0,0,0,0,0,0,0,0,0,0,0,"Platyrrhinus matapalensis","Platyrrhinus matapalensis",1,0,NA,NA,NA,NA,NA,NA,NA,NA,NA,NA,0.25527192,0.917531096,0.914646793,21.8750105,-50.24676881,-9.438951824,11.57964103,-7.675554347,13.38730741,-2.79126161,15.6948794,-3.011147577,9.165612801,-0.638711169,5.986435358,5.502468661,4.215339416,-1.942751645,1.290597242,5.789484735
6542,"Chiroptera","Phyllostomidae","Platyrrhinus nigellus",21.6,0.816,79.538,NA,5645.633,NA,434.209,0.0769105962077237,NA,553.961,118.513,NA,0.992,1.733,245.016,NA,53.505,NA,2131.174,0.0981220352084523,NA,NA,NA,0,2,NA,NA,0,0,100,NA,NA,NA,NA,NA,NA,NA,NA,NA,NA,1,1,"Ar",1,0,0,0,1,NA,NA,NA,NA,"Occurs on mainland",NA,NA,"Neotropical",1,0,1,0,0,0,1,0,0,0,0,0,0,0,0,0,1,0,1,0,0,0,0,0,0,0,0,0,0,0,0,0,0,0,"Platyrrhinus nigellus","Platyrrhinus umbratus",1,0,NA,NA,NA,NA,NA,NA,NA,NA,NA,NA,0.572125622,1.304169245,1.735528092,21.83683325,-50.25279149,-9.696233355,11.63884081,-8.264562335,13.15821142,-3.080959455,15.72231237,-2.82611437,9.366495019,-0.762842534,6.205480225,5.723579663,4.364951993,-2.193926351,1.651392653,5.740811284
5073,"Chiroptera","Phyllostomidae","Platyrrhinus nitelinea",NA,122.183,1028.75,NA,9153.295,NA,774.28,0.0845903032733021,NA,938.881,181.122,NA,1.083,1.064,396.174,NA,191.364,NA,3217.881,0.102573007862196,NA,NA,NA,0,2,NA,NA,10,0,90,NA,NA,NA,NA,NA,NA,NA,NA,NA,NA,1,1,"Ar",1,0,0,0,1,1100,36,1064,NA,"Occurs on mainland",NA,NA,"Neotropical",1,0,1,0,0,0,1,0,0,0,0,0,0,0,0,0,1,0,1,0,0,0,0,0,0,0,0,0,0,0,0,0,0,0,"Platyrrhinus nitelinea","Platyrrhinus nitelinea",1,0,NA,NA,NA,NA,NA,NA,NA,NA,NA,NA,0.963720284,1.281831446,1.532335449,22.50402128,-49.77611127,-4.384965963,9.981841588,4.032609179,15.28895585,2.584838413,12.5636469,-5.165013201,4.976145438,0.958576098,2.608015127,1.551932592,0.63949037,0.474294811,-4.731077108,3.906638815
5074,"Chiroptera","Phyllostomidae","Platyrrhinus recifinus",10.82,0.424,59.437,41.49,5698.271,NA,344.022,0.0603730500006055,NA,471.839,112.439,NA,0.988,1.899,247.302,NA,44.191,NA,2006.361,0.0828038891095211,NA,NA,NA,0,2,NA,NA,10,0,90,10,0,0,0,0,0,90,0,0,0,1,1,"Ar",1,0,0,0,1,NA,NA,NA,0,"Occurs on mainland",1,0,"Neotropical",3,0,1,0,0,0,1,0,0,0,0,0,0,0,0,0,1,0,1,1,0,0,0,0,1,0,0,0,0,0,0,0,0,0,"Platyrrhinus recifinus","Platyrrhinus recifinus",1,0,45.34549739,6.600000007,41.2,NA,NA,NA,0,0,0,1,0.959676151,1.086026406,1.166181311,22.05753023,-50.20553025,-8.156403783,11.23128722,-4.689532248,14.18944807,-1.29985952,15.07786195,-3.830846495,7.857527356,-0.000651706,4.704790885,4.23202894,3.167791395,-0.715850124,-0.871075226,5.580405745
5075,"Chiroptera","Phyllostomidae","Platyrrhinus umbratus",25.17,0.802,83.271,45.5,5756.884,NA,369.492,0.0641826376908063,NA,497.823,113.85,NA,0.987,1.855,233.899,NA,43.094,NA,2069.09,0.0864743844065644,NA,NA,NA,0,2,NA,NA,10,0,90,10,0,0,0,0,0,90,0,0,0,1,2,"Ar",1,0,0,0,1,2000,250,1750,0,"Occurs on mainland",0,0,"Neotropical",NA,0,1,0,0,0,1,0,0,0,0,0,0,0,0,0,1,0,1,0,0,0,0,0,0,1,0,0,0,0,0,0,0,0,"Platyrrhinus umbratus","Platyrrhinus umbratus",0,0,NA,NA,NA,NA,NA,NA,NA,NA,NA,NA,0.572125622,1.304169245,1.735528092,21.97219502,-50.26113247,-8.851189724,11.42787477,-6.359759597,13.80721553,-2.125005462,15.50379356,-3.439128344,8.592319387,-0.326141067,5.398992201,4.954334299,3.781220936,-1.352900875,0.262737087,5.777336236
5076,"Chiroptera","Phyllostomidae","Platyrrhinus vittatus",37.01,1.175,92.495,57.11,5620.608,NA,424.537,0.0755322200018219,NA,543.831,120.211,NA,0.98,1.764,242.768,NA,51.442,NA,2121.035,0.0967566142310583,NA,NA,NA,0,2,NA,NA,10,0,90,10,0,0,0,0,0,90,0,0,0,1,1,"Ar",1,0,0,0,1,NA,NA,NA,0,"Occurs on mainland",1,0,"Neotropical",1,0,1,0,0,0,1,0,0,0,0,0,0,0,0,0,1,0,1,0,0,0,0,0,0,0,0,0,0,0,0,0,0,0,"Platyrrhinus vittatus","Platyrrhinus vittatus",1,0,NA,NA,57.10999998,NA,NA,NA,NA,NA,NA,NA,0.631796051,2.014631014,2.741702068,22.45530918,-49.85784138,-4.898430401,10.1674707,2.791944358,15.24966019,2.066078273,13.00050352,-5.047740797,5.326673245,0.874603191,2.803710211,1.836154201,0.935210002,0.426623474,-4.269788388,4.194593731
7174,"Chiroptera","Vespertilionidae","Plecotus ariel",NA,NA,NA,NA,NA,NA,NA,NA,NA,NA,NA,NA,NA,NA,NA,NA,NA,NA,NA,NA,NA,NA,NA,NA,NA,NA,NA,NA,NA,NA,NA,NA,NA,NA,NA,NA,NA,NA,NA,NA,NA,NA,NA,NA,NA,NA,NA,NA,NA,NA,NA,NA,NA,NA,NA,NA,NA,NA,NA,NA,NA,NA,NA,NA,NA,NA,0,0,0,0,0,0,0,0,1,0,0,0,0,0,0,1,0,0,0,0,0,0,0,0,NA,"Plecotus wardi",0,0,NA,NA,NA,NA,NA,NA,NA,NA,NA,NA,1.222781074,1.222781074,1.222781074,NA,NA,NA,NA,NA,NA,NA,NA,NA,NA,NA,NA,NA,NA,NA,NA,NA
5688,"Chiroptera","Vespertilionidae","Plecotus auritus",9.195,0.234,51,37.72,10950,338.33,351.665,0.0321155251141553,365,730,65.06,NA,1.275,1,364.75,2.09,42.045,5.7,3693.8,0.0666666666666667,0.289804241435563,NA,NA,1,2,NA,NA,100,0,0,100,0,0,0,0,0,0,0,0,0,1,3,"S",1,0,0,0,1,NA,NA,NA,0,"Occurs on mainland",1,1,NA,NA,0,0,0,0,1,1,0,0,0,0,0,0,0,0,0,0,0,1,0,1,1,0,0,1,0,0,0,0,0,0,1,0,0,"Plecotus auritus","Plecotus auritus",0,0,34.13323983,5.700000004,38.92499998,7.499999993,0,NA,0,0,0,1,0.206590282,1.379530208,1.620542525,31.37494719,34.19956758,-28.96327514,14.46237119,10.67196632,-3.481817615,-4.875348444,4.731078087,-6.032755416,-14.37110452,-12.40598693,11.75495379,-0.80424773,0.534159563,7.435746871,-0.220490866,1.876385497
5689,"Chiroptera","Vespertilionidae","Plecotus austriacus",8.19,0.306,51,39.7,10950,358.332,351.665,0.0321155251141553,365,416.725,65.06,NA,1.275,1,364.75,2.09,42.045,5.7,2333.319,0.0380570776255708,0.3253663003663,NA,NA,1,2,NA,NA,100,0,0,100,0,0,0,0,0,0,0,0,0,1,3,"S",1,0,0,0,1,NA,NA,NA,0,"Occurs on mainland",1,0,NA,NA,0,0,0,0,1,1,0,0,0,0,0,0,0,0,0,0,0,1,0,1,1,0,0,1,0,0,0,0,0,0,1,0,0,"Plecotus austriacus","Plecotus austriacus",0,0,36.66855179,6.1,39.70000002,15,0,NA,0,0,0,1,0.021734475,0.718380873,0.767027353,31.06326446,33.61482836,-28.30703653,14.14752892,10.41579327,-3.506077139,-4.859291723,4.577232939,-5.709809771,-14.29775765,-12.79316631,12.28333739,-0.834903395,0.535252367,8.527826627,-0.369632588,2.174245517
5690,"Chiroptera","Vespertilionidae","Plecotus balensis",6.5,0.345,66.258,NA,7546.072,NA,395.607,0.0524255533209861,NA,476.815,76.814,NA,1.385,1.004,364.603,NA,45.531,NA,2127.559,0.0631871787070147,NA,NA,NA,1,2,NA,NA,100,0,0,NA,NA,NA,NA,NA,NA,NA,NA,NA,NA,1,3,"S",1,0,0,0,1,3000,2500,500,NA,"Occurs on mainland",NA,NA,"Afrotropical",1,0,0,0,0,1,1,0,0,0,0,1,0,0,0,0,0,0,1,0,0,0,0,0,0,0,0,0,0,0,0,0,0,0,"Plecotus balensis","Plecotus balensis",1,0,NA,NA,NA,NA,NA,NA,NA,NA,NA,NA,0.853138154,0.853138154,0.853138154,31.21084412,33.81846197,-28.60807449,14.30068471,10.57360456,-3.541847084,-4.88862367,4.642698871,-5.871484046,-14.39899862,-12.70485239,12.16294505,-0.783680193,0.554408793,8.12507416,-0.336456956,2.0713633
5691,"Chiroptera","Vespertilionidae","Plecotus christii",7,0.198,58.521,NA,5428.602,NA,346.647,0.0638556667075612,NA,412.083,69.048,NA,1.592,1.017,363.421,NA,42.93,NA,1810.749,0.0759095988248908,NA,NA,NA,1,2,NA,NA,100,0,0,NA,NA,NA,NA,NA,NA,NA,NA,NA,NA,1,3,"A",1,0,0,0,1,NA,NA,NA,NA,"Occurs on mainland",NA,NA,"Afrotropical, Palearctic",3,1,0,0,0,0,1,0,0,0,1,1,0,0,0,0,0,0,0,0,1,0,0,1,0,1,0,0,0,0,0,0,0,0,"Plecotus christii","Plecotus christii",0,0,NA,NA,NA,NA,NA,NA,NA,NA,NA,NA,0.015770297,0.088218756,0.130766223,31.2362864,33.87528378,-28.6528731,14.31970692,10.57934554,-3.52951642,-4.885395883,4.66024091,-5.906752355,-14.4226069,-12.68185779,12.12209056,-0.78865805,0.553696461,8.036954888,-0.314836271,2.046732154
5693,"Chiroptera","Vespertilionidae","Plecotus homochrous",NA,NA,NA,NA,NA,NA,NA,NA,NA,NA,NA,NA,NA,NA,NA,NA,NA,NA,NA,NA,NA,NA,NA,NA,NA,NA,NA,NA,NA,NA,NA,NA,NA,NA,NA,NA,NA,NA,NA,NA,NA,NA,NA,NA,NA,NA,NA,NA,NA,NA,NA,NA,NA,NA,NA,NA,1,NA,NA,NA,NA,NA,NA,NA,NA,NA,0,0,0,0,0,0,0,0,1,0,0,0,0,0,0,0,0,0,0,0,0,0,0,0,NA,"Plecotus homochrous",0,0,NA,NA,NA,NA,NA,NA,NA,NA,NA,NA,1.110507335,1.522538702,1.769757522,NA,NA,NA,NA,NA,NA,NA,NA,NA,NA,NA,NA,NA,NA,NA,NA,NA
5694,"Chiroptera","Vespertilionidae","Plecotus kolombatovici",8.19,0.33,51,NA,10950,358.332,351.665,0.0321155251141553,365,416.725,65.06,NA,1.275,1,364.75,2.09,42.045,5.7,1825,0.0380570776255708,0.3253663003663,NA,NA,1,2,NA,NA,100,0,0,NA,NA,NA,NA,NA,NA,NA,NA,NA,NA,1,3,"S",1,0,0,0,1,3000,0,3000,NA,"Occurs on mainland",NA,NA,"Palearctic",4,0,0,0,0,1,1,0,0,0,1,0,0,0,0,0,0,0,1,0,1,1,0,0,1,0,0,0,0,0,0,1,0,0,"Plecotus kolombatovici","Plecotus kolombatovici",0,0,NA,NA,NA,NA,NA,NA,NA,NA,NA,NA,0.274573922,0.43159742,0.551991632,31.1835453,33.74679051,-28.50908594,14.24961249,10.51824128,-3.528547556,-4.866493808,4.610263863,-5.828339778,-14.37551013,-12.73152579,12.20905719,-0.776810083,0.556256517,8.260751852,-0.339027398,2.098308651
5695,"Chiroptera","Vespertilionidae","Plecotus kozlovi",NA,NA,NA,NA,NA,NA,NA,NA,NA,NA,NA,NA,NA,NA,NA,NA,NA,NA,NA,NA,NA,NA,NA,NA,NA,NA,NA,NA,NA,NA,NA,NA,NA,NA,NA,NA,NA,NA,NA,NA,NA,NA,NA,NA,NA,NA,NA,NA,NA,NA,NA,NA,NA,NA,NA,NA,NA,NA,NA,NA,NA,NA,NA,NA,NA,NA,0,0,0,0,0,0,0,0,0,1,0,0,0,1,0,1,0,0,0,0,0,0,0,0,NA,"Plecotus kozlovi",0,0,NA,NA,NA,NA,NA,NA,NA,NA,NA,NA,0.055981523,0.252368131,0.400340014,NA,NA,NA,NA,NA,NA,NA,NA,NA,NA,NA,NA,NA,NA,NA,NA,NA
5696,"Chiroptera","Vespertilionidae","Plecotus macrobullaris",8.5,0.234,51,37.72,10950,338.33,351.665,0.0321155251141553,365,730,65.06,NA,1.275,1,364.75,2.09,42.045,5.7,3693.8,0.0666666666666667,0.3135,NA,NA,1,2,NA,NA,100,0,0,100,0,0,0,0,0,0,0,0,0,1,3,"S",1,0,0,0,1,2800,0,2800,NA,"Occurs on mainland",NA,NA,"Palearctic",5,0,0,0,0,1,1,0,0,0,1,0,0,0,0,0,0,0,1,0,1,1,0,0,1,0,0,0,0,0,0,1,0,0,"Plecotus macrobullaris","Plecotus macrobullaris",0,0,NA,NA,NA,NA,NA,NA,0,0,0,1,0.116344666,1.966788929,2.848106001,31.25749269,33.92429102,-28.69767484,14.33992869,10.59040254,-3.519283602,-4.880713764,4.667899788,-5.923609107,-14.42024991,-12.65109932,12.08041564,-0.790094004,0.552185343,7.971341052,-0.296867078,2.026502371
5697,"Chiroptera","Vespertilionidae","Plecotus ognevi",8.4,0.234,51,37.72,10950,338.33,351.665,0.0321155251141553,365,730,65.06,NA,1.275,1,364.75,2.09,42.045,5.7,3693.8,0.0666666666666667,0.317232142857143,NA,NA,1,2,NA,NA,100,0,0,100,0,0,0,0,0,0,0,0,0,1,3,"S",1,0,0,0,1,NA,NA,NA,NA,"Occurs on mainland",NA,NA,"Palearctic",3,0,0,0,0,1,1,0,0,0,1,0,0,0,0,0,0,0,1,0,1,1,0,0,1,0,0,0,0,0,0,1,0,0,"Plecotus ognevi","Plecotus ognevi",0,0,NA,NA,NA,NA,NA,NA,NA,NA,NA,NA,0.200198079,0.747560539,0.868921479,31.3388874,34.11516402,-28.88215274,14.42499619,10.6472767,-3.492919894,-4.876081792,4.71024847,-5.99698344,-14.37734274,-12.47079279,11.84354417,-0.798547271,0.539002386,7.584636842,-0.242238512,1.916427976
5698,"Chiroptera","Vespertilionidae","Plecotus sacrimontis",9.3,0.234,51,37.72,10950,338.33,351.665,0.0321155251141553,365,730,65.06,NA,1.275,1,364.75,2.09,42.045,5.7,3693.8,0.0666666666666667,0.286532258064516,NA,NA,1,2,NA,NA,100,0,0,100,0,0,0,0,0,0,0,0,0,1,3,"S",1,0,0,0,1,1700,700,1000,NA,"Occurs on large land bridge islands",NA,NA,"Palearctic",3,0,0,0,0,1,0,0,1,0,1,0,0,0,0,0,0,0,1,0,0,1,0,0,1,0,0,0,0,0,0,1,0,0,"Plecotus sacrimontis","Plecotus sacrimontis",0,0,NA,NA,NA,NA,NA,NA,NA,NA,NA,NA,2.656046849,2.656046849,2.656046849,31.15638613,33.67738373,-28.4195357,14.20401734,10.47175984,-3.519124883,-4.846528096,4.576405848,-5.777886409,-14.32166148,-12.72733006,12.22379313,-0.768233292,0.557088624,8.370822996,-0.348530382,2.126195751
5699,"Chiroptera","Vespertilionidae","Plecotus sardus",9.8,0.244,59.945,NA,7784.639,NA,408.86,0.0525213821732774,NA,509.085,72.232,NA,1.339,1.002,364.439,NA,47.917,NA,2299.763,0.0653960960810129,NA,NA,NA,1,2,NA,NA,100,0,0,NA,NA,NA,NA,NA,NA,NA,NA,NA,NA,1,3,"S",1,0,0,0,1,NA,NA,NA,NA,"Occurs only on isolated islands",NA,NA,"Palearctic",2,0,0,0,0,1,0,0,0,1,1,0,0,0,0,0,0,0,1,0,0,0,0,0,1,0,0,0,0,0,0,0,0,0,"Plecotus sardus","Plecotus sardus",0,0,NA,NA,NA,NA,NA,NA,NA,NA,NA,NA,0.415289047,0.415289047,0.415289047,31.2873797,33.99168854,-28.75258822,14.36357684,10.598701,-3.502840415,-4.873659709,4.681813294,-5.954582827,-14.43040449,-12.61348314,12.02334685,-0.793897759,0.548247863,7.858702947,-0.266160313,1.982975031
5700,"Chiroptera","Vespertilionidae","Plecotus strelkovi",NA,NA,NA,NA,NA,NA,NA,NA,NA,NA,NA,NA,NA,NA,NA,NA,NA,NA,NA,NA,NA,NA,NA,NA,NA,NA,NA,NA,NA,NA,NA,NA,NA,NA,NA,NA,NA,NA,NA,NA,NA,NA,NA,NA,NA,NA,NA,NA,NA,NA,NA,NA,NA,NA,NA,NA,NA,NA,NA,NA,NA,NA,NA,NA,NA,NA,0,0,0,0,0,0,0,0,1,0,0,0,0,0,0,0,0,0,0,0,0,0,0,0,NA,"Plecotus strelkovi",0,0,NA,NA,NA,NA,NA,NA,NA,NA,NA,NA,0.134047077,0.333390679,0.452996841,NA,NA,NA,NA,NA,NA,NA,NA,NA,NA,NA,NA,NA,NA,NA,NA,NA
5701,"Chiroptera","Vespertilionidae","Plecotus taivanus",8.54,0.263,58.592,NA,7876.631,NA,413.512,0.0524985872767177,NA,503.387,73.73,NA,1.333,1.003,364.51,NA,46.235,NA,2194.674,0.0639089224822135,NA,NA,NA,1,2,NA,NA,100,0,0,100,0,0,0,0,0,0,0,0,0,1,3,"S",1,0,0,0,1,NA,NA,NA,NA,"Occurs on large land bridge islands",NA,NA,"Indomalayan",1,0,0,0,0,1,0,0,1,0,0,0,0,0,1,0,0,0,1,0,0,0,0,0,0,0,0,0,0,0,0,0,0,0,"Plecotus taivanus","Plecotus taivanus",1,0,NA,NA,NA,NA,NA,NA,NA,NA,NA,NA,NA,NA,NA,31.43464247,34.32617031,-29.05786244,14.50302379,10.70211018,-3.464566662,-4.86741607,4.746789093,-6.064231282,-14.30511906,-12.25372064,11.56402236,-0.808070962,0.524743502,7.165647763,-0.171324728,1.804551465
5702,"Chiroptera","Vespertilionidae","Plecotus teneriffae",9.195,0.289,51,NA,10950,358.332,351.665,0.0321155251141553,365,416.725,65.06,NA,1.275,1,364.75,2.09,42.045,5.7,2395.587,0.0380570776255708,0.289804241435563,NA,NA,1,2,NA,NA,100,0,0,100,0,0,0,0,0,0,0,0,0,1,3,"S",1,0,0,0,1,2300,100,2200,NA,"Occurs only on isolated islands",NA,NA,"Palearctic",2,0,0,0,0,1,0,0,0,1,1,0,0,0,0,0,0,0,1,0,0,0,0,0,1,0,0,0,0,0,0,0,0,0,"Plecotus teneriffae","Plecotus gaisleri",0,0,NA,NA,NA,NA,NA,NA,0,0,0,1,0.05222192,0.164925097,0.266977365,31.13391753,33.62066474,-28.34833539,14.16798228,10.43617082,-3.512651423,-4.83115085,4.549068467,-5.735928175,-14.2686234,-12.71048818,12.21925514,-0.76217226,0.555385635,8.423771503,-0.35845474,2.137424602
5703,"Chiroptera","Vespertilionidae","Plecotus turkmenicus",NA,NA,NA,NA,NA,NA,NA,NA,NA,NA,NA,NA,NA,NA,NA,NA,NA,NA,NA,NA,NA,NA,NA,NA,NA,NA,NA,NA,NA,NA,NA,NA,NA,NA,NA,NA,NA,NA,NA,NA,NA,NA,NA,NA,NA,NA,NA,NA,NA,NA,NA,NA,NA,NA,NA,NA,1,NA,NA,NA,NA,NA,NA,NA,NA,NA,0,0,0,0,0,0,0,0,0,0,0,0,0,0,0,1,0,0,0,0,0,0,0,0,NA,"Plecotus turkmenicus",0,0,NA,NA,NA,NA,NA,NA,NA,NA,NA,NA,NA,NA,NA,NA,NA,NA,NA,NA,NA,NA,NA,NA,NA,NA,NA,NA,NA,NA,NA,NA
5704,"Chiroptera","Vespertilionidae","Plecotus wardi",NA,NA,NA,NA,NA,NA,NA,NA,NA,NA,NA,NA,NA,NA,NA,NA,NA,NA,NA,NA,NA,NA,NA,NA,NA,NA,NA,NA,NA,NA,NA,NA,NA,NA,NA,NA,NA,NA,NA,NA,NA,NA,NA,NA,NA,NA,NA,NA,NA,NA,NA,NA,NA,NA,NA,NA,NA,NA,NA,NA,NA,NA,NA,NA,NA,NA,0,0,0,0,0,0,0,0,1,0,1,1,0,0,1,0,0,0,0,0,0,1,0,0,NA,"Plecotus wardi",0,0,NA,NA,NA,NA,NA,NA,NA,NA,NA,NA,1.222781074,1.222781074,1.222781074,NA,NA,NA,NA,NA,NA,NA,NA,NA,NA,NA,NA,NA,NA,NA,NA,NA
4563,"Chiroptera","Pteropodidae","Plerotes anchietae",19.99,1.096,87,51.41,4848.055,NA,500.1,0.103154770315106,NA,636.98,138.334,NA,1.004,1.799,262.223,NA,82.235,NA,1966.314,0.131388773435945,NA,NA,NA,0,2,NA,NA,0,0,100,NA,NA,NA,NA,NA,NA,NA,NA,NA,NA,1,1,"Ar",1,0,0,0,1,2000,1000,1000,0,"Occurs on mainland",0,0,"Afrotropical",2,0,1,0,0,0,1,0,0,0,0,1,0,0,0,0,0,0,1,1,0,0,0,0,0,0,0,0,0,0,0,0,0,0,"Plerotes anchietae","Plerotes anchietae",0,1,NA,NA,NA,NA,NA,NA,NA,NA,NA,NA,NA,NA,NA,-74.34965546,8.076843682,5.386019765,1.8446383,2.306839721,13.96024501,-16.68473964,-6.592928627,1.157881389,-4.583469999,8.538219492,4.345373185,2.677816852,-13.26850743,-0.401995963,1.972629062,8.566776285
5281,"Chiroptera","Molossidae","Promops centralis",29.8,0.556,89,53.03,5203.525,NA,527.543,0.101381851725513,NA,648.779,95.255,NA,0.99,1,362.579,2.44,41.99,NA,2057.617,0.124680673197496,0.0810604026845638,NA,NA,1,2,NA,NA,100,0,0,100,0,0,0,0,0,0,0,0,0,1,3,"A",1,0,0,0,1,1800,0,1800,0,"Occurs on mainland",1,0,"Neotropical",NA,1,0,0,0,0,1,0,0,0,0,0,0,0,0,0,1,0,1,0,0,0,0,0,0,1,0,0,0,0,0,0,0,0,"Promops centralis","Promops centralis",1,0,NA,NA,53.02999999,NA,NA,NA,0,0,0,1,0.149646178,1.129687286,1.292443559,31.84284032,-14.13957128,29.1556193,-9.467069967,29.81942618,-14.49382137,-6.311672394,-7.727813523,9.738393095,2.612592466,-4.662109489,5.162235427,0.172713471,0.294865671,-8.13513896,-1.975665621,0.780724229
5282,"Chiroptera","Molossidae","Promops davisoni",50,0.691,89,53.03,5307.076,NA,529.152,0.0997068819063454,NA,651.741,96.736,NA,0.99,1,361.685,2.44,41.99,NA,2059.554,0.12280604234799,0.048312,NA,NA,1,2,NA,NA,100,0,0,100,0,0,0,0,0,0,0,0,0,1,3,"A",1,0,0,0,1,2400,85,2315,NA,"Occurs on mainland",NA,NA,"Neotropical",1,1,0,0,0,0,1,0,0,0,0,0,0,0,0,0,1,0,1,0,0,0,0,0,0,0,0,0,0,0,0,0,0,0,NA,"Promops davisoni",0,0,NA,NA,NA,NA,NA,NA,NA,NA,NA,NA,0.00398216,0.005413677,0.006272587,NA,NA,NA,NA,NA,NA,NA,NA,NA,NA,NA,NA,NA,NA,NA,NA,NA
5283,"Chiroptera","Molossidae","Promops nasutus",15.5,0.345,68,47.29,3083.081,NA,331.284,0.107452253119526,NA,396.291,96.698,NA,1.01,1.12,349.359,3.57,53.742,NA,1486.502,0.128537330027982,0.260540903225806,NA,NA,1,2,NA,NA,100,0,0,100,0,0,0,0,0,0,0,0,0,1,3,"A",1,0,0,0,1,NA,NA,NA,0,"Occurs on mainland",1,0,"Neotropical",NA,1,0,0,0,0,1,0,0,0,0,0,0,0,0,0,1,0,1,0,0,0,0,0,0,1,0,0,0,0,0,0,0,0,"Promops nasutus","Promops nasutus",0,0,73.79379816,NA,47.29,NA,NA,NA,NA,NA,NA,NA,0.365919158,0.763905483,1.293566892,31.80888224,-14.35436128,29.00386475,-9.316342469,30.10330342,-14.27472751,-6.120243322,-7.763377349,9.686597703,2.485631032,-4.66536155,5.079236434,0.176549098,0.371380975,-8.124410539,-1.378855172,0.803973013
7180,"Chiroptera","Pteropodidae","Ptenochirus jagori",79.18,1.481,105,84.34,2920,251.71,251.71,0.0862020547945205,NA,243.33,125.14,NA,1,2,228.283,17.4,89.99,NA,1019.564,0.0833321917808219,0.439504925486234,NA,NA,0,2,NA,5.5,0,0,100,0,0,0,0,0,0,100,0,0,0,1,1,"Ar",1,0,0,0,1,1950,0,1950,1,"Occurs only on isolated islands",1,0,"Indomalayan",1,0,1,0,0,0,0,0,0,1,0,0,0,0,1,0,0,0,0,0,0,0,0,0,0,0,0,0,0,0,0,0,0,0,"Ptenochirus jagori","Ptenochirus jagorii",0,0,NA,NA,82.35000009,1,0,NA,0,0,0,1,1.061008571,2.049686184,2.377256609,-73.47142275,6.641907845,-2.136968074,-12.56420075,4.193494114,12.94231295,-13.46019538,-1.739095479,4.895639014,-5.675307343,3.587935933,-0.03991443,12.05358493,-18.02540463,-0.69593731,1.676228324,2.863607339
4411,"Chiroptera","Pteropodidae","Ptenochirus minor",47.02,1.134,101,69.5,4703.907,NA,508.829,0.108171568868177,NA,633.225,133.065,NA,1.039,1.726,262.324,NA,73.665,NA,1893.898,0.134616819592734,NA,NA,NA,0,2,NA,NA,0,0,100,0,0,0,0,0,0,100,0,0,0,1,1,"Ar",1,0,0,0,1,1600,0,1600,1,"Occurs only on isolated islands",0,0,"Indomalayan",1,0,1,0,0,0,0,0,0,1,0,0,0,0,1,0,0,0,1,0,0,0,0,0,0,0,0,0,0,0,0,0,0,0,"Ptenochirus minor","Ptenochirus minor",1,0,NA,NA,69.50000007,NA,NA,NA,NA,NA,NA,NA,1.712838782,2.43977942,2.929312216,-73.39048645,6.495696874,-2.777331112,-13.72291963,4.283903453,12.55734109,-12.9006995,-1.33501308,5.14052327,-5.775759029,3.224157838,-0.374995554,12.82833715,-17.54110219,-0.672036538,1.537516749,2.56700677
4462,"Chiroptera","Pteropodidae","Pteralopex anceps",532.775,6.813,262.31,165.5,5027.98,NA,668.687,0.132993170219452,NA,800.998,156.062,NA,1,1.419,301.169,NA,145.641,NA,2466.704,0.159308111806332,NA,NA,NA,0,2,NA,NA,0,0,100,0,0,0,0,0,0,40,40,20,0,3,1,"Ar",1,0,0,0,1,NA,NA,NA,1,"Occurs only on isolated islands",0,0,"Australasian",1,0,1,0,0,0,0,0,0,1,0,0,0,1,0,0,0,0,1,0,0,0,0,0,0,0,0,0,0,0,0,0,0,0,"Pteralopex anceps","Pteralopex anceps",1,0,NA,NA,NA,NA,NA,NA,NA,NA,NA,NA,NA,NA,NA,-69.34073351,3.398513032,-14.18115873,-34.1663474,6.187113087,8.55750276,-6.353665519,4.48354742,7.561650637,-2.675674634,-8.188721206,-8.861094739,5.280394395,10.05524038,1.204786978,-2.581094092,-3.330891657
4463,"Chiroptera","Pteropodidae","Pteralopex atrata",490.8,5.897,243.72,142.48,4352.748,NA,664.611,0.152687681437106,NA,799.745,154.937,NA,1.004,1.519,281.867,NA,144.624,NA,2366.386,0.183733356491118,NA,NA,NA,0,2,NA,NA,0,0,100,0,0,0,0,0,0,40,40,20,0,3,1,"Ar",1,0,0,0,1,400,0,400,1,"Occurs only on isolated islands",0,0,"Australasian",1,0,1,0,0,0,0,0,0,1,0,0,0,1,0,0,0,0,1,0,0,1,0,0,0,0,0,0,0,0,0,1,0,0,"Pteralopex atrata","Pteralopex atrata",1,0,NA,NA,142.4799999,NA,NA,NA,NA,NA,NA,NA,NA,NA,NA,-69.03814844,3.180235623,-14.46741984,-34.67339339,6.149503299,8.198947156,-5.927718101,4.713901746,7.62447774,-2.364335496,-8.163420467,-8.914429929,3.780512681,10.8293962,1.256840521,-2.505531349,-2.154846241
4464,"Chiroptera","Pteropodidae","Pteralopex flanneryi",670.2,6.582,262.31,165.5,4297.308,NA,668.179,0.1554878077159,NA,797.936,155.567,NA,1,1.511,283.114,NA,145.265,NA,2346.95,0.185682757670616,NA,NA,NA,0,2,NA,NA,0,0,100,0,0,0,0,0,0,40,40,20,0,3,1,"Ar",1,0,0,0,1,200,0,200,NA,"Occurs only on isolated islands",NA,NA,"Australasian",1,0,1,0,0,0,0,0,0,1,0,0,0,1,0,0,0,0,1,0,0,0,0,0,0,0,0,0,0,0,0,0,0,0,"Pteralopex flanneryi","Pteralopex flanneryi",1,0,NA,NA,NA,NA,NA,NA,NA,NA,NA,NA,NA,NA,NA,-69.13210471,3.293994957,-14.38437574,-34.43977809,6.185331638,8.436780595,-6.18818542,4.610975309,7.625518984,-2.641454602,-8.190070489,-8.849812751,4.789033081,10.39671667,1.236372683,-2.60464544,-2.968814148
4465,"Chiroptera","Pteropodidae","Pteralopex pulchra",291.15,4.979,205.595,NA,4337.4,NA,641.065,0.147799372896205,NA,781.684,153.369,NA,1.004,1.539,279.106,NA,133.204,NA,2286.577,0.180219486328215,NA,NA,NA,0,2,NA,NA,0,0,100,0,0,0,0,0,0,40,40,20,0,3,1,"Ar",1,0,0,0,1,2448,1200,1248,NA,"Occurs only on isolated islands",NA,NA,"Australasian",1,0,1,0,0,0,0,0,0,1,0,0,0,1,0,0,0,0,1,0,0,0,0,0,0,0,0,0,0,0,0,0,0,0,"Pteralopex pulchra","Pteralopex pulchra",1,0,NA,NA,NA,NA,NA,NA,NA,NA,NA,NA,NA,NA,NA,-69.09200432,3.268903791,-14.42532107,-34.53015348,6.18035182,8.372595943,-6.083645009,4.670999151,7.65697391,-2.564013749,-8.212026306,-8.892074305,4.512872027,10.57113764,1.241028095,-2.589628823,-2.716237763
4466,"Chiroptera","Pteropodidae","Pteralopex taki",286.7,5.165,207.39,NA,5596.349,NA,663.095,0.11848707076703,NA,803.452,156.041,NA,1.005,1.503,288.537,NA,139.987,NA,2555,0.14356717209738,NA,NA,NA,0,2,NA,NA,0,0,100,NA,NA,NA,NA,NA,NA,NA,NA,NA,NA,3,1,"Ar",1,0,0,0,1,400,0,400,NA,"Occurs only on isolated islands",NA,NA,"Australasian",1,0,1,0,0,0,0,0,0,1,0,0,0,1,0,0,0,0,1,0,0,1,0,0,0,0,0,0,0,0,0,1,0,0,"Pteralopex taki","Pteralopex taki",1,0,NA,NA,NA,NA,NA,NA,NA,NA,NA,NA,NA,NA,NA,-69.10398853,3.25871629,-14.45790638,-34.5822385,6.17163397,8.317407868,-6.029770338,4.673001361,7.633792215,-2.5132923,-8.207380086,-8.874069053,4.168241513,10.71780474,1.247564184,-2.558997741,-2.455738281
4878,"Chiroptera","Mormoopidae","Pteronotus davyi",9.4,0.31,55,45.1,2682.747,365.25,365.25,0.13614776197681,365.25,425.25,60,NA,0.995,1,352.19,1.15,58.221,NA,1327.31,0.158512897414479,0.121728723404255,NA,NA,0,2,NA,NA,100,0,0,100,0,0,0,0,0,0,0,0,0,1,3,"A",1,0,0,0,1,2000,NA,NA,NA,"Occurs on mainland",NA,NA,"Neotropical",2,1,0,0,0,0,1,0,0,0,0,0,0,0,0,0,1,0,1,0,0,0,0,0,1,0,0,0,0,0,0,0,0,0,"Pteronotus davyi","Pteronotus davyi",1,0,36.08121507,8.299999993,45.10000001,372000.0001,NA,4.999999999,0,0,0,1,0.149646178,0.804827722,1.171109741,2.800535415,-37.47187925,-23.30964877,-6.295813335,-18.26465866,-25.10602865,6.848317554,-19.80473171,-8.58864789,-6.344041342,3.741571493,-2.7175393,15.07938942,16.32360488,2.063337847,-2.369199913,13.54960865
4881,"Chiroptera","Mormoopidae","Pteronotus gymnonotus",13.6,0.343,69,51.74,3858.257,NA,383.998,0.0995262886842427,NA,478.468,106.576,NA,0.98,1.064,356.793,NA,63.792,NA,1654.284,0.124011438325648,NA,NA,NA,0,2,NA,NA,100,0,0,100,0,0,0,0,0,0,0,0,0,1,3,"A",1,0,0,0,1,400,NA,NA,0,"Occurs on mainland",1,0,"Neotropical",3,1,0,0,0,0,1,0,0,0,0,0,0,0,0,0,1,0,1,1,0,0,0,0,1,0,0,0,0,0,0,0,0,0,"Pteronotus gymnonotus","Pteronotus gymnonotus",1,1,36.20080622,8,53.72499998,NA,NA,NA,1,0,0,0,0.51663326,1.35350773,1.674461162,5.789070954,-38.40018401,-22.6733164,-4.286185689,-18.59385936,-24.12337448,5.255994265,-19.87905646,-7.200222476,-7.044913151,3.606868825,-3.402921141,13.79412732,15.18663228,2.330809281,-2.310342209,13.6816964
4882,"Chiroptera","Mormoopidae","Pteronotus macleayii",12.39,0.332,67.825,43.5,5010.791,NA,473.322,0.0944605352727743,NA,595.316,114.803,NA,1,1.009,360.393,NA,68.395,NA,2017.927,0.118806791183268,NA,NA,NA,0,2,NA,NA,100,0,0,100,0,0,0,0,0,0,0,0,0,1,3,"A",1,0,0,0,1,NA,NA,NA,1,"Occurs only on isolated islands",0,0,"Neotropical",1,1,0,0,0,0,0,0,0,1,0,0,0,0,0,0,1,0,0,0,0,0,0,0,1,0,0,0,0,0,0,0,0,0,"Pteronotus macleayii","Pteronotus macleayii",0,0,28.19245248,7.529999997,43.5,NA,NA,14,1,0,0,0,0.793471735,1.389631541,1.678370595,-0.351790935,-36.62133574,-24.21170878,-8.492765681,-17.99512444,-25.95299939,8.381280384,-19.71409911,-9.902552785,-5.551418283,3.747552983,-2.014177979,16.56131845,17.18430988,1.727139933,-2.345591284,13.29175721
4883,"Chiroptera","Mormoopidae","Pteronotus mesoamericanus",19.395,0.532,68.5,60.09,5230.909,NA,509.453,0.097392824077039,NA,639.931,107.97,NA,0.995,1,360.793,NA,76.1,NA,2090.302,0.122336481097262,NA,NA,NA,0,2,NA,NA,98,1,1,100,0,0,0,0,0,0,0,0,0,1,3,"A",1,0,0,0,1,2200,0,2200,NA,"Occurs on mainland",NA,NA,"Neotropical",1,1,0,0,0,0,1,0,0,0,0,0,0,0,0,0,1,0,1,0,0,0,0,0,0,0,0,0,0,0,0,0,0,0,NA,"Pteronotus mesoamericanus",1,0,NA,NA,NA,NA,NA,NA,NA,NA,NA,NA,0.24772697,1.079001783,1.438022479,NA,NA,NA,NA,NA,NA,NA,NA,NA,NA,NA,NA,NA,NA,NA,NA,NA
4885,"Chiroptera","Mormoopidae","Pteronotus paraguanensis",13.9,0.532,68.5,60.09,5075.449,NA,490.122,0.0965672199641845,NA,636.36,107.97,NA,0.995,1,359.258,NA,76.1,NA,2071.15,0.125380040268359,NA,NA,NA,0,2,NA,NA,98,1,1,100,0,0,0,0,0,0,0,0,0,1,3,"A",1,0,0,0,1,120,50,70,NA,"Occurs on mainland",NA,NA,"Neotropical",2,1,0,0,0,0,1,0,0,0,0,0,0,0,0,0,1,0,1,0,0,0,0,0,1,0,0,0,0,0,0,0,0,0,"Pteronotus paraguanensis","Pteronotus paraguanensis",0,0,NA,NA,NA,NA,NA,NA,NA,NA,NA,NA,NA,NA,NA,-2.860186809,-35.7474677,-24.55863589,-10.06504256,-17.51921151,-26.35056351,9.513759065,-19.47805872,-10.90500523,-5.093360981,3.994978143,-1.465155801,17.72768868,17.67953671,1.564631746,-2.428039708,13.16273571
4886,"Chiroptera","Mormoopidae","Pteronotus parnellii",19.395,0.532,68.5,60.09,5135.409,NA,461.525,0.0898711280834691,NA,584.691,107.97,NA,0.995,1,360.041,NA,76.1,NA,1991.922,0.113854806890746,NA,NA,NA,0,2,NA,NA,100,0,0,100,0,0,0,0,0,0,0,0,0,1,3,"A",1,0,0,0,1,2200,NA,NA,NA,"Occurs on mainland",NA,NA,"Neotropical",2,1,0,0,0,0,1,0,0,0,0,0,0,0,0,0,1,0,1,0,0,0,0,0,1,0,0,0,0,0,0,0,0,0,"Pteronotus parnellii","Pteronotus parnellii",1,0,30.91919312,6.37333333,61.75000001,NA,NA,2.999999999,0,0,0,1,0.220471128,1.338950544,1.678370595,8.448393025,-39.91199438,-22.30673222,-2.08132163,-19.46571397,-23.06297098,3.294621635,-19.73278445,-5.257527118,-7.804998808,3.295893232,-4.355395833,11.45107937,13.30548438,2.589103085,-2.01646324,12.93941541
4887,"Chiroptera","Mormoopidae","Pteronotus personatus",10.995,0.234,50.105,44.49,5504.934,NA,495.835,0.0900710162919301,NA,612.352,116.12,NA,0.98,1.05,360.763,NA,65.836,NA,2107.538,0.111236937627227,NA,NA,NA,0,2,NA,NA,100,0,0,100,0,0,0,0,0,0,0,0,0,1,3,"A",1,0,0,0,1,400,NA,NA,NA,"Occurs on mainland",NA,NA,"Neotropical",3,1,0,0,0,0,1,0,0,0,0,0,0,0,0,0,1,0,1,1,0,0,0,0,1,0,0,0,0,0,0,0,0,0,"Pteronotus personatus","Pteronotus personatus",1,0,NA,NA,43.27500005,100,NA,6.000000002,1,0,0,0,0.243276213,0.96268999,1.407455691,7.395849165,-39.24271458,-22.36324714,-2.94288615,-19.04068205,-23.39665054,4.029208571,-19.80155702,-6.012177514,-7.587506573,3.522702413,-3.978409865,12.41860775,14.09686727,2.547769172,-2.189079501,13.44865065
4891,"Chiroptera","Mormoopidae","Pteronotus quadridens",5.27,0.275,62.345,37.5,5087.123,NA,374.509,0.0736190180579475,NA,481.13,156.43,NA,1.21,1,355.767,2.14,68.71,NA,1893.147,0.0945780159040778,0.49134724857685,NA,NA,0,2,NA,NA,100,0,0,100,0,0,0,0,0,0,0,0,0,1,3,"A",1,0,0,0,1,NA,NA,NA,1,"Occurs only on isolated islands",1,0,"Neotropical",1,1,0,0,0,0,0,0,0,1,0,0,0,0,0,0,1,0,0,0,0,0,0,0,1,0,0,0,0,0,0,0,0,0,"Pteronotus quadridens","Pteronotus quadridens",0,0,32.692984,6.919999993,37.50000002,71000.00005,NA,9.000000001,0,0,0,1,0.692378549,1.189494757,1.249722093,-5.119589562,-34.79696617,-25.24758433,-11.69608659,-16.78731276,-26.87236068,10.81666916,-19.27933903,-12.1302261,-4.432360667,4.173228712,-0.777484626,19.28987874,17.74060097,1.270791828,-2.48634036,12.55569022
4892,"Chiroptera","Mormoopidae","Pteronotus rubiginosus",19.395,0.532,68.5,60.09,5193.601,NA,509.676,0.0981353785167555,NA,640.373,107.97,NA,0.995,1,360.787,NA,76.1,NA,2089.985,0.123300384453869,NA,NA,NA,0,2,NA,NA,99,0,1,100,0,0,0,0,0,0,0,0,0,1,3,"A",1,0,0,0,1,2200,65,2135,NA,"Occurs on mainland",NA,NA,"Neotropical",1,1,0,0,0,0,1,0,0,0,0,0,0,0,0,0,1,0,1,0,0,0,0,0,0,0,0,0,0,0,0,0,0,0,NA,"Pteronotus rubiginosus",1,0,NA,NA,NA,NA,NA,NA,NA,NA,NA,NA,0.631473865,1.593643346,2.461707633,NA,NA,NA,NA,NA,NA,NA,NA,NA,NA,NA,NA,NA,NA,NA,NA,NA
4473,"Chiroptera","Pteropodidae","Pteropus admiralitatum",306.46,5.409,179.97,115,818.208,NA,593.572,0.725453674371309,NA,750.145,163.275,NA,1,1.537,282.445,NA,143.77,NA,2237.484,0.916814550823263,NA,NA,NA,0,2,NA,NA,0,0,100,0,0,0,0,0,0,100,0,0,0,1,1,"Ar",1,0,0,0,1,NA,NA,NA,1,"Occurs only on isolated islands",0,0,"Australasian",1,0,1,0,0,0,0,0,0,1,0,0,0,1,0,0,0,0,1,0,0,0,0,0,0,0,0,0,0,0,0,0,0,0,"Pteropus admiralitatum","Pteropus admiralitatum",1,0,NA,NA,114.9999999,NA,NA,NA,0,0,0,1,2.62741187,2.775023898,2.946183796,-64.19744389,-1.605820358,-19.43541378,-39.84921866,3.857609028,0.475304414,2.195384071,4.863781494,2.80154939,3.034368289,-3.628055041,-2.736131941,-16.01033375,6.670330953,0.528965171,0.065343135,4.844398357
4474,"Chiroptera","Pteropodidae","Pteropus aldabrensis",401.245,6.978,265,136.11,3613.5,NA,624.57,0.172843503528435,NA,778.218,156.43,NA,1,1,360.738,NA,140.42,NA,2459.313,0.215364051473641,NA,NA,NA,0,2,NA,NA,0,0,100,0,0,0,0,0,0,100,0,0,0,1,1,"Ar",1,0,0,0,1,NA,NA,NA,NA,"Occurs only on isolated islands",NA,NA,"Afrotropical",2,0,1,0,0,0,0,0,0,1,0,1,0,0,0,0,0,0,1,0,1,0,0,0,0,0,0,0,0,0,0,0,0,0,"Pteropus aldabrensis","Pteropus aldabrensis",0,0,NA,NA,136.11,NA,NA,NA,0,0,1,0,NA,NA,NA,-67.21113821,1.578203506,-16.04437733,-37.26271338,5.5516991,5.27678142,-2.906481945,5.191961704,6.629805016,0.390413246,-7.455714625,-8.485766011,-5.526095792,11.82796394,1.222290193,-1.422107965,3.713181833
4475,"Chiroptera","Pteropodidae","Pteropus alecto",641.115,7.04,254.6,165.99,7190.5,NA,586.111,0.0815118559210069,NA,751.93,162.162,NA,1.1,1,362.748,NA,89.17,NA,2592.524,0.104572700090397,NA,NA,NA,0,2,NA,NA,0,0,100,0,0,0,0,0,0,100,0,0,0,1,1,"Ar",1,0,0,0,1,1000,0,1000,0,"Occurs on mainland",1,0,"Australasian, Indomalayan",2,0,1,0,0,0,1,0,0,0,0,0,0,1,1,0,0,0,1,0,0,1,0,0,0,0,0,0,0,0,0,1,0,0,"Pteropus alecto","Pteropus alecto",1,0,NA,NA,165.99,NA,1,NA,0,0,1,0,0.026198272,0.86654542,1.07576872,-63.9411414,-1.894945361,-19.6818828,-39.9395717,3.707703712,0.00698744,2.793563322,4.927281917,2.418711826,3.205312462,-2.928968774,-1.8265163,-16.83405619,5.815400485,0.433078375,0.276873676,4.763381757
4476,"Chiroptera","Pteropodidae","Pteropus allenorum",271.2,5.528,194.441,NA,4884.911,NA,436.664,0.0893903696505422,NA,566.551,156.65,NA,1.011,1.72,263.023,NA,143.566,NA,2026.353,0.115979799836681,NA,NA,NA,0,2,NA,NA,0,0,100,NA,NA,NA,NA,NA,NA,NA,NA,NA,NA,1,1,"Ar",1,0,0,0,1,NA,NA,NA,NA,"Occurs only on isolated islands",NA,NA,NA,NA,0,1,0,0,0,0,0,0,1,0,0,0,0,0,0,0,0,1,0,0,0,0,0,0,1,0,0,0,0,0,0,0,0,NA,"Pteropus allenorum",0,0,NA,NA,NA,NA,NA,NA,NA,NA,NA,NA,NA,NA,NA,NA,NA,NA,NA,NA,NA,NA,NA,NA,NA,NA,NA,NA,NA,NA,NA,NA
4477,"Chiroptera","Pteropodidae","Pteropus anetianus",397.22,6.152,212.235,121.52,2701,NA,599.653,0.222011477230655,NA,755.419,162.122,NA,0.98,1.371,305.256,NA,155.188,NA,2323.068,0.27968122917438,NA,NA,NA,0,2,NA,NA,0,0,100,0,0,0,0,0,0,100,0,0,0,1,1,"Ar",1,0,0,0,1,NA,NA,NA,1,"Occurs only on isolated islands",0,0,"Australasian",2,0,1,0,0,0,0,0,0,1,0,0,0,1,0,0,0,0,1,0,0,1,0,0,0,0,0,0,0,0,0,1,0,0,"Pteropus anetianus","Pteropus anetianus",1,0,NA,NA,121.52,NA,NA,NA,NA,NA,NA,NA,0.923210372,0.923210372,0.923210372,-62.59836959,-3.524948485,-20.94582663,-40.25564393,2.914033558,-2.433643774,5.970510032,5.208467076,0.42754294,3.86280099,0.312465129,2.288068977,-19.20641596,1.599846603,0.098474208,1.159080934,4.222564671
4478,"Chiroptera","Pteropodidae","Pteropus aruensis",874.94,8.293,285.02,NA,5445.421,NA,630.814,0.115843017463663,NA,774.137,159.999,NA,1.002,1.405,299.483,NA,139.88,NA,2664.161,0.142162929183988,NA,NA,NA,0,2,NA,NA,0,0,100,NA,NA,NA,NA,NA,NA,NA,NA,NA,NA,1,1,"Ar",1,0,0,0,1,NA,NA,NA,NA,"Occurs on large land bridge islands",NA,NA,"Australasian",NA,0,1,0,0,0,0,0,1,0,0,0,0,1,0,0,0,0,1,0,0,0,0,0,0,1,0,0,0,0,0,0,0,0,"Pteropus aruensis","Pteropus aruensis",0,0,NA,NA,NA,NA,NA,NA,NA,NA,NA,NA,NA,NA,NA,-62.23623778,-3.878125208,-21.25783304,-40.35051871,2.68848977,-3.254684618,6.944985412,5.249056478,-0.266092403,4.239813572,0.820310897,3.276766566,-19.55963455,-0.025214733,-0.081098759,1.49611332,4.130627446
4479,"Chiroptera","Pteropodidae","Pteropus brunneus",200,4.007,117.64,117.99,4472.02,NA,493.638,0.110383674491617,NA,637.702,156.959,NA,1.005,1.752,268.498,NA,143.166,NA,2083.696,0.14259819947138,NA,NA,NA,0,2,NA,NA,0,0,100,0,0,0,0,0,0,100,0,0,0,1,1,"Ar",1,0,0,0,1,NA,NA,NA,NA,"Occurs on mainland",NA,NA,"Australasian",NA,0,1,0,0,0,1,0,0,0,0,0,0,1,0,0,0,0,1,0,0,0,0,0,0,1,0,0,0,0,0,0,0,0,"Pteropus brunneus","Pteropus brunneus",0,0,NA,NA,NA,NA,NA,NA,NA,NA,NA,NA,NA,NA,NA,-61.65619522,-4.636194769,-21.79396195,-40.36675,2.26557364,-4.651681579,8.656785802,5.167304457,-1.606690767,4.681199682,2.128959743,5.169688821,-19.52621974,-2.543634073,-0.303102038,1.910026488,3.497897288
4480,"Chiroptera","Pteropodidae","Pteropus caniceps",525.12,6.388,216.67,140.22,3126.833,NA,564.445,0.180516516232239,NA,715.027,158.56,NA,1,1.53,280.68,NA,149.32,NA,2174.782,0.228674508680189,NA,NA,NA,0,2,NA,NA,0,0,100,0,0,0,0,0,0,100,0,0,0,1,1,"Ar",1,0,0,0,1,1630,0,1630,NA,"Occurs only on isolated islands",NA,NA,"Australasian",1,0,1,0,0,0,0,0,0,1,0,0,0,1,0,0,0,0,1,0,0,0,0,0,0,0,0,0,0,0,0,0,0,0,"Pteropus caniceps","Pteropus caniceps",1,0,NA,NA,NA,NA,NA,NA,NA,NA,NA,NA,1.597583875,1.597583875,1.597583875,-66.05922139,0.26994852,-17.60893333,-38.64574767,4.79680043,3.154361633,-0.942015823,4.773155556,5.026063686,1.532582676,-6.122321809,-6.429730558,-10.87441996,10.04062339,1.026355863,-0.812163844,5.08305738
4481,"Chiroptera","Pteropodidae","Pteropus capistratus",247.5,5.834,208.065,NA,6048.107,NA,657.354,0.108687561248503,NA,804.754,161.579,NA,1.001,1,363.531,NA,149.499,NA,2645.336,0.13305882319873,NA,NA,NA,0,2,NA,1.25,0,0,100,NA,NA,NA,NA,NA,NA,NA,NA,NA,NA,1,1,"Ar",1,0,0,0,1,NA,NA,NA,NA,"Occurs only on isolated islands",NA,NA,NA,NA,0,1,0,0,0,0,0,0,1,0,0,0,0,0,0,0,0,1,0,0,1,0,0,0,0,0,0,0,0,0,1,0,0,"Pteropus capistratus","Pteropus capistratus",1,0,NA,NA,NA,NA,NA,NA,NA,NA,NA,NA,NA,NA,NA,-61.98023041,-4.288133617,-21.53574142,-40.36213433,2.486160791,-3.861464637,7.755734811,5.272289837,-0.876827898,4.441857842,1.559776712,4.274501926,-19.7880256,-1.306771514,-0.17085039,1.692068627,3.896233413
4482,"Chiroptera","Pteropodidae","Pteropus chrysoproctus",730.19,7.275,253.59,170,4331.402,NA,630.115,0.145475991376464,NA,763.835,160.843,NA,0.999,1.485,286.563,NA,152.165,NA,2458.099,0.176348212426369,NA,NA,NA,0,2,NA,NA,0,0,100,0,0,0,0,0,0,100,0,0,0,1,1,"Ar",1,0,0,0,1,250,0,250,1,"Occurs only on isolated islands",0,0,"Australasian",1,0,1,0,0,0,0,0,0,1,0,0,0,1,0,0,0,0,1,0,0,1,0,0,0,0,0,0,0,0,0,1,0,0,"Pteropus chrysoproctus","Pteropus chrysoproctus",1,0,NA,NA,NA,NA,NA,NA,NA,NA,NA,NA,NA,NA,NA,-61.71366099,-4.565662088,-21.74356354,-40.38115049,2.328075638,-4.420723311,8.416821661,5.241454018,-1.370839866,4.626509403,1.903528947,4.853235089,-19.67152802,-2.091684959,-0.247934841,1.822146085,3.649055453
4483,"Chiroptera","Pteropodidae","Pteropus cognatus",448.535,7.255,255.53,121.67,6034.746,NA,650.642,0.107815971045012,NA,806.728,165.096,NA,0.99,1.236,330.902,68.45,181.36,NA,2751.865,0.133680522759367,0.186737173241776,NA,NA,0,2,NA,1,0,0,100,NA,NA,NA,NA,NA,NA,NA,NA,NA,NA,1,1,"Ar",1,0,0,0,1,350,0,350,1,"Occurs only on isolated islands",0,0,"Australasian",2,0,1,0,0,0,0,0,0,1,0,0,0,1,0,0,0,0,1,0,0,1,0,0,0,0,0,0,0,0,0,1,0,0,"Pteropus cognatus","Pteropus cognatus",1,0,NA,NA,NA,NA,NA,NA,NA,NA,NA,NA,NA,NA,NA,-66.16088581,0.417561021,-17.43490233,-38.51551267,4.895830643,3.397543067,-1.146952589,4.84786425,5.204465978,1.450202487,-6.297631654,-6.675686773,-10.42588945,10.18991646,1.045335882,-0.837204976,5.100572817
4484,"Chiroptera","Pteropodidae","Pteropus conspicillatus",760.71,8.35,265.598,174.06,4218.792,755.15,755.15,0.178996736506564,NA,811.932,163.031,NA,1,1.429,296.167,NA,139.51,NA,2739.651,0.192456039548762,NA,NA,NA,0,2,NA,NA,0,0,100,0,0,0,0,0,0,100,0,0,0,1,1,"Ar",1,0,0,0,1,200,0,200,1,"Occurs on mainland",1,0,"Australasian",2,0,1,0,0,0,1,0,0,0,0,0,0,1,0,0,0,0,1,0,0,1,0,0,0,0,0,0,0,0,0,1,0,0,"Pteropus conspicillatus","Pteropus conspicillatus",1,0,NA,NA,174.0599999,NA,NA,NA,NA,NA,NA,NA,0.379839385,1.725862851,1.989147043,-63.72045192,-2.145538758,-19.91831674,-40.04953841,3.557005592,-0.380599747,3.227514649,4.993332925,2.213366197,3.313328468,-2.552878568,-1.305298235,-17.34472585,5.329248671,0.365265227,0.383956927,4.747718232
4485,"Chiroptera","Pteropodidae","Pteropus coxi",546.7,6.601,237.054,NA,4697.695,NA,544.451,0.115897477379864,NA,684.734,157.993,NA,1.001,1.577,274.931,NA,149.051,NA,2258.266,0.145759569320699,NA,NA,NA,0,2,NA,NA,0,0,100,NA,NA,NA,NA,NA,NA,NA,NA,NA,NA,1,1,"Ar",1,0,0,0,1,NA,NA,NA,NA,"Occurs only on isolated islands",NA,NA,NA,NA,0,1,0,0,0,0,0,0,1,0,0,0,0,0,0,0,0,1,0,0,0,0,0,0,1,0,0,0,0,0,0,0,0,NA,"Pteropus coxi",0,0,NA,NA,NA,NA,NA,NA,NA,NA,NA,NA,NA,NA,NA,NA,NA,NA,NA,NA,NA,NA,NA,NA,NA,NA,NA,NA,NA,NA,NA,NA
4486,"Chiroptera","Pteropodidae","Pteropus dasymallus",463.43,7.25,244.343,131,11315,NA,550.564,0.0486578877596111,NA,717.146,164.74,NA,1,1.105,353.694,NA,133.703,NA,1825,0.0633801148917366,NA,NA,NA,0,2,NA,NA,0,0,100,0,0,0,0,0,0,100,0,0,0,1,1,"Ar",1,0,0,0,1,NA,NA,NA,1,"Occurs on large land bridge islands",1,0,"Indomalayan, Palearctic",1,0,1,0,0,0,0,0,1,0,1,0,0,0,1,0,0,0,1,0,0,1,0,0,0,0,0,0,0,0,0,1,0,0,"Pteropus dasymallus","Pteropus dasymallus",1,0,NA,NA,NA,NA,NA,NA,NA,NA,NA,NA,NA,NA,NA,-68.33257324,2.36585456,-15.34725175,-36.35094522,5.83187209,6.409971235,-4.080047062,5.110666939,7.191372713,-0.63972877,-7.719099973,-8.679458531,-3.030801817,12.25075182,1.279177599,-1.740784353,2.372300216
4487,"Chiroptera","Pteropodidae","Pteropus ennisae",247.5,5.834,208.065,NA,6048.107,NA,657.354,0.108687561248503,NA,804.754,161.579,NA,1.001,1,363.531,NA,149.499,NA,2645.336,0.13305882319873,NA,NA,NA,0,2,NA,1.25,0,0,100,NA,NA,NA,NA,NA,NA,NA,NA,NA,NA,1,1,"Ar",1,0,0,0,1,NA,NA,NA,NA,NA,NA,NA,NA,NA,0,1,0,0,0,NA,NA,NA,NA,0,0,0,0,0,0,0,0,0,0,0,0,0,0,0,0,0,0,0,0,0,0,0,0,"Pteropus capistratus","Pteropus ennisae",0,0,NA,NA,NA,NA,NA,NA,NA,NA,NA,NA,1.752423675,1.752423675,1.752423675,-61.98023041,-4.288133617,-21.53574142,-40.36213433,2.486160791,-3.861464637,7.755734811,5.272289837,-0.876827898,4.441857842,1.559776712,4.274501926,-19.7880256,-1.306771514,-0.17085039,1.692068627,3.896233413
4488,"Chiroptera","Pteropodidae","Pteropus faunulus",222.62,4.903,169.49,114.65,4211.599,NA,609.798,0.144790137902493,NA,760.787,161.397,NA,1.001,1.548,278.829,NA,142.524,NA,2286.771,0.180640891974758,NA,NA,NA,0,2,NA,NA,0,0,100,0,0,0,0,0,0,100,0,0,0,1,1,"Ar",1,0,0,0,1,200,0,200,NA,"Occurs only on isolated islands",NA,NA,"Indomalayan",1,0,1,0,0,0,0,0,0,1,0,0,0,0,1,0,0,0,1,0,0,0,0,0,0,0,0,0,0,0,0,0,0,0,"Pteropus faunulus","Pteropus faunulus",1,0,NA,NA,NA,NA,NA,NA,NA,NA,NA,NA,NA,NA,NA,-68.38162568,2.464110473,-15.14818573,-36.08039244,5.881842564,6.687970375,-4.35802457,5.089029666,7.323270668,-0.829538471,-7.812382671,-8.873656077,-1.847231339,12.1882279,1.279404387,-1.879141781,1.70047179
4489,"Chiroptera","Pteropodidae","Pteropus fundatus",210.67,4.378,147.36,101.56,4621.116,NA,512.958,0.111003056404557,NA,663.705,158.476,NA,1.002,1.692,268.246,NA,142.011,NA,2140.34,0.143624397223528,NA,NA,NA,0,2,NA,NA,0,0,100,0,0,0,0,0,0,100,0,0,0,1,1,"Ar",1,0,0,0,1,NA,NA,NA,NA,"Occurs only on isolated islands",NA,NA,"Australasian",2,0,1,0,0,0,0,0,0,1,0,0,0,1,0,0,0,0,1,0,0,1,0,0,0,0,0,0,0,0,0,1,0,0,"Pteropus fundatus","Pteropus fundatus",1,0,NA,NA,NA,NA,NA,NA,NA,NA,NA,NA,NA,NA,NA,-66.87455892,1.217265564,-16.4941146,-37.64182976,5.347593958,4.760687636,-2.462988764,5.073833754,6.270909553,0.641694013,-7.15895605,-8.006893255,-7.023937989,11.4011118,1.207798435,-1.256684783,4.247395718
7181,"Chiroptera","Pteropodidae","Pteropus giganteus",824.85,7.361,269.64,177.97,14907.208,395.29,380.145,0.0255007510460711,365,551.085,155.795,NA,0.995,1,364.75,67.66,136.04,NA,4260.476,0.0369676870410609,0.081616900042432,NA,NA,0,2,NA,NA,0,0,100,0,0,0,0,0,0,100,0,0,0,1,1,"Ar",1,0,0,0,1,2000,0,2000,0,"Occurs on mainland",1,0,"Indomalayan",1,0,1,0,0,0,1,0,0,0,0,0,0,0,1,0,0,0,0,0,0,0,0,0,0,0,0,0,0,0,0,0,0,0,"Pteropus giganteus","Pteropus medius",0,0,NA,NA,177.9699998,NA,1,NA,0,0,1,0,0.96114903,0.96114903,0.96114903,-66.81475367,1.163174572,-16.53920806,-37.71427473,5.295116574,4.625673603,-2.330002238,5.032317443,6.226009877,0.768578365,-7.076605328,-7.988061634,-7.305846884,11.26049108,1.158865268,-1.204850563,4.333825033
4490,"Chiroptera","Pteropodidae","Pteropus gilliardorum",406.94,5.109,159.02,114.63,4706.331,NA,544.295,0.115651661559716,NA,694.143,155.264,NA,0.999,1.616,275.893,NA,140.54,NA,2219.102,0.147491326045703,NA,NA,NA,0,2,NA,1,0,0,100,0,0,0,0,0,0,100,0,0,0,1,1,"Ar",1,0,0,0,1,2300,200,2100,1,"Occurs only on isolated islands",0,0,"Australasian",1,0,1,0,0,0,0,0,0,1,0,0,0,1,0,0,0,0,1,0,0,0,0,0,0,0,0,0,0,0,0,0,0,0,"Pteropus gilliardorum","Pteropus gilliardorum",1,0,NA,NA,NA,NA,NA,NA,NA,NA,NA,NA,2.241958715,2.241958715,2.241958715,-68.41748834,2.543610434,-15.0838014,-35.91369998,5.91000557,6.87907871,-4.548274725,5.047291134,7.411806659,-1.062977955,-7.896967829,-8.95151607,-1.012962497,12.15127764,1.298616829,-2.011241799,1.219327683
4491,"Chiroptera","Pteropodidae","Pteropus griseus",269,5.589,194.594,NA,4610.742,NA,440.043,0.095438651739785,NA,578.617,157.133,NA,1.009,1.69,264.607,NA,153.942,NA,2018.924,0.125493250327171,NA,NA,NA,0,2,NA,NA,0,0,100,0,0,0,0,0,0,100,0,0,0,1,1,"Ar",1,0,0,0,1,NA,NA,NA,NA,"Occurs only on isolated islands",NA,NA,"Australasian",1,0,1,0,0,0,0,0,0,1,0,0,0,1,0,0,0,0,1,0,0,0,0,0,0,0,0,0,0,0,0,0,0,0,"Pteropus griseus","Pteropus griseus",1,0,NA,NA,NA,NA,NA,NA,NA,NA,NA,NA,1.471679805,1.471679805,1.471679805,-66.41022542,0.790491116,-16.98247359,-38.12125852,5.165413045,4.073912456,-1.633218205,5.061812606,5.592079468,1.300446393,-6.628108997,-7.112271021,-9.311984122,10.61531676,1.090095219,-0.909810686,5.014437362
4492,"Chiroptera","Pteropodidae","Pteropus howensis",232.92,5.023,184.64,119,4680.802,NA,573.887,0.122604416935388,NA,734.463,160.488,NA,0.98,1.574,281.123,34.56,132.871,NA,2199.768,0.156909649243869,0.228874683153014,NA,NA,0,2,NA,NA,0,0,100,0,0,0,0,0,0,100,0,0,0,1,1,"Ar",1,0,0,0,1,NA,NA,NA,NA,"Occurs only on isolated islands",NA,NA,"Australasian",NA,0,1,0,0,0,0,0,0,1,0,0,0,1,0,0,0,0,1,0,0,1,0,0,0,0,0,0,0,0,0,1,0,0,"Pteropus howensis","Pteropus howensis",1,0,NA,NA,NA,NA,NA,NA,NA,NA,NA,NA,NA,NA,NA,-65.61975701,-0.078272251,-17.97692195,-38.95116398,4.587598197,2.472421567,-0.193974338,4.723222588,4.53902975,1.993107602,-5.66144649,-5.768718703,-12.19041974,9.395384664,0.872735358,-0.573706036,5.196952396
4493,"Chiroptera","Pteropodidae","Pteropus hypomelanus",442.805,5.302,204.9,132,7409.5,377.57,377.57,0.0509575544908563,365.25,534,156.43,NA,1,1,354.145,74,93.09,NA,2222.529,0.0720696403266077,0.167116450807918,NA,NA,0,2,NA,NA,0,0,100,0,0,0,0,0,0,100,0,0,0,1,1,"Ar",1,0,0,0,1,900,0,900,1,"Occurs on large land bridge islands",1,0,"Indomalayan",2,0,1,0,0,0,0,0,1,0,0,0,0,0,1,0,0,0,1,0,0,1,0,0,0,0,0,0,0,0,0,1,0,0,"Pteropus hypomelanus","Pteropus hypomelanus",1,0,31.81681257,5.785876,126.1329999,35.5,0,NA,0,0,1,0,0.952037656,1.752748422,2.063154237,-63.54816374,-2.326074516,-20.055246,-40.08762494,3.487246981,-0.622300346,3.579719159,5.071100795,2.043246109,3.370064011,-2.199765578,-0.883753357,-17.66867108,5.032477809,0.348178885,0.469673214,4.690899727
7182,"Chiroptera","Pteropodidae","Pteropus intermedius",872,9.506,279.07,181,7628.5,NA,647.943,0.0849371436062135,NA,796.851,164.94,NA,1,1,365.618,133,91.32,NA,2918.649,0.104457101658255,0.152522935779817,NA,NA,0,2,NA,NA,0,0,100,NA,NA,NA,NA,NA,NA,NA,NA,NA,NA,1,1,"Ar",1,0,0,0,1,1300,0,1300,0,"Occurs on mainland",0,0,"Indomalayan",2,0,1,0,0,0,1,0,0,0,0,0,0,0,1,0,0,0,1,0,0,1,0,0,0,0,0,0,0,0,0,1,0,0,"Pteropus intermedius","Pteropus vampyrus",1,0,NA,NA,NA,NA,NA,NA,NA,NA,NA,NA,0.047169812,1.222462775,1.893620292,-68.39634305,2.438131616,-15.20125949,-36.1546767,5.858312605,6.585804041,-4.281996033,5.069047531,7.27902923,-0.780881592,-7.7832993,-8.828293834,-2.203769165,12.21566141,1.283094902,-1.83645864,1.895037488
4494,"Chiroptera","Pteropodidae","Pteropus keyensis",874.94,8.297,285.02,NA,5478.749,NA,627.438,0.114522129048073,NA,768.038,159.732,NA,1.002,1.404,299.083,NA,137.241,NA,2636.067,0.140184921776851,NA,NA,NA,0,2,NA,NA,0,0,100,NA,NA,NA,NA,NA,NA,NA,NA,NA,NA,1,1,"Ar",1,0,0,0,1,NA,NA,NA,NA,"Occurs only on isolated islands",NA,NA,"Australasian",NA,0,1,0,0,0,0,0,0,1,0,0,0,1,0,0,0,0,1,0,0,0,0,0,0,1,0,0,0,0,0,0,0,0,"Pteropus keyensis","Pteropus keyensis",0,0,NA,NA,NA,NA,NA,NA,NA,NA,NA,NA,NA,NA,NA,-65.84929746,0.087708367,-17.80690159,-38.81272733,4.702975518,2.811353948,-0.520609721,4.804208379,4.749580768,1.794797117,-5.88566853,-6.0220147,-11.58576209,9.724932366,0.944533201,-0.681482979,5.130263771
7183,"Chiroptera","Pteropodidae","Pteropus leucopterus",343.81,4.808,201.504,139.5,4676.923,NA,621.161,0.132814031789704,NA,769.843,155.397,NA,1.008,1.495,285.608,NA,115.642,NA,2227.118,0.164604591523102,NA,NA,NA,0,2,NA,NA,0,0,100,0,0,0,0,0,0,100,0,0,0,1,1,"Ar",1,0,0,0,1,1100,0,1100,1,"Occurs only on isolated islands",0,0,"Indomalayan",1,0,1,0,0,0,0,0,0,1,0,0,0,0,1,0,0,0,0,0,0,0,0,0,0,0,0,0,0,0,0,0,0,0,NA,"Desmalopex leucopterus",0,0,NA,NA,NA,NA,NA,NA,NA,NA,NA,NA,2.26911315,2.560345168,2.735084378,NA,NA,NA,NA,NA,NA,NA,NA,NA,NA,NA,NA,NA,NA,NA,NA,NA
4495,"Chiroptera","Pteropodidae","Pteropus livingstonii",715.385,9.182,340,172.95,5475,NA,661.891,0.120893333333333,NA,809.666,152.08,NA,1,1.26,325.878,137.43,151.22,NA,2956.5,0.147884200913242,0.2420539988957,NA,NA,0,2,NA,NA,0,0,100,0,0,0,0,0,0,100,0,0,0,1,1,"Ar",1,0,0,0,1,1200,40,1160,NA,"Occurs only on isolated islands",NA,NA,"Afrotropical",1,0,1,0,0,0,0,0,0,1,0,1,0,0,0,0,0,0,1,0,0,0,0,0,0,0,0,0,0,0,0,0,0,0,"Pteropus livingstonii","Pteropus livingstonii",1,0,30.78027681,6.520000004,169.55,NA,NA,NA,0,0,1,0,1.091745188,1.286368408,1.413974734,-66.60894304,0.989986571,-16.75500561,-37.91435492,5.235325832,4.377923603,-2.007711572,5.071138446,5.972592825,1.007081114,-6.934698302,-7.650064449,-8.202711656,10.97839618,1.131661825,-1.089470806,4.648124575
4496,"Chiroptera","Pteropodidae","Pteropus lombocensis",256.15,5.801,199.042,113.2,4156.135,NA,542.819,0.130606681448028,NA,688.17,160.893,NA,1.008,1.605,272.285,NA,150.804,NA,2206.357,0.165579318284897,NA,NA,NA,0,2,NA,NA,0,0,100,0,0,0,0,0,0,100,0,0,0,1,1,"Ar",1,0,0,0,1,500,0,500,1,"Occurs only on isolated islands",0,0,"Australasian",1,0,1,0,0,0,0,0,0,1,0,0,0,1,0,0,0,0,1,0,0,1,0,0,0,0,0,0,0,0,0,1,0,0,"Pteropus lombocensis","Pteropus lombocensis",1,0,NA,NA,NA,NA,NA,NA,NA,NA,NA,NA,NA,NA,NA,-68.43094204,2.53330815,-15.12037569,-35.9740324,5.902190194,6.810006168,-4.467961681,5.05631394,7.357660724,-0.984667464,-7.860948379,-8.868326933,-1.411046189,12.16818652,1.287794638,-1.950067314,1.441522174
7184,"Chiroptera","Pteropodidae","Pteropus loochoensis",458.58,6.026,217.5,NA,4581.139,NA,577.955,0.126159673391268,NA,725.857,158.823,NA,1,1.549,279.86,NA,149.906,NA,2294.471,0.158444657540406,NA,NA,NA,0,2,NA,NA,0,0,100,NA,NA,NA,NA,NA,NA,NA,NA,NA,NA,1,1,"Ar",1,0,0,0,1,NA,NA,NA,NA,"Occurs only on isolated islands",NA,NA,"Indomalayan",NA,0,1,0,0,0,0,0,0,1,0,0,0,0,1,0,0,0,1,0,0,0,0,0,0,1,0,0,0,0,0,0,0,0,"Pteropus loochoensis","Pteropus mariannus",0,0,NA,NA,NA,NA,NA,NA,NA,NA,NA,NA,NA,NA,NA,-61.63225516,-4.649633772,-21.7966729,-40.33581923,2.235184373,-4.780107852,8.781484497,5.114856588,-1.753914385,4.731516627,2.230352697,5.351044797,-19.41713003,-2.851276985,-0.350951906,1.977975319,3.329936688
4497,"Chiroptera","Pteropodidae","Pteropus lylei",318.225,6.129,237.49,151.74,7446,NA,326.487,0.0438473005640612,NA,435.17,153.368,NA,1.015,1.756,260.196,NA,153.119,NA,1825,0.0584434595756111,NA,NA,NA,0,2,NA,NA,0,0,100,0,0,0,0,0,0,100,0,0,0,1,1,"Ar",1,0,0,0,1,NA,NA,NA,0,"Occurs on mainland",0,0,"Indomalayan, Palearctic",1,0,1,0,0,0,1,0,0,0,1,0,0,0,1,0,0,0,1,0,0,1,0,0,0,0,0,0,0,0,0,1,0,0,"Pteropus lylei","Pteropus lylei",1,0,NA,NA,151.7400001,NA,NA,NA,0,0,1,0,1.169107512,1.679546213,1.934765564,-66.70003624,1.065680032,-16.65722675,-37.82496183,5.267948666,4.500266199,-2.144882034,5.066927433,6.063988354,0.930826398,-7.015269484,-7.794000571,-7.817165192,11.14538216,1.140998141,-1.158172805,4.47992095
4498,"Chiroptera","Pteropodidae","Pteropus macrotis",365.99,6.127,211.17,135.24,6385.202,NA,697.702,0.109268586960914,NA,840.904,167.303,NA,1,1.088,365.891,NA,350.78,NA,2875.455,0.13169575527916,NA,NA,NA,0,2,NA,NA,0,0,100,0,0,0,0,0,0,100,0,0,0,1,1,"Ar",1,0,0,0,1,500,0,500,1,"Occurs on large land bridge islands",1,0,"Australasian",4,0,1,0,0,0,0,0,1,0,0,0,0,1,0,0,0,0,1,0,1,1,0,0,0,0,0,0,0,0,0,1,0,0,"Pteropus macrotis","Pteropus macrotis",1,0,NA,NA,NA,NA,NA,NA,NA,NA,NA,NA,1.12140555,2.652146518,4.339563872,-68.90154846,3.109114345,-14.58525745,-34.86170548,6.132674134,8.045012971,-5.712745718,4.811345964,7.630847505,-2.204946179,-8.191507359,-8.928375737,3.111074613,11.14437922,1.266498629,-2.469486535,-1.689579524
4499,"Chiroptera","Pteropodidae","Pteropus mahaganus",297.28,5.28,189.92,137.5,4219.497,NA,527.886,0.125106381163442,NA,663.174,157.289,NA,1.004,1.643,270.764,NA,141.717,NA,2128.26,0.15716897061427,NA,NA,NA,0,2,NA,NA,0,0,100,0,0,0,0,0,0,100,0,0,0,1,1,"Ar",1,0,0,0,1,200,0,200,1,"Occurs only on isolated islands",0,0,"Australasian",1,0,1,0,0,0,0,0,0,1,0,0,0,1,0,0,0,0,1,0,0,1,0,0,0,0,0,0,0,0,0,1,0,0,"Pteropus mahaganus","Pteropus mahaganus",1,0,NA,NA,NA,NA,NA,NA,NA,NA,NA,NA,NA,NA,NA,-68.49178269,2.599229917,-15.00083915,-35.81780931,5.920699217,6.937653844,-4.627933773,5.02078814,7.44980884,-1.128957409,-7.917145573,-9.003598144,-0.639400939,12.06147961,1.288776104,-2.023043278,1.00523469
4500,"Chiroptera","Pteropodidae","Pteropus mariannus",458.58,6.373,217.5,135.49,4396.498,NA,569.488,0.129532186754094,NA,724.463,160.69,NA,1.006,1.527,277.861,NA,143.86,NA,2317.429,0.164781833177224,NA,NA,NA,0,2,NA,NA,0,0,100,0,0,0,0,0,0,100,0,0,0,1,1,"Ar",1,0,0,0,1,NA,NA,NA,NA,"Occurs only on isolated islands",NA,NA,"Oceanian",1,0,1,0,0,0,0,0,0,1,0,0,0,0,0,0,0,1,1,0,0,0,0,0,0,0,0,0,0,0,0,0,0,0,"Pteropus mariannus","Pteropus mariannus",1,0,NA,NA,135.4900001,NA,NA,NA,0,0,1,0,NA,NA,NA,-64.61411735,-1.326863625,-19.16741365,-39.65461229,3.9633346,0.96951314,1.567558318,4.862279728,3.301431368,2.716148739,-4.126748038,-3.502730656,-15.14615486,7.504602191,0.65069945,-0.233300541,4.969051972
4502,"Chiroptera","Pteropodidae","Pteropus melanopogon",874.94,8.296,285.02,191.5,5501.925,NA,629.563,0.114425950917179,NA,771.091,160.152,NA,1.001,1.403,299.677,NA,138.556,NA,2655.833,0.140149311377382,NA,NA,NA,0,2,NA,NA,0,0,100,0,0,0,0,0,0,100,0,0,0,1,1,"Ar",1,0,0,0,1,NA,NA,NA,1,"Occurs on large land bridge islands",0,0,"Australasian",1,0,1,0,0,0,0,0,1,0,0,0,0,1,0,0,0,0,1,0,0,0,0,0,0,0,0,0,0,0,0,0,0,0,"Pteropus melanopogon","Pteropus melanopogon",1,0,NA,NA,NA,NA,NA,NA,NA,NA,NA,NA,NA,NA,NA,-65.21635783,-0.451207663,-18.38792779,-39.24444642,4.40537211,1.911013034,0.438247918,4.702098077,4.025857404,2.311142874,-5.146667933,-4.927191978,-13.35902591,8.690213798,0.773398702,-0.358118625,5.171581849
4503,"Chiroptera","Pteropodidae","Pteropus melanotus",418.05,10.6,253.976,148.6,5956.191,210.45,210.45,0.0353329837810775,NA,366.88,156.43,NA,1,1,334.77,NA,149.326,NA,1979.146,0.0615964128752755,NA,NA,NA,0,2,NA,NA,0,0,100,0,0,0,0,0,0,100,0,0,0,1,1,"Ar",1,0,0,0,1,1000,0,1000,1,"Occurs only on isolated islands",0,0,"Indomalayan",1,0,1,0,0,0,0,0,0,1,0,0,0,0,1,0,0,0,1,0,0,0,0,0,0,0,0,0,0,0,0,0,0,0,"Pteropus melanotus","Pteropus melanotus",0,0,NA,NA,NA,NA,NA,NA,NA,NA,NA,NA,1.179953022,1.466786494,1.798403964,-68.15296983,2.167343352,-15.3863279,-36.55768244,5.774122673,6.037543572,-3.7732597,5.220269121,7.12377285,-0.320787443,-7.583936743,-8.72362003,-3.681001867,12.08620261,1.262537123,-1.576381827,2.869131259
4504,"Chiroptera","Pteropodidae","Pteropus molossinus",121.37,3.389,148.249,96.49,4646.542,NA,610.415,0.131369736892511,NA,765.834,154.94,NA,1,1.54,290.824,NA,123.429,NA,2274.092,0.164818051789912,NA,NA,NA,0,2,NA,NA,0,0,100,0,0,0,0,0,0,100,0,0,0,1,1,"Ar",1,0,0,0,1,772,0,772,NA,"Occurs only on isolated islands",NA,NA,"Oceanian",1,0,1,0,0,0,0,0,0,1,0,0,0,0,0,0,0,1,1,0,0,1,0,0,0,0,0,0,0,0,0,1,0,0,"Pteropus molossinus","Pteropus molossinus",1,0,NA,NA,96.48999991,NA,NA,NA,NA,NA,NA,NA,NA,NA,NA,-68.56868674,2.707244598,-14.88122798,-35.59686442,5.982083245,7.250614407,-4.927275805,4.975441243,7.488271184,-1.333426785,-7.995992387,-9.020060425,0.291324596,11.92809454,1.283050518,-2.143840544,0.314639949
4505,"Chiroptera","Pteropodidae","Pteropus neohibernicus",1017.37,9.114,279.07,195.13,3613.5,NA,642.527,0.177812923758129,NA,769.716,159.968,NA,1,1.455,291.374,NA,142.571,NA,2504.108,0.213011207970112,NA,NA,NA,0,2,NA,NA,0,0,100,0,0,0,0,0,0,100,0,0,0,1,1,"Ar",1,0,0,0,1,1400,0,1400,0,"Occurs on large land bridge islands",1,0,"Australasian",3,0,1,0,0,0,0,0,1,0,0,0,0,1,0,0,0,0,1,1,0,1,0,0,0,0,0,0,0,0,0,1,0,0,"Pteropus neohibernicus","Pteropus neohibernicus",1,1,NA,NA,195.1300002,NA,NA,NA,0,0,1,0,1.626729246,2.5625132,3.770454649,-63.42730143,-2.465218044,-20.19375429,-40.16065531,3.400834726,-0.908080312,3.8953592,5.058021678,1.824409776,3.462112733,-1.926760443,-0.492891515,-17.9567871,4.602554688,0.297269212,0.582315656,4.662082622
4506,"Chiroptera","Pteropodidae","Pteropus niger",465.365,6.727,238.42,160.44,7081,NA,566.078,0.0799432283575766,NA,736.927,160.773,NA,1,1.424,294.254,NA,131.275,NA,2441.132,0.104071035164525,NA,NA,NA,0,2,NA,NA,0,0,100,0,0,0,0,0,0,100,0,0,0,1,1,"Ar",1,0,0,0,1,NA,NA,NA,1,"Occurs only on isolated islands",0,0,"Afrotropical",2,0,1,0,0,0,0,0,0,1,0,1,0,0,0,0,0,0,1,0,0,1,0,0,0,0,0,0,0,0,0,1,0,0,"Pteropus niger","Pteropus niger",1,0,NA,NA,160.4399999,NA,NA,NA,NA,NA,NA,NA,1.009610104,1.02873957,1.043163856,-67.04690384,1.348683353,-16.32151166,-37.47201988,5.389756369,4.904953096,-2.609485294,5.103424491,6.405780234,0.557002515,-7.259959976,-8.16970644,-6.577575165,11.51887337,1.199126095,-1.302211689,4.083387916
4507,"Chiroptera","Pteropodidae","Pteropus nitendiensis",275.56,4.826,175.48,119.32,4688.303,NA,545.197,0.116288772291381,NA,693.578,157.937,NA,1.005,1.623,271.486,NA,129.866,NA,2149.413,0.147937963907196,NA,NA,NA,0,2,NA,NA,0,0,100,0,0,0,0,0,0,100,0,0,0,1,1,"Ar",1,0,0,0,1,NA,NA,NA,NA,"Occurs only on isolated islands",NA,NA,"Australasian",1,0,1,0,0,0,0,0,0,1,0,0,0,1,0,0,0,0,1,0,0,1,0,0,0,0,0,0,0,0,0,1,0,0,"Pteropus nitendiensis","Pteropus nitendiensis",1,0,NA,NA,NA,NA,NA,NA,NA,NA,NA,NA,NA,NA,NA,-62.17334451,-4.032037577,-21.3462049,-40.33740625,2.623715502,-3.391443515,7.145631644,5.245410428,-0.431687308,4.276905158,1.007126118,3.49941036,-19.59538153,-0.353541778,-0.079436562,1.534504559,4.075032623
4508,"Chiroptera","Pteropodidae","Pteropus ocularis",228.76,5.51,202.87,138.68,4695.096,NA,517.464,0.110213720869605,NA,665.832,158.968,NA,1.012,1.644,270.06,NA,137.786,NA,2174.338,0.141814352677773,NA,NA,NA,0,2,NA,NA,0,0,100,0,0,0,0,0,0,100,0,0,0,1,1,"Ar",1,0,0,0,1,900,0,900,1,"Occurs only on isolated islands",0,0,"Australasian",1,0,1,0,0,0,0,0,0,1,0,0,0,1,0,0,0,0,1,0,0,0,0,0,0,0,0,0,0,0,0,0,0,0,"Pteropus ocularis","Pteropus ocularis",1,0,NA,NA,NA,NA,NA,NA,NA,NA,NA,NA,NA,NA,NA,-68.61658245,2.771700202,-14.85968875,-35.48745857,5.992379172,7.365781784,-5.049327424,4.916611722,7.521196339,-1.516040869,-8.042093838,-9.026161038,0.871039485,11.81748601,1.284158476,-2.227545381,-0.076932488
4509,"Chiroptera","Pteropodidae","Pteropus ornatus",336.25,9.315,183.18,153.99,3765.583,755.15,755.15,0.200539996064354,NA,942.87,187.72,NA,0.98,1,374.41,NA,167.067,NA,3650,0.250391506441366,NA,NA,NA,0,2,NA,NA,0,0,100,0,0,0,0,0,0,100,0,0,0,1,1,"Ar",1,0,0,0,1,1066,0,1066,1,"Occurs only on isolated islands",0,0,"Australasian",1,0,1,0,0,0,0,0,0,1,0,0,0,1,0,0,0,0,1,0,0,0,0,0,0,0,0,0,0,0,0,0,0,0,"Pteropus ornatus","Pteropus ornatus",1,0,NA,NA,153.99,NA,NA,NA,0,0,1,0,NA,NA,NA,-65.53370997,-0.151012289,-18.06599021,-39.02092244,4.547346032,2.348433717,-0.070562349,4.693726067,4.403195338,2.085561387,-5.580437437,-5.591579348,-12.458572,9.20950639,0.84075674,-0.503396014,5.19779222
4510,"Chiroptera","Pteropodidae","Pteropus pelagicus",155.24,NA,NA,105.15,NA,NA,NA,NA,NA,NA,NA,NA,NA,NA,NA,NA,NA,NA,NA,NA,NA,NA,NA,NA,2,NA,NA,NA,NA,NA,0,0,0,0,0,0,100,0,0,0,1,1,"Ar",1,NA,NA,NA,NA,NA,NA,NA,NA,NA,NA,NA,NA,NA,0,1,0,0,0,NA,NA,NA,NA,0,0,0,0,0,0,0,0,1,0,0,1,0,0,0,0,0,0,0,0,0,1,0,0,"Pteropus pelagicus","Pteropus pelagicus",1,0,NA,NA,NA,NA,NA,NA,NA,NA,NA,NA,NA,NA,NA,-68.67507449,2.842318018,-14.81175839,-35.34207772,6.007911487,7.518958197,-5.220780054,4.857625314,7.552971123,-1.693769613,-8.088355622,-9.027243084,1.321076271,11.66659797,1.289383322,-2.29555199,-0.442742071
4511,"Chiroptera","Pteropodidae","Pteropus pelewensis",350.137,6.168,217.5,122.17,4584.031,NA,532.49,0.116161954402141,NA,683.466,160.026,NA,1.011,1.577,274.928,NA,149.446,NA,2249.923,0.14909715924696,NA,NA,NA,0,2,NA,NA,0,0,100,NA,NA,NA,NA,NA,NA,NA,NA,NA,NA,1,1,"Ar",1,0,0,0,1,NA,NA,NA,NA,"Occurs only on isolated islands",NA,NA,NA,NA,0,1,0,0,0,0,0,0,1,0,0,0,0,0,0,0,0,1,1,0,1,0,0,0,0,0,0,0,0,0,1,0,0,"Pteropus pelewensis","Pteropus pelewensis",1,0,NA,NA,NA,NA,NA,NA,NA,NA,NA,NA,NA,NA,NA,-64.69892772,-1.135164901,-18.9718027,-39.55833336,4.120861734,1.310997996,1.261088027,4.920835097,3.56565678,2.570660764,-4.453127247,-4.010216015,-14.58408208,8.121939145,0.746973872,-0.351960616,5.081843915
4512,"Chiroptera","Pteropodidae","Pteropus personatus",130.84,2.953,136.38,91.9,4469.694,NA,585.624,0.131021049763138,NA,730.385,152.279,NA,1.009,1.673,271.56,NA,124.886,NA,2159.09,0.163408278061093,NA,NA,NA,0,2,NA,NA,0,0,100,0,0,0,0,0,0,100,0,0,0,1,1,"Ar",1,0,0,0,1,100,0,100,1,"Occurs only on isolated islands",0,0,"Australasian",1,0,1,0,0,0,0,0,0,1,0,0,0,1,0,0,0,0,1,0,0,1,0,0,0,0,0,0,0,0,0,1,0,0,"Pteropus personatus","Pteropus personatus",1,0,NA,NA,NA,NA,NA,NA,NA,NA,NA,NA,1.597583875,1.597583875,1.597583875,-66.01707512,0.215187575,-17.66997541,-38.68628539,4.759653027,3.037195797,-0.815333655,4.757988257,4.902603138,1.617175508,-5.992362478,-6.217657208,-11.19097641,9.837142834,0.991419279,-0.742409281,5.12949425
4513,"Chiroptera","Pteropodidae","Pteropus pilosus",441.09,6.375,217.268,151.41,4484.536,NA,554.006,0.123536972386887,NA,710.977,159.454,NA,0.997,1.552,275.739,NA,146.667,NA,2265.967,0.158539701766247,NA,NA,NA,0,2,NA,NA,0,0,100,0,0,0,0,0,0,100,0,0,0,1,1,"Ar",1,0,0,0,1,NA,NA,NA,NA,"Occurs only on isolated islands",NA,NA,"Oceanian",NA,0,1,0,0,0,0,0,0,1,0,0,0,0,0,0,0,1,1,0,0,0,0,0,0,1,0,0,0,0,0,0,0,0,"Pteropus pilosus","Pteropus pilosus",0,0,NA,NA,NA,NA,NA,NA,NA,NA,NA,NA,NA,NA,NA,-68.74453484,2.900727154,-14.68623036,-35.17034492,6.027883709,7.662508363,-5.378483554,4.825033317,7.617522211,-1.817888556,-8.087770097,-9.097077776,1.99177781,11.47542992,1.285464091,-2.351898492,-0.848876351
4514,"Chiroptera","Pteropodidae","Pteropus pohlei",352.75,5.994,197.33,131,4501.738,NA,533.1,0.118420929871974,NA,686.227,159.703,NA,1.01,1.575,276.536,NA,152.502,NA,2251.58,0.15243601471254,NA,NA,NA,0,2,NA,1,0,0,100,0,0,0,0,0,0,100,0,0,0,1,1,"Ar",1,0,0,0,1,NA,NA,NA,1,"Occurs on large land bridge islands",0,0,"Australasian",2,0,1,0,0,0,0,0,1,0,0,0,0,1,0,0,0,0,1,0,0,1,0,0,0,0,0,0,0,0,0,1,0,0,"Pteropus pohlei","Pteropus pohlei",1,0,NA,NA,NA,NA,NA,NA,NA,NA,NA,NA,NA,NA,NA,-64.02890225,-1.786293334,-19.58292378,-39.89874887,3.773925438,0.223411384,2.541328867,4.93496919,2.606403462,3.128780305,-3.246892585,-2.239928843,-16.44154994,6.22933047,0.479470358,0.166732956,4.786120755
4515,"Chiroptera","Pteropodidae","Pteropus poliocephalus",675,7.23,272.59,162,8614,536.12,538.06,0.0624634316229394,540,760.41,187.72,NA,1,1,360.974,75,120,NA,3037.951,0.088276062224286,0.111111111111111,NA,NA,0,2,NA,NA,0,0,100,0,0,0,0,0,0,100,0,0,0,1,1,"Ar",1,0,0,0,1,NA,NA,NA,0,"Occurs on mainland",0,0,"Australasian",2,0,1,0,0,0,1,0,0,0,0,0,0,1,0,0,0,0,1,0,0,1,0,0,0,0,0,0,0,0,0,1,0,0,"Pteropus poliocephalus","Pteropus poliocephalus",1,0,NA,NA,162.0000002,NA,1,NA,0,0,1,0,0.081392172,0.759659807,0.990456321,-66.30654,0.69223478,-17.12183037,-38.26219093,5.11980998,3.904211639,-1.454232206,5.050352944,5.452458037,1.410935667,-6.529308545,-6.921211981,-9.807089527,10.5111693,1.073587835,-0.864882024,5.06402479
4516,"Chiroptera","Pteropodidae","Pteropus pselaphon",321.49,5.289,203.547,135.58,6095.5,NA,627.079,0.102875727996063,NA,780.242,159.387,NA,0.98,1.386,302.795,NA,134.16,NA,2441.799,0.128002952998113,NA,NA,NA,0,2,NA,NA,0,0,100,0,0,0,0,0,0,100,0,0,0,1,1,"Ar",1,0,0,0,1,NA,NA,NA,NA,"Occurs only on isolated islands",NA,NA,"Indomalayan",1,0,1,0,0,0,0,0,0,1,0,0,0,0,1,0,0,0,1,0,0,1,0,0,0,0,0,0,0,0,0,1,0,0,"Pteropus pselaphon","Pteropus pselaphon",1,0,NA,NA,NA,NA,NA,NA,NA,NA,NA,NA,NA,NA,NA,-68.22841031,2.228338431,-15.37324942,-36.48672896,5.786159605,6.166569718,-3.910004442,5.145892429,7.140848532,-0.443454095,-7.628700136,-8.728701584,-3.398203002,12.14323851,1.275439355,-1.647073078,2.629789052
4517,"Chiroptera","Pteropodidae","Pteropus pumilus",194.2,4.913,179.517,108,6278,NA,396.861,0.0632145587766805,NA,518.717,154.62,NA,1.011,2,259.943,NA,148.394,NA,1984.554,0.0826245619624084,NA,NA,NA,0,2,NA,1,0,0,100,0,0,0,0,0,0,100,0,0,0,1,1,"Ar",1,0,0,0,1,1250,0,1250,1,"Occurs only on isolated islands",0,0,"Indomalayan",1,0,1,0,0,0,0,0,0,1,0,0,0,0,1,0,0,0,1,0,1,0,0,0,0,0,0,0,0,0,0,0,0,0,"Pteropus pumilus","Pteropus pumilus",1,0,34.57846517,5.751524,107.9999999,NA,NA,NA,0,0,1,0,1.66578822,2.04911792,2.315752108,-68.33038804,2.378547713,-15.31031494,-36.29421224,5.840137622,6.468124524,-4.144348609,5.089418372,7.201406024,-0.681281965,-7.731918594,-8.712806442,-2.736508788,12.23634196,1.28058771,-1.778639886,2.192633163
4518,"Chiroptera","Pteropodidae","Pteropus rayneri",661.28,7.487,255.53,158.61,6237.814,NA,665.267,0.106650663197075,NA,821.605,165.726,NA,0.99,1.187,338.691,68.45,181.36,NA,2851.906,0.131713609928093,0.12163931844302,NA,NA,0,2,NA,NA,0,0,100,0,0,0,0,0,0,100,0,0,0,1,1,"Ar",1,0,0,0,1,700,0,700,1,"Occurs only on isolated islands",0,0,"Australasian",1,0,1,0,0,0,0,0,0,1,0,0,0,1,0,0,0,0,1,0,0,1,0,0,0,0,0,0,0,0,0,1,0,0,"Pteropus rayneri","Pteropus rayneri",1,0,NA,NA,158.61,NA,NA,NA,NA,NA,NA,NA,NA,NA,NA,-63.04326759,-2.912204746,-20.51173799,-40.19465331,3.194873124,-1.631818239,4.900968367,5.123195248,1.059180978,3.749192571,-0.831445662,0.971591088,-18.62179403,3.029508748,0.145950578,0.90387336,4.410428763
4519,"Chiroptera","Pteropodidae","Pteropus rennelli",661.28,7.563,255.53,NA,6378.291,NA,665.668,0.104364633096859,NA,822.859,166.288,NA,0.99,1.186,339.153,68.45,181.36,NA,2872.323,0.129009322403133,0.121536842184854,NA,NA,0,2,NA,NA,0,0,100,NA,NA,NA,NA,NA,NA,NA,NA,NA,NA,1,1,"Ar",1,0,0,0,1,NA,NA,NA,NA,"Occurs only on isolated islands",NA,NA,"Australasian",1,0,1,0,0,0,0,0,0,1,0,0,0,1,0,0,0,0,1,0,0,0,0,0,0,0,0,0,0,0,0,0,0,0,"Pteropus rennelli","Pteropus rennelli",1,0,NA,NA,NA,NA,NA,NA,NA,NA,NA,NA,NA,NA,NA,-64.87069295,-0.899326596,-18.76758467,-39.44061403,4.194626504,1.533373983,0.896467748,4.819740437,3.758118325,2.46987218,-4.743504115,-4.382120603,-14.09844917,8.360381418,0.73384406,-0.379200413,5.218002821
4520,"Chiroptera","Pteropodidae","Pteropus rodricensis",303.085,9.824,245.533,125.34,10950,755.15,755.15,0.0689634703196347,NA,931.27,198,NA,1,1,372.33,45,149.74,NA,3833.001,0.0850474885844749,0.148473200587294,NA,NA,0,2,NA,NA,0,0,100,0,0,0,0,0,0,100,0,0,0,1,1,"Ar",1,0,0,0,1,400,0,400,NA,"Occurs only on isolated islands",NA,NA,"Afrotropical",1,0,1,0,0,0,0,0,0,1,0,1,0,0,0,0,0,0,1,0,0,1,0,0,0,0,0,0,0,0,0,1,0,0,"Pteropus rodricensis","Pteropus rodricensis",1,0,NA,NA,125.3399999,NA,NA,NA,NA,NA,NA,NA,0.297357555,0.297357555,0.297357555,-68.07323934,2.125990642,-15.44489426,-36.65838947,5.758473092,5.90087804,-3.598337654,5.245784066,7.029390746,-0.145708091,-7.55826194,-8.639939591,-4.146698019,12.03431761,1.229216274,-1.485389558,3.120927646
4521,"Chiroptera","Pteropodidae","Pteropus rufus",776.345,6.9,274.535,162,3613.5,NA,584.295,0.161697799916978,NA,731.845,159.251,NA,1,1.522,281.021,NA,139.227,NA,2190,0.202530787325308,NA,NA,NA,0,2,NA,NA,0,0,100,0,0,0,0,0,0,100,0,0,0,1,1,"Ar",1,0,0,0,1,1200,0,1200,1,"Occurs only on isolated islands",1,0,"Afrotropical",1,0,1,0,0,0,0,0,0,1,0,1,0,0,0,0,0,0,1,0,0,1,0,0,0,0,0,0,0,0,0,1,0,0,"Pteropus rufus","Pteropus rufus",0,0,NA,NA,162.0000002,NA,NA,NA,NA,NA,NA,NA,NA,NA,NA,-67.07667426,1.404993872,-16.25266726,-37.41594682,5.427913456,4.99496232,-2.697541372,5.112051729,6.495739014,0.46710029,-7.318184205,-8.30228732,-6.209732458,11.60871108,1.221797296,-1.345070001,3.97703713
4522,"Chiroptera","Pteropodidae","Pteropus samoensis",309.99,5.792,222.977,138.42,6117.659,NA,651.605,0.106512147865711,NA,800.266,162.482,NA,1,1,364.884,NA,162.92,NA,2720.639,0.13081245620261,NA,NA,NA,0,2,NA,1,0,0,100,0,0,0,0,0,0,100,0,0,0,1,1,"Ar",1,0,0,0,1,NA,NA,NA,1,"Occurs only on isolated islands",0,0,"Oceanian",1,0,1,0,0,0,0,0,0,1,0,0,0,0,0,0,0,1,1,0,0,1,0,0,0,0,0,0,0,0,0,1,0,0,"Pteropus samoensis","Pteropus samoensis",1,0,45.71082899,6.59,138.42,1,NA,NA,0,0,1,0,NA,NA,NA,-62.86676475,-3.071771966,-20.62802656,-40.22334775,3.144213258,-1.87424886,5.267678073,5.207364564,0.896898659,3.77844482,-0.422382573,1.438579133,-18.8862781,2.591406179,0.122535938,1.040744502,4.358436446
4523,"Chiroptera","Pteropodidae","Pteropus scapulatus",362,5.36,196.878,131.5,5767,566.36,553.18,0.0959216230275707,540,735.848,161.336,NA,1,1.553,277.204,NA,133.76,NA,2274.795,0.127596323911913,NA,NA,NA,0,2,NA,NA,0,0,100,0,0,0,0,0,0,100,0,0,0,1,1,"Ar",1,0,0,0,1,1000,0,1000,0,"Occurs on mainland",0,0,"Australasian",3,0,1,0,0,0,1,0,0,0,0,0,0,1,0,0,0,0,1,0,1,1,0,0,0,0,0,0,0,0,0,1,0,0,"Pteropus scapulatus","Pteropus scapulatus",1,0,45.4844996,7.299999998,133.05,NA,1,NA,0,0,1,0,0.05212872,0.712446724,0.999450355,-61.78231685,-4.478390683,-21.67567546,-40.37617416,2.389351655,-4.199415159,8.170349702,5.272496449,-1.170156193,4.556883758,1.764078075,4.61646883,-19.77472717,-1.768345385,-0.204866663,1.760969398,3.795185671
4524,"Chiroptera","Pteropodidae","Pteropus seychellensis",492.2,7.115,265,153.17,3613.5,NA,637.156,0.176326553203266,NA,784.709,156.43,NA,1,1,360.952,NA,145.433,NA,2536.346,0.217160370831604,NA,NA,NA,0,2,NA,NA,0,0,100,0,0,0,0,0,0,100,0,0,0,1,1,"Ar",1,0,0,0,1,NA,0,NA,NA,"Occurs on mainland",NA,NA,"Afrotropical",1,0,1,0,0,0,1,0,0,0,0,1,0,0,0,0,0,0,1,0,0,1,0,0,0,0,0,0,0,0,0,1,0,0,"Pteropus seychellensis","Pteropus seychellensis",1,0,33.10812659,5.45556383,153.1699999,NA,NA,NA,NA,NA,NA,NA,0.541267306,1.443004589,1.580056977,-67.08655797,1.425778282,-16.21011589,-37.36518649,5.447873071,5.084096071,-2.790656089,5.088174493,6.518805191,0.418811423,-7.34457321,-8.370083893,-5.93025604,11.68126408,1.236294599,-1.402660131,3.821233947
4525,"Chiroptera","Pteropodidae","Pteropus speciosus",234.85,5.374,192.925,121.5,4629.441,NA,472.506,0.10206545455488,NA,616.901,157.947,NA,1.01,1.687,265.523,NA,143.319,NA,2105.548,0.133256045384313,NA,NA,NA,0,2,NA,NA,0,0,100,0,0,0,0,0,0,100,0,0,0,1,1,"Ar",1,0,0,0,1,800,0,800,1,"Occurs only on isolated islands",0,0,"Indomalayan",NA,0,1,0,0,0,0,0,0,1,0,0,0,0,1,0,0,0,1,0,0,1,0,0,0,0,0,0,0,0,0,1,0,0,"Pteropus speciosus","Pteropus speciosus",1,0,NA,NA,121.5,NA,NA,NA,NA,NA,NA,NA,NA,NA,NA,-65.49824715,-0.188162659,-18.1200162,-39.07242963,4.523451436,2.259241687,0.026428018,4.684997482,4.303646698,2.157259253,-5.483181216,-5.413939256,-12.67151929,9.011357352,0.802538797,-0.434656599,5.252044835
4526,"Chiroptera","Pteropodidae","Pteropus subniger",127.15,3.808,153.83,98.07,4215.055,NA,573.586,0.136080312119296,NA,724.254,156.87,NA,1.003,1.665,272.789,NA,136.715,NA,2201.168,0.171825515918535,NA,NA,NA,0,2,NA,NA,0,0,100,0,0,0,0,0,0,100,0,0,0,1,1,"Ar",1,0,0,0,1,1600,1200,400,NA,"Occurs only on isolated islands",NA,NA,"Afrotropical",1,0,1,0,0,0,0,0,0,1,0,1,0,0,0,0,0,0,1,0,0,0,0,0,0,1,0,0,0,0,0,0,0,0,"Pteropus subniger","Pteropus subniger",1,0,NA,NA,NA,NA,NA,NA,NA,NA,NA,NA,NA,NA,NA,-63.17159397,-2.750400507,-20.4068723,-40.19541651,3.261484908,-1.4457829,4.613594468,5.071023813,1.248288206,3.686926799,-1.154157795,0.569217454,-18.42596044,3.441297089,0.166252446,0.862992202,4.483943126
4527,"Chiroptera","Pteropodidae","Pteropus temminckii",250,4.89,193.987,NA,3856.437,NA,293.316,0.076058807650689,NA,407.562,151.702,NA,1.035,1.893,247.495,NA,151.972,NA,1460,0.105683562314126,NA,NA,NA,0,2,NA,NA,0,0,100,NA,NA,NA,NA,NA,NA,NA,NA,NA,NA,1,1,"Ar",1,0,0,0,1,1000,0,1000,NA,"Occurs only on isolated islands",NA,NA,"Australasian",1,0,1,0,0,0,0,0,0,1,0,0,0,1,0,0,0,0,1,0,0,0,0,0,0,0,0,0,0,0,0,0,0,0,"Pteropus temminckii","Pteropus temminckii",1,0,NA,NA,NA,NA,NA,NA,NA,NA,NA,NA,1.701867725,2.024935705,2.241958715,-63.34035817,-2.576221172,-20.28604867,-40.18519869,3.334765583,-1.199918129,4.259595309,5.016794328,1.47728172,3.590487527,-1.493982372,0.113138394,-18.13252681,3.943792072,0.202779816,0.761108045,4.554784771
4528,"Chiroptera","Pteropodidae","Pteropus tokudae",153.7,4.254,145.5,93.49,4467.111,NA,593.662,0.132896182790175,NA,754.75,160.573,NA,1,1.482,299.683,NA,141.034,NA,2334.463,0.168957073150857,NA,NA,NA,0,2,NA,NA,0,0,100,0,0,0,0,0,0,100,0,0,0,1,1,"Ar",1,0,0,0,1,NA,NA,NA,NA,"Occurs only on isolated islands",NA,NA,"Oceanian",NA,0,1,0,0,0,0,0,0,1,0,0,0,0,0,0,0,1,1,0,0,0,0,0,0,0,0,0,0,0,0,0,0,0,"Pteropus tokudae","Pteropus tokudae",1,0,NA,NA,93.49,NA,NA,NA,NA,NA,NA,NA,NA,NA,NA,-68.84411158,3.064559269,-14.6027106,-34.94554049,6.103391442,7.97387999,-5.594436036,4.83069179,7.656973594,-2.050003757,-8.1585974,-8.993261133,2.765089329,11.24290756,1.251744739,-2.437776611,-1.410203362
4529,"Chiroptera","Pteropodidae","Pteropus tonganus",510.045,6.075,197.41,136.16,2579.333,NA,596.765,0.231364077457234,NA,746.806,167.29,NA,1,1.494,283.076,94.16,143.2,NA,2300.066,0.289534542457294,0.275809075669794,NA,NA,0,2,NA,NA,0,0,100,0,0,0,0,0,0,100,0,0,0,1,1,"Ar",1,0,0,0,1,NA,NA,NA,1,"Occurs only on isolated islands",0,0,"Australasian, Oceanian",1,0,1,0,0,0,0,0,0,1,0,0,0,1,0,0,0,1,1,0,0,1,0,0,0,0,0,0,0,0,0,1,0,0,"Pteropus tonganus","Pteropus tonganus",1,0,47.37179858,7.100000005,136.1600001,10,NA,NA,0,0,1,0,0.89342168,1.818955272,2.317046194,-64.47181019,-1.401491892,-19.24862636,-39.71630916,3.908007981,0.726591422,1.832402077,4.806046384,3.0482865,2.908031866,-3.931484942,-3.165221385,-15.4932637,6.996178375,0.552357656,-0.063127175,4.886716183
4530,"Chiroptera","Pteropodidae","Pteropus tuberculatus",226.64,4.088,176.589,120,4578.746,NA,540.353,0.118013316309749,NA,687.589,154.127,NA,1.005,1.632,271.603,NA,123.168,NA,2073.676,0.150169718957985,NA,NA,NA,0,2,NA,NA,0,0,100,0,0,0,0,0,0,100,0,0,0,1,1,"Ar",1,0,0,0,1,NA,NA,NA,NA,"Occurs only on isolated islands",NA,NA,"Australasian",NA,0,1,0,0,0,0,0,0,1,0,0,0,1,0,0,0,0,1,0,0,1,0,0,0,0,0,0,0,0,0,1,0,0,"Pteropus tuberculatus","Pteropus tuberculatus",1,0,NA,NA,NA,NA,NA,NA,NA,NA,NA,NA,NA,NA,NA,-62.27435116,-3.800307869,-21.19741561,-40.3548307,2.759428143,-3.012908116,6.68328321,5.304049852,-0.002386613,4.127819778,0.632482135,2.947340407,-19.55406898,0.472310866,-0.017419481,1.407687168,4.187373416
4531,"Chiroptera","Pteropodidae","Pteropus ualanus",458.58,6.48,217.5,NA,4178.092,NA,595.257,0.142471013084441,NA,750.779,161.533,NA,1.006,1.507,280.836,NA,145.735,NA,2353.245,0.179694224062084,NA,NA,NA,0,2,NA,NA,0,0,100,NA,NA,NA,NA,NA,NA,NA,NA,NA,NA,1,1,"Ar",1,0,0,0,1,635,0,635,NA,"Occurs only on isolated islands",NA,NA,"Oceanian",1,0,1,0,0,0,0,0,0,1,0,0,0,0,0,0,0,1,1,0,0,1,0,0,0,0,0,0,0,0,0,1,0,0,"Pteropus ualanus","Pteropus ualanus",1,0,NA,NA,NA,NA,NA,NA,NA,NA,NA,NA,NA,NA,NA,-62.14816186,-4.145691064,-21.41660673,-40.32376403,2.553634538,-3.54305627,7.335560272,5.205355253,-0.662831423,4.368718619,1.179806353,3.771125,-19.59968889,-0.726135121,-0.109997122,1.541377087,3.978269861
4532,"Chiroptera","Pteropodidae","Pteropus vampyrus",944.685,10.175,279.07,200,7628.5,NA,648.323,0.0849869568067117,NA,797.573,165.39,NA,1,1,365.662,133,91.32,NA,2933.067,0.104551746739202,0.140787669964062,NA,NA,0,2,NA,NA,0,0,100,0,0,0,0,0,0,100,0,0,0,1,1,"Ar",1,0,0,0,1,1250,0,1250,1,"Occurs on mainland",1,0,"Australasian, Indomalayan, Palearctic",2,0,1,0,0,0,1,0,0,0,1,0,0,1,1,0,0,0,1,0,0,1,0,0,0,0,0,0,0,0,0,1,0,0,"Pteropus vampyrus","Pteropus vampyrus",1,0,54.71292125,8.399999999,184.75,750.5000007,1,1,0,0,1,0,0.047169812,1.222462775,1.893620292,-67.84556726,1.978298115,-15.57180514,-36.81064535,5.668369033,5.638523697,-3.294796546,5.26701473,6.961634144,0.116443002,-7.539547696,-8.665373137,-4.679656554,11.91364363,1.178247951,-1.407686583,3.421803027
7185,"Chiroptera","Pteropodidae","Pteropus vetulus",151.54,4.028,135.99,101.83,4745.081,NA,492.674,0.103828364573755,NA,641.553,157.094,NA,1.005,1.746,268.041,NA,143.314,NA,2108.856,0.135203803686386,NA,NA,NA,0,2,NA,NA,0,0,100,0,0,0,0,0,0,100,0,0,0,1,1,"Ar",1,0,0,0,1,NA,NA,NA,1,"Occurs only on isolated islands",0,0,"Australasian",2,0,1,0,0,0,0,0,0,1,0,0,0,1,0,0,0,0,0,0,0,0,0,0,0,0,0,0,0,0,0,0,0,0,"Pteropus vetulus","Pteropus vetulus",0,0,NA,NA,101.8300001,NA,NA,NA,0,0,0,1,NA,NA,NA,-62.76469134,-3.269592989,-20.75437001,-40.20644952,3.03143662,-2.102554352,5.549160668,5.19734586,0.672159712,3.834663935,-0.112176769,1.819575632,-18.99665537,2.096523834,0.101886081,1.057362953,4.283352982
4534,"Chiroptera","Pteropodidae","Pteropus voeltzkowi",542.4,7.233,265,156,3735.167,NA,667.025,0.178579699381581,NA,802.709,152.08,NA,1,1,361.278,NA,143.2,NA,2642.078,0.214905786006355,NA,NA,NA,0,2,NA,NA,0,0,100,0,0,0,0,0,0,100,0,0,0,1,1,"Ar",1,0,0,0,1,45,0,45,NA,"Occurs only on isolated islands",NA,NA,"Afrotropical",1,0,1,0,0,0,0,0,0,1,0,1,0,0,0,0,0,0,1,0,0,0,0,0,0,0,0,0,0,0,0,0,0,0,"Pteropus voeltzkowi","Pteropus voeltzkowi",1,0,NA,NA,155.9999999,428,NA,NA,0,0,1,0,NA,NA,NA,-66.48306255,0.879288332,-16.8782756,-38.02529441,5.199381617,4.218544827,-1.82494091,5.045232213,5.769132083,1.149912697,-6.780193796,-7.39278926,-8.761616381,10.81319383,1.122723789,-0.996972185,4.90436491
4535,"Chiroptera","Pteropodidae","Pteropus woodfordi",122.67,3.18,141.52,88.28,4963.479,NA,595.136,0.119902995459435,NA,751.918,152.725,NA,1,1.539,290.185,NA,120.471,NA,2245.318,0.151490114091346,NA,NA,NA,0,2,NA,NA,0,0,100,0,0,0,0,0,0,100,0,0,0,1,1,"Ar",1,0,0,0,1,1230,0,1230,1,"Occurs only on isolated islands",0,0,"Australasian",2,0,1,0,0,0,0,0,0,1,0,0,0,1,0,0,0,0,1,0,0,1,0,0,0,0,0,0,0,0,0,1,0,0,"Pteropus woodfordi","Pteropus woodfordi",1,0,NA,NA,88.2799999,NA,NA,NA,NA,NA,NA,NA,NA,NA,NA,-68.50535795,2.633527922,-14.92041049,-35.71072713,5.950380667,7.092088102,-4.774686702,4.997040146,7.458584387,-1.174968566,-7.937861624,-9.032763742,-0.151225428,11.97710323,1.278922029,-2.07558314,0.636618382
5077,"Chiroptera","Phyllostomidae","Pygoderma bilabiatum",18,0.658,85,40,5278.622,NA,484.685,0.0918203652392613,NA,613.541,121.43,NA,0.99,1,339.885,NA,55.528,NA,2123.749,0.116231281573108,NA,NA,NA,0,2,NA,NA,0,0,100,0,0,0,0,0,0,100,0,0,0,1,1,"Ar",1,0,0,0,1,NA,NA,NA,0,"Occurs on mainland",1,0,"Neotropical",1,0,1,0,0,0,1,0,0,0,0,0,0,0,0,0,1,0,1,0,0,1,0,0,0,0,0,0,0,0,0,1,0,0,"Pygoderma bilabiatum","Pygoderma bilabiatum",1,0,NA,NA,39.99999997,NA,NA,NA,NA,NA,NA,NA,0.697555412,1.016027091,1.335322112,21.56446541,-50.24140181,-11.04117763,12.02553473,-10.68097314,12.37916682,-4.515941304,15.97757613,-1.164751169,10.86668315,-2.001503286,7.865748286,6.360737078,5.034729053,-4.225907142,5.430149372,4.749219174
4677,"Chiroptera","Rhinolophidae","Rhinolophus acuminatus",12.1,0.302,63.997,49.62,5128.622,NA,600.112,0.117012328067851,NA,716.571,105.389,NA,1,1.008,364.033,NA,59.459,NA,2161.459,0.139719987162244,NA,NA,NA,1,2,NA,NA,100,0,0,100,0,0,0,0,0,0,0,0,0,1,3,"A",1,0,0,0,1,NA,NA,NA,0,"Occurs on mainland",1,0,"Indomalayan",2,1,0,0,0,0,1,0,0,0,0,0,0,0,1,0,0,0,1,0,0,1,0,0,1,0,0,0,0,0,0,1,0,0,"Rhinolophus acuminatus","Rhinolophus acuminatus",1,0,NA,NA,49.62000001,NA,NA,NA,NA,NA,NA,NA,0.960250763,1.788155394,2.330126879,-69.01461217,8.928468329,19.27668596,33.26197639,-4.545413753,-10.26449228,12.2117127,4.963492578,-1.042114177,4.127873533,-9.818268103,-6.243301528,-0.245535514,-4.575316142,0.389464586,0.642698704,11.3773331
4678,"Chiroptera","Rhinolophidae","Rhinolophus adami",17.41,0.454,69.065,48.99,5685.075,NA,636.566,0.111971433974046,NA,755.085,99.863,NA,1.034,1.008,364.711,NA,64.61,NA,2374.695,0.132818828247648,NA,NA,NA,NA,2,NA,NA,100,0,0,100,0,0,0,0,0,0,0,0,0,1,3,"A",1,0,0,0,1,NA,NA,NA,NA,"Occurs on mainland",NA,NA,"Afrotropical",1,1,0,0,0,0,1,0,0,0,0,1,0,0,0,0,0,0,1,0,0,0,0,0,1,0,0,0,0,0,0,0,0,0,"Rhinolophus adami","Rhinolophus adami",0,0,NA,NA,NA,NA,NA,NA,NA,NA,NA,NA,NA,NA,NA,-69.84319366,9.139140773,19.67192554,33.70834321,-4.519872311,-9.078266973,10.37411946,2.939234791,-3.101362209,5.444069623,-11.39837278,-6.985449247,-0.139004,-5.081380983,0.297694185,0.63313162,9.602515834
4679,"Chiroptera","Rhinolophidae","Rhinolophus affinis",13.7,0.348,75.545,52.17,3007.836,NA,366.723,0.121922538329882,NA,465.283,108.143,NA,0.99,2,276.172,NA,60.501,NA,1439.957,0.154690282315924,NA,NA,NA,1,2,NA,NA,100,0,0,100,0,0,0,0,0,0,0,0,0,1,3,"A",1,0,0,0,1,2000,290,1710,0,"Occurs on mainland",1,0,"Indomalayan, Palearctic",3,1,0,0,0,0,1,0,0,0,1,0,0,0,1,0,0,0,1,0,0,1,0,0,1,0,0,0,0,0,0,1,0,0,"Rhinolophus affinis","Rhinolophus affinis",1,0,29.94522379,5.14,52.75,2100.000001,NA,2.999999999,1,0,0,0,0.634866808,1.779826536,2.129607032,-70.48115949,9.268363542,19.75734585,33.59596388,-4.409787376,-7.536768707,7.933843219,-0.032861623,-6.37615346,7.551773658,-13.47265762,-7.563271737,-0.36280845,-4.617658847,0.062126542,0.493412047,3.529595581
4680,"Chiroptera","Rhinolophidae","Rhinolophus alcyone",18.62,1.083,72.511,51.5,5931.582,NA,650.063,0.10959352833696,NA,757.179,106.499,NA,0.98,1.033,364.595,NA,64.007,NA,2480.012,0.127652117091191,NA,NA,NA,1,2,NA,NA,100,0,0,100,0,0,0,0,0,0,0,0,0,1,3,"A",1,0,0,0,1,NA,0,NA,0,"Occurs on mainland",0,0,"Afrotropical",2,1,0,0,0,0,1,0,0,0,0,1,0,0,0,0,0,0,1,1,0,0,0,0,1,0,0,0,0,0,0,0,0,0,"Rhinolophus alcyone","Rhinolophus alcyone",1,0,NA,NA,52.54999996,NA,NA,NA,0,0,0,1,0.669677176,1.221042135,1.310109485,-66.4009455,9.281158852,19.03901265,32.92174599,-4.728309347,-19.60467174,27.72519922,27.73645103,27.21505854,-15.44603963,14.18466332,4.104721148,2.739924904,2.437960078,0.362102151,-0.672595356,0.28108612
4683,"Chiroptera","Rhinolophidae","Rhinolophus arcuatus",8.98,0.302,64.416,45.74,4880.862,NA,607.085,0.124380693410303,NA,723.593,105.527,NA,1.031,1.011,364.225,NA,62.903,NA,2150.714,0.148251067127077,NA,NA,NA,1,2,NA,NA,100,0,0,100,0,0,0,0,0,0,0,0,0,1,3,"A",1,0,0,0,1,NA,NA,NA,1,"Occurs on large land bridge islands",1,0,NA,NA,1,0,0,0,0,0,0,1,0,0,0,0,0,0,0,0,0,1,0,0,1,0,0,1,0,0,0,0,0,0,1,0,0,"Rhinolophus arcuatus","Rhinolophus arcuatus",1,0,NA,NA,47.75000001,NA,NA,NA,1,0,0,0,1.048487641,1.884246054,2.342797097,-70.32596099,9.246200445,19.81097715,33.78144747,-4.470458752,-8.025705692,8.66494319,0.716189502,-5.681409603,7.197776921,-13.2925368,-7.620452153,-0.346728495,-5.146937625,0.124450404,0.604804539,5.763554542
4684,"Chiroptera","Rhinolophidae","Rhinolophus beddomei",31.925,0.607,76.304,59.08,5693.021,NA,613.399,0.107745782072471,NA,747.191,107.018,NA,0.99,1.011,363.933,NA,72.084,NA,2349.762,0.131246837136206,NA,NA,NA,0,2,NA,1,100,0,0,NA,NA,NA,NA,NA,NA,NA,NA,NA,NA,1,3,"A",1,0,0,0,1,800,0,800,0,"Occurs on mainland",1,0,"Indomalayan",2,1,0,0,0,0,1,0,0,0,0,0,0,0,1,0,0,0,1,0,0,1,0,0,1,0,0,0,0,0,0,1,0,0,"Rhinolophus beddomei","Rhinolophus beddomei",1,0,30.2,4.7,59.50000004,NA,NA,NA,0,0,0,1,2.057952339,2.455208987,2.693562976,-70.60041993,9.285304399,19.70878264,33.4324762,-4.352885718,-7.026334347,7.157063869,-0.826732051,-7.056665887,7.809388122,-13.30241039,-7.233816425,-0.458529293,-3.927587341,-0.016827079,0.380143284,1.095482908
4685,"Chiroptera","Rhinolophidae","Rhinolophus belligerator",8.98,0.302,64.416,45.74,4880.862,NA,607.085,0.124380693410303,NA,723.593,105.527,NA,1.031,1.011,364.225,NA,62.903,NA,2150.714,0.148251067127077,NA,NA,NA,1,2,NA,NA,100,0,0,100,0,0,0,0,0,0,0,0,0,1,3,"A",1,0,0,0,1,NA,0,NA,NA,NA,NA,NA,"Indomalayan",NA,1,0,0,0,0,NA,NA,NA,NA,0,0,0,0,1,0,0,0,1,0,0,0,0,0,0,1,0,0,0,0,0,0,0,0,"Rhinolophus arcuatus","Rhinolophus belligerator",0,0,NA,NA,NA,NA,NA,NA,NA,NA,NA,NA,NA,NA,NA,-70.32596099,9.246200445,19.81097715,33.78144747,-4.470458752,-8.025705692,8.66494319,0.716189502,-5.681409603,7.197776921,-13.2925368,-7.620452153,-0.346728495,-5.146937625,0.124450404,0.604804539,5.763554542
4686,"Chiroptera","Rhinolophidae","Rhinolophus blasii",11.145,1.876,51,44.49,2555,730.5,730.5,0.285909980430528,730.5,800.62,70.12,NA,1,1,358.018,NA,28,NA,3285,0.313354207436399,NA,NA,NA,1,2,NA,NA,100,0,0,100,0,0,0,0,0,0,0,0,0,1,3,"A",1,0,0,0,1,2215,0,2215,0,"Occurs on mainland",1,0,"Afrotropical, Indomalayan, Palearctic",5,1,0,0,0,0,1,0,0,0,1,1,0,0,1,0,0,0,1,1,1,0,0,0,1,1,0,0,0,0,0,0,0,0,"Rhinolophus blasii","Rhinolophus blasii",0,1,20.17261575,5.798496952,44.49000003,NA,0,3.999999999,0,0,0,1,0.109725478,0.433645181,0.530174933,-71.0037926,9.299519713,18.99954146,31.61991821,-3.788883436,-3.21045535,1.69480263,-5.081207749,-9.243538495,7.371935343,-9.463065261,-4.103107475,-0.561929804,1.885437046,-0.239412512,-0.566615005,-9.897214446
4687,"Chiroptera","Rhinolophidae","Rhinolophus bocharicus",15.05,0.577,68.768,NA,6984.178,NA,691.12,0.0989550953598262,NA,793.418,93.919,NA,1.05,1.001,365.066,NA,64.483,NA,2722.238,0.113602202005734,NA,NA,NA,1,2,NA,NA,100,0,0,NA,NA,NA,NA,NA,NA,NA,NA,NA,NA,1,3,"A",1,0,0,0,1,NA,NA,NA,0,"Occurs on mainland",1,0,"Palearctic",5,1,0,0,0,0,1,0,0,0,1,0,0,0,0,0,0,0,0,0,1,1,0,1,1,1,0,0,0,0,0,0,0,0,"Rhinolophus bocharicus","Rhinolophus bocharicus",0,0,NA,NA,NA,NA,NA,NA,NA,NA,NA,NA,0.104510746,0.129242063,0.149027117,-69.48086149,9.046313317,19.49279036,33.50035908,-4.529099474,-9.619920209,11.22408226,3.905582891,-2.099827577,4.805219882,-10.66515548,-6.666001057,-0.168642598,-4.849860085,0.347402978,0.632006655,10.49273244
4688,"Chiroptera","Rhinolophidae","Rhinolophus borneensis",9.5,0.255,62.615,44,4920.756,NA,596.034,0.121126509828977,NA,711.979,105.934,NA,1.054,1.008,363.806,NA,57.532,NA,2116.525,0.14468894617006,NA,NA,NA,1,2,NA,NA,100,0,0,100,0,0,0,0,0,0,0,0,0,1,3,"A",1,0,0,0,1,1000,0,1000,1,"Occurs on mainland",1,0,"Indomalayan",3,1,0,0,0,0,1,0,0,0,0,0,0,0,1,0,0,0,1,0,0,0,0,1,1,0,0,0,0,0,0,0,0,0,"Rhinolophus borneensis","Rhinolophus borneensis",1,0,NA,NA,43.99999995,NA,NA,NA,0,0,0,1,1.364792877,3.052042442,4.025579331,-67.59628599,9.074048756,19.39026898,33.71689185,-4.82948469,-16.51464391,22.52092748,19.16320131,15.68007167,-7.062269014,3.314782726,-0.85207548,1.422750044,-0.987042325,0.565954058,-0.2106894,8.942500294
4689,"Chiroptera","Rhinolophidae","Rhinolophus canuti",17.43,0.511,70.238,49.5,5745.07,NA,623.607,0.108546458093635,NA,749.157,101.481,NA,1.046,1.005,364.326,NA,64.595,NA,2347.908,0.130399977720028,NA,NA,NA,1,2,NA,NA,100,0,0,100,0,0,0,0,0,0,0,0,0,1,3,"A",1,0,0,0,1,NA,NA,NA,1,"Occurs on large land bridge islands",0,0,"Indomalayan",2,1,0,0,0,0,0,0,1,0,0,0,0,0,1,0,0,0,1,0,0,1,0,0,1,0,0,0,0,0,0,1,0,0,"Rhinolophus canuti","Rhinolophus canuti",1,0,NA,NA,NA,NA,NA,NA,NA,NA,NA,NA,NA,NA,NA,-70.45588911,9.265397483,19.76997657,33.63510623,-4.422166667,-7.663330394,8.13514262,0.207985972,-6.129003209,7.419842562,-13.45742058,-7.640312392,-0.257889722,-4.834241148,0.08829603,0.520036864,4.303354773
4690,"Chiroptera","Rhinolophidae","Rhinolophus capensis",16.5,0.256,71.737,49.5,2555,396.23,380.74,0.149017612524462,365.25,197.7,107.97,NA,0.995,1,330.278,NA,56,NA,1308.916,0.0773776908023483,NA,NA,NA,1,2,NA,NA,100,0,0,100,0,0,0,0,0,0,0,0,0,1,3,"A",1,0,0,0,1,NA,0,NA,0,"Occurs on mainland",1,0,"Afrotropical",2,1,0,0,0,0,1,0,0,0,0,1,0,0,0,0,0,0,0,0,1,0,0,0,1,0,0,0,0,0,0,0,0,0,"Rhinolophus capensis","Rhinolophus capensis",0,0,24.62944485,5.975000005,49.50000001,NA,NA,2,1,0,0,0,0.180638044,0.283989645,0.346000605,-70.74335808,9.310427698,19.66151378,33.24788846,-4.275494294,-6.339389256,6.133498573,-1.755143795,-7.705378705,7.925841274,-12.82566364,-6.734184104,-0.477471059,-2.761708156,-0.086289342,0.172302512,-1.818408561
4691,"Chiroptera","Rhinolophidae","Rhinolophus celebensis",9.8,0.28,66.714,41.49,5425.238,NA,604.202,0.111368754697951,NA,726.423,108.322,NA,1.101,1.017,363.858,NA,67.383,NA,2216.697,0.133896982952637,NA,NA,NA,0,2,NA,NA,100,0,0,100,0,0,0,0,0,0,0,0,0,1,3,"A",1,0,0,0,1,600,0,600,1,"Occurs on large land bridge islands",1,0,"Australasian, Indomalayan",2,1,0,0,0,0,0,0,1,0,0,0,0,1,1,0,0,0,1,0,0,0,0,0,1,0,0,0,0,0,0,0,0,0,"Rhinolophus celebensis","Rhinolophus celebensis",1,0,NA,NA,41.50000003,NA,NA,NA,1,0,0,0,1.788461429,1.788461429,1.788461429,-67.91257155,8.858732276,19.00491266,33.0055567,-4.637410754,-13.66171762,17.88586416,12.69479141,7.854730639,-1.722158296,-3.269318081,-3.687669593,0.768982513,-2.787547543,0.586691715,0.165218419,12.05175664
4693,"Chiroptera","Rhinolophidae","Rhinolophus chiewkweeae",11.55,0.332,66.657,52,5256.379,NA,607.435,0.11556149204614,NA,727.095,104.076,NA,1.057,1.008,363.987,NA,60.322,NA,2243.155,0.138326212778797,NA,NA,NA,1,2,NA,NA,100,0,0,100,0,0,0,0,0,0,0,0,0,1,3,"A",1,0,0,0,1,3077,610,2467,NA,NA,NA,NA,NA,2,1,0,0,0,0,NA,NA,NA,NA,0,0,0,0,0,0,0,0,1,0,0,0,0,0,0,0,0,0,0,0,0,0,0,0,"Rhinolophus pearsonii","Rhinolophus chiewkweeae",1,0,NA,NA,NA,NA,NA,NA,NA,NA,NA,NA,NA,NA,NA,-70.5323821,9.275721572,19.7392196,33.53298709,-4.388452944,-7.355529828,7.660325846,-0.309227544,-6.618048435,7.659126833,-13.48887226,-7.511949024,-0.364574768,-4.37731112,0.039204237,0.445807705,2.672795178
4694,"Chiroptera","Rhinolophidae","Rhinolophus clivosus",15.66,0.242,64.41,NA,6371.402,NA,653.71,0.102600652101374,NA,764.245,97.033,NA,1.053,1.003,364.627,NA,64.015,NA,2509.715,0.119949267052997,NA,NA,NA,1,2,NA,NA,100,0,0,100,0,0,0,0,0,0,0,0,0,1,3,"A",1,0,0,0,1,NA,0,NA,NA,"Occurs on mainland",NA,NA,"Afrotropical",4,1,0,0,0,0,1,0,0,0,0,1,0,0,0,0,0,0,1,1,1,1,0,0,1,1,0,0,0,0,0,1,0,0,"Rhinolophus clivosus","Rhinolophus clivosus",1,0,3.885640146,5.700632098,55.60000005,NA,NA,NA,0,0,0,1,0,0.734412632,1.091885385,-70.97195436,9.298099018,19.05498482,31.76090634,-3.831410116,-3.443761539,2.004402573,-4.914368887,-9.244781681,7.48334962,-9.734174949,-4.262527486,-0.584698451,1.592470282,-0.243033885,-0.514283305,-9.580348778
4695,"Chiroptera","Rhinolophidae","Rhinolophus coelophyllus",7.07,0.259,61.275,43,5558.663,NA,616.091,0.110834385894594,NA,727.207,103.542,NA,1.012,1.008,364.225,NA,61.63,NA,2279.77,0.130824084856376,NA,NA,NA,1,2,NA,NA,100,0,0,100,0,0,0,0,0,0,0,0,0,1,3,"A",1,0,0,0,1,NA,NA,NA,0,"Occurs on mainland",1,0,"Indomalayan",1,1,0,0,0,0,1,0,0,0,0,0,0,0,1,0,0,0,1,0,0,0,0,0,1,0,0,0,0,0,0,0,0,0,"Rhinolophus coelophyllus","Rhinolophus coelophyllus",1,0,NA,NA,43.00000004,NA,NA,NA,1,0,0,0,0.596626262,1.069168326,1.415152999,-70.31805806,9.243742018,19.80357248,33.77063171,-4.47048163,-8.075928968,8.755736933,0.852466516,-5.519803383,7.092941205,-13.21231097,-7.616069544,-0.301537138,-5.215096445,0.138151404,0.611424579,6.113511017
4696,"Chiroptera","Rhinolophidae","Rhinolophus cognatus",9.4,0.304,68.008,39.5,5276.673,NA,609.502,0.115508768498635,NA,733.064,112.204,NA,1.061,1.016,364.287,NA,72.394,NA,2251.496,0.138925417587938,NA,NA,NA,0,2,NA,NA,100,0,0,100,0,0,0,0,0,0,0,0,0,1,3,"A",1,0,0,0,1,600,0,600,1,"Occurs only on isolated islands",0,0,"Indomalayan",2,1,0,0,0,0,0,0,0,1,0,0,0,0,1,0,0,0,1,0,0,0,0,0,1,0,0,0,0,0,0,0,0,0,"Rhinolophus cognatus","Rhinolophus cognatus",1,0,NA,NA,NA,NA,NA,NA,NA,NA,NA,NA,NA,NA,NA,-67.06273837,9.226219663,19.30626388,33.46075407,-4.804634472,-18.49002124,25.88713258,24.68236355,23.01796027,-12.32403344,9.819827079,1.909110119,2.451255477,1.154506605,0.514445647,-0.599867514,4.255941735
4697,"Chiroptera","Rhinolophidae","Rhinolophus cohenae",25.99,0.63,72.159,64.35,6654.114,NA,686.732,0.103204123043278,NA,792.092,92.54,NA,0.99,1,364.445,NA,67.633,NA,2647.58,0.119037936530694,NA,NA,NA,1,2,NA,NA,100,0,0,100,0,0,0,0,0,0,0,0,0,1,3,"A",1,0,0,0,1,1698,457,1241,NA,NA,NA,NA,"Afrotropical",4,1,0,0,0,0,NA,NA,NA,NA,0,1,0,0,0,0,0,0,0,1,0,1,0,1,1,0,0,0,0,0,0,0,0,0,"Rhinolophus cohenae","Rhinolophus cohenae",0,1,NA,NA,NA,NA,NA,NA,NA,NA,NA,NA,NA,NA,NA,-70.94997305,9.321861384,19.36315866,32.47329953,-4.033717108,-4.65434735,3.701648597,-3.720872039,-8.810465042,7.829084625,-11.28577536,-5.421189827,-0.377148228,-0.287679606,-0.196312951,-0.256934449,-6.877395579
4698,"Chiroptera","Rhinolophidae","Rhinolophus convexus",7.7,0.286,61.299,NA,5477.512,NA,610.787,0.11150810806074,NA,722.502,103.41,NA,1.059,1.01,364.328,NA,61.679,NA,2263.115,0.131903316688307,NA,NA,NA,1,2,NA,NA,100,0,0,NA,NA,NA,NA,NA,NA,NA,NA,NA,NA,1,3,"A",1,0,0,0,1,NA,NA,NA,NA,"Occurs on mainland",NA,NA,"Indomalayan",1,1,0,0,0,0,1,0,0,0,0,0,0,0,1,0,0,0,1,0,0,0,0,0,0,0,0,0,0,0,0,0,0,0,"Rhinolophus convexus","Rhinolophus convexus",1,0,NA,NA,NA,NA,NA,NA,NA,NA,NA,NA,NA,NA,NA,-66.66180546,9.233806922,19.11290135,33.09858101,-4.753625659,-18.94281931,26.60690898,25.86235032,24.64508391,-13.54993798,11.63575361,2.902301661,2.492299712,1.632072305,0.429089703,-0.590132006,2.793101606
4700,"Chiroptera","Rhinolophidae","Rhinolophus creaghi",16.92,0.435,70.281,48.5,5767.283,NA,621.993,0.10784853110208,NA,745.244,100.579,NA,1.048,1.004,364.005,NA,64.8,NA,2354.001,0.129219252809338,NA,NA,NA,1,2,NA,NA,100,0,0,100,0,0,0,0,0,0,0,0,0,1,3,"A",1,0,0,0,1,1500,0,1500,1,"Occurs on large land bridge islands",1,0,"Indomalayan",2,1,0,0,0,0,0,0,1,0,0,0,0,0,1,0,0,0,1,0,0,0,0,0,1,0,0,0,0,0,0,0,0,0,"Rhinolophus creaghi","Rhinolophus creaghi",1,0,NA,NA,48.50000004,NA,NA,NA,1,0,0,0,2.199425081,2.244286019,2.275213123,-70.42469872,9.261978401,19.78049514,33.66747979,-4.429270292,-7.706904295,8.19892542,0.275952653,-6.062250147,7.386394082,-13.44117146,-7.649059286,-0.27276604,-4.879614985,0.098065932,0.531119933,4.574602787
4701,"Chiroptera","Rhinolophidae","Rhinolophus damarensis",8.94,0.318,67.712,47.5,5078.818,NA,599.405,0.118020570928118,NA,726.492,104.165,NA,1.96,1.015,362.535,NA,59.987,NA,2259.908,0.143043519181038,NA,NA,NA,1,2,NA,NA,100,0,0,100,0,0,0,0,0,0,0,0,0,1,3,"A",1,0,0,0,1,NA,0,NA,NA,NA,NA,NA,"Afrotropical",3,1,0,0,0,0,NA,NA,NA,NA,0,1,0,0,0,0,0,0,0,1,1,0,0,0,0,1,0,0,0,0,0,0,0,0,"Rhinolophus darlingi","Rhinolophus damarensis",0,0,NA,NA,NA,NA,NA,NA,NA,NA,NA,NA,NA,NA,NA,-70.93935281,9.303365837,19.18679651,32.07663882,-3.923380288,-3.971270308,2.726285938,-4.461315748,-9.149763194,7.688568628,-10.39554218,-4.709354627,-0.565773151,0.8706071,-0.233908756,-0.40555252,-8.628818076
4702,"Chiroptera","Rhinolophidae","Rhinolophus darlingi",8.94,0.323,66.76,47.5,5238.983,NA,593.009,0.113191625168473,NA,722.829,104.193,NA,1.96,1.018,362.853,NA,61.213,NA,2270.585,0.137971243655496,NA,NA,NA,1,2,NA,NA,100,0,0,100,0,0,0,0,0,0,0,0,0,1,3,"A",1,0,0,0,1,NA,0,NA,0,"Occurs on mainland",1,0,"Afrotropical",2,1,0,0,0,0,1,0,0,0,0,1,0,0,0,0,0,0,0,1,0,0,0,0,1,0,0,0,0,0,0,0,0,0,"Rhinolophus darlingi","Rhinolophus darlingi",0,0,35.07225642,6.299999993,47.50000004,NA,NA,NA,0,0,0,1,0.0193804,0.272151623,0.419489948,-70.93935281,9.303365837,19.18679651,32.07663882,-3.923380288,-3.971270308,2.726285938,-4.461315748,-9.149763194,7.688568628,-10.39554218,-4.709354627,-0.565773151,0.8706071,-0.233908756,-0.40555252,-8.628818076
4703,"Chiroptera","Rhinolophidae","Rhinolophus deckenii",20.09,0.509,72.464,51.5,5568.379,NA,645.987,0.116009883666324,NA,759.701,106.403,NA,1.017,1.008,364.343,NA,69.086,NA,2389.627,0.136431266621758,NA,NA,NA,1,2,NA,NA,100,0,0,100,0,0,0,0,0,0,0,0,0,1,3,"A",1,0,0,0,1,NA,NA,NA,0,"Occurs on mainland",1,0,"Afrotropical",1,1,0,0,0,0,1,0,0,0,0,1,0,0,0,0,0,0,1,0,0,1,0,0,1,0,0,0,0,0,0,1,0,0,"Rhinolophus deckenii","Rhinolophus deckenii",1,0,NA,NA,NA,NA,NA,NA,NA,NA,NA,NA,0.430612858,0.430612858,0.430612858,-68.266914,8.849840378,19.09802785,33.14104614,-4.626171768,-12.45871261,15.82308324,9.667012088,4.221474491,0.699950625,-5.980232343,-4.717986955,0.314540078,-3.655812614,0.520908135,0.407180641,12.54993405
4704,"Chiroptera","Rhinolophidae","Rhinolophus denti",6.15,0.291,60.334,40,7300,NA,617.697,0.0846160273972603,NA,740.114,102.042,NA,1,1,364.412,NA,67.489,NA,2449.059,0.101385479452055,NA,NA,NA,0,2,NA,NA,100,0,0,100,0,0,0,0,0,0,0,0,0,1,3,"A",1,0,0,0,1,NA,0,NA,0,"Occurs on mainland",0,0,"Afrotropical",2,1,0,0,0,0,1,0,0,0,0,1,0,0,0,0,0,0,0,1,0,0,0,0,1,0,0,0,0,0,0,0,0,0,"Rhinolophus denti","Rhinolophus denti",0,0,0.002618054,5.980476348,39.99999997,NA,NA,NA,0,0,0,1,0.218801461,0.300625223,0.353661296,-70.6861896,9.300250251,19.68554547,33.33507467,-4.311830224,-6.639822319,6.572781395,-1.383995115,-7.472984666,7.908477183,-13.01921331,-6.913710675,-0.549026174,-3.158125293,-0.062831945,0.255952634,-0.745959151
4705,"Chiroptera","Rhinolophidae","Rhinolophus eloquens",16.12,0.404,67.904,57,6383.986,NA,672.822,0.105392148416366,NA,786.704,92.54,NA,0.99,1,364.42,NA,60.41,NA,2586.274,0.123230846684188,NA,NA,NA,1,2,NA,NA,100,0,0,100,0,0,0,0,0,0,0,0,0,1,3,"A",1,0,0,0,1,NA,0,NA,NA,"Occurs on mainland",NA,NA,"Afrotropical",2,1,0,0,0,0,1,0,0,0,0,1,0,0,0,0,0,0,1,1,0,0,0,0,1,0,0,0,0,0,0,0,0,0,"Rhinolophus eloquens","Rhinolophus eloquens",0,1,NA,NA,60.02500004,NA,NA,NA,NA,NA,NA,NA,0.543587471,0.959521157,1.152562453,-70.90278147,9.325758828,19.51602068,32.84789182,-4.148474355,-5.415783654,4.790852507,-2.868473847,-8.354701327,7.883900226,-11.99141552,-6.010776059,-0.307245453,-1.443023092,-0.158491126,-0.070027941,-4.752745999
4707,"Chiroptera","Rhinolophidae","Rhinolophus euryale",8.725,1.078,58,47.5,4745,845.83,821,0.173024236037935,775.75,821.25,90,NA,1,1,371.794,3.89,68.08,NA,3285,0.173076923076923,0.445845272206304,NA,NA,1,2,NA,NA,100,0,0,100,0,0,0,0,0,0,0,0,0,1,3,"A",1,0,0,0,1,1360,0,1360,0,"Occurs on mainland",1,0,"Palearctic",4,1,0,0,0,0,1,0,0,0,1,0,0,0,0,0,0,0,1,0,1,1,0,0,1,0,0,0,0,0,0,1,0,0,"Rhinolophus euryale","Rhinolophus euryale",0,0,36.53223025,6.199999993,47.50000004,750.5000007,0,2.999999999,0,0,0,1,0.108042203,0.712333808,0.877707947,-70.79182168,9.310712234,19.60751575,33.11560871,-4.243969073,-6.108428316,5.780567631,-2.109308065,-7.976697051,7.975001546,-12.58148397,-6.47091894,-0.514855394,-2.311106008,-0.123132542,0.113043366,-2.803060903
4708,"Chiroptera","Rhinolophidae","Rhinolophus euryotis",14.3,0.598,70.922,56,5602.91,NA,618.979,0.110474556971288,NA,742.13,101.488,NA,1.109,1.003,364.055,NA,63.129,NA,2338.311,0.13245438531049,NA,NA,NA,1,2,NA,NA,100,0,0,100,0,0,0,0,0,0,0,0,0,1,3,"A",1,0,0,0,1,2050,0,2050,1,"Occurs on large land bridge islands",1,0,"Australasian",2,1,0,0,0,0,0,0,1,0,0,0,0,1,0,0,0,0,1,0,0,0,0,0,1,0,0,0,0,0,0,0,0,0,"Rhinolophus euryotis","Rhinolophus euryotis",1,0,NA,NA,54.25000006,NA,NA,8.000000002,0,0,0,1,0.925351503,1.53674786,1.676889509,-70.35895408,9.252016942,19.80270358,33.74633874,-4.456381668,-7.910888419,8.496256993,0.553360421,-5.8276949,7.275683814,-13.35808865,-7.634578683,-0.333000046,-5.057614313,0.113836748,0.579786091,5.292596162
4709,"Chiroptera","Rhinolophidae","Rhinolophus ferrumequinum",22.875,0.35,69,63.68,11132.5,827.69,778.845,0.0699613743543678,730,1277.5,85.62,NA,0.99,1,364.75,5.72,52.935,NA,3285,0.114754098360656,0.247554098360656,NA,NA,1,2,NA,NA,100,0,0,100,0,0,0,0,0,0,0,0,0,1,3,"A",1,0,0,0,1,3000,0,3000,0,"Occurs on mainland",1,0,"Palearctic",5,1,0,0,0,0,1,0,0,0,1,0,0,0,0,0,0,0,1,0,1,1,0,0,1,0,0,0,0,0,0,1,0,0,"Rhinolophus ferrumequinum","Rhinolophus ferrumequinum",0,0,43.15094896,6.1,58.84999998,114.9999999,0,6.000000002,0,0,0,1,0.05222192,1.015940686,1.386019737,-70.94109375,9.29962308,19.14346757,31.97771305,-3.896103795,-3.815263192,2.509711338,-4.604326513,-9.185383704,7.625855733,-10.15823543,-4.538205375,-0.612082779,1.149207037,-0.239745131,-0.44077442,-9.001818419
4710,"Chiroptera","Rhinolophidae","Rhinolophus formosae",34.07,0.631,78.443,NA,5863.886,NA,629.421,0.107338546486067,NA,753.802,109.401,NA,0.99,1.008,363.892,NA,73.849,NA,2383.268,0.12854990700706,NA,NA,NA,NA,2,NA,NA,100,0,0,NA,NA,NA,NA,NA,NA,NA,NA,NA,NA,1,3,"A",1,0,0,0,1,NA,NA,NA,NA,"Occurs on large land bridge islands",NA,NA,"Indomalayan",2,1,0,0,0,0,0,0,1,0,0,0,0,0,1,0,0,0,1,0,0,0,0,0,1,0,0,0,0,0,0,0,0,0,"Rhinolophus formosae","Rhinolophus formosae",1,0,36.64267991,4.460000003,59.00000005,NA,NA,NA,0,0,0,1,3.20044807,3.20044807,3.20044807,-70.66264574,9.297491439,19.70527135,33.39182077,-4.331040581,-6.792447479,6.800030391,-1.17101512,-7.308050998,7.854463972,-13.07542603,-6.996320724,-0.520247889,-3.413550105,-0.048227004,0.300504313,-0.096514078
4712,"Chiroptera","Rhinolophidae","Rhinolophus fumigatus",13.09,0.544,67.958,53.5,6354.546,NA,675.303,0.106270849247137,NA,786.677,92.54,NA,0.99,1,364.069,NA,60.41,NA,2563.163,0.123797514409369,NA,NA,NA,1,2,NA,NA,100,0,0,100,0,0,0,0,0,0,0,0,0,1,3,"A",1,0,0,0,1,NA,0,NA,0,"Occurs on mainland",1,0,"Afrotropical",3,1,0,0,0,0,1,0,0,0,0,1,0,0,0,0,0,0,1,1,0,0,0,0,1,0,0,0,0,0,0,0,0,0,"Rhinolophus fumigatus","Rhinolophus fumigatus",0,1,32.83175929,6.700000005,51.55000005,NA,NA,NA,0,0,0,1,0.089642355,0.730803149,1.091885385,-70.92905366,9.327747218,19.47699343,32.74467096,-4.114619909,-5.179900689,4.452872668,-3.13447777,-8.499164432,7.87084246,-11.78090906,-5.833976441,-0.328474794,-1.06148452,-0.170395839,-0.134732551,-5.483266663
4714,"Chiroptera","Rhinolophidae","Rhinolophus guineensis",12.195,0.342,65.771,46.5,5763.431,NA,651.365,0.113016881784479,NA,756.613,119.61,NA,0.99,1.006,364.424,NA,60.41,NA,2464.604,0.131278226459205,NA,NA,NA,1,2,NA,NA,100,0,0,100,0,0,0,0,0,0,0,0,0,1,3,"A",1,0,0,0,1,NA,1400,NA,0,"Occurs on mainland",1,0,"Afrotropical",2,1,0,0,0,0,1,0,0,0,0,1,0,0,0,0,0,0,1,1,0,1,1,0,1,0,0,0,0,0,0,0,0,0,"Rhinolophus guineensis","Rhinolophus guineensis",1,0,NA,NA,NA,NA,NA,NA,NA,NA,NA,NA,1.155698843,1.325858583,1.478388934,-67.56690343,9.119648186,19.39716618,33.69213966,-4.828534662,-16.8557493,23.09501278,20.11270957,16.95643786,-7.986922299,4.441900596,-0.383341245,1.671396403,-0.576145703,0.555443942,-0.298832989,8.148645619
4715,"Chiroptera","Rhinolophidae","Rhinolophus hildebrandtii",25.99,0.63,73.422,64.35,6485.855,NA,675.999,0.10422665939957,NA,792.852,92.54,NA,0.99,1,364.134,NA,66.655,NA,2600.151,0.122243250889821,NA,NA,NA,1,2,NA,NA,100,0,0,100,0,0,0,0,0,0,0,0,0,1,3,"A",1,0,0,0,1,NA,0,NA,NA,"Occurs on mainland",NA,NA,"Afrotropical",3,1,0,0,0,0,1,0,0,0,0,1,0,0,0,0,0,0,1,1,0,0,0,0,1,0,0,0,0,0,0,0,0,0,"Rhinolophus hildebrandtii","Rhinolophus hildebrandtii",0,1,33.83430951,6.800000005,64.50000005,56,NA,2,0,0,0,1,0.243471943,0.921818433,1.110979858,-70.96894205,9.332529461,19.43329359,32.62309739,-4.07290109,-4.903086002,4.066036847,-3.406826501,-8.609503177,7.816247831,-11.54340095,-5.66503298,-0.272126148,-0.694374069,-0.177407227,-0.209092053,-6.183748881
4716,"Chiroptera","Rhinolophidae","Rhinolophus hilli",24.72,0.697,60.86,53.08,6234.509,NA,636.418,0.102079891134971,NA,753.881,98.373,NA,0.98,1.06,366.173,0.62,72.413,NA,2451.67,0.120920669133688,0.0260540453074434,NA,NA,0,2,NA,NA,100,0,0,NA,NA,NA,NA,NA,NA,NA,NA,NA,NA,1,3,"A",1,0,0,0,1,2520,1750,770,NA,"Occurs on mainland",NA,NA,"Afrotropical",1,1,0,0,0,0,1,0,0,0,0,1,0,0,0,0,0,0,1,0,0,0,0,0,1,0,0,0,0,0,0,0,0,0,"Rhinolophus hilli","Rhinolophus hilli",1,0,NA,NA,NA,NA,NA,NA,NA,NA,NA,NA,NA,NA,NA,-69.11244474,8.956498699,19.35186911,33.37620903,-4.556324173,-10.16323444,12.03394502,4.715488501,-1.32717263,4.319817952,-10.02649042,-6.324602558,-0.270594956,-4.631905603,0.373392024,0.650118818,11.15916379
4717,"Chiroptera","Rhinolophidae","Rhinolophus hillorum",14.8,0.403,67.939,NA,6615.298,NA,666.539,0.100757214565391,NA,777.526,97.388,NA,1.04,1.003,364.852,NA,64.176,NA,2583.302,0.117534538882451,NA,NA,NA,1,2,NA,NA,100,0,0,NA,NA,NA,NA,NA,NA,NA,NA,NA,NA,1,3,"A",1,0,0,0,1,NA,NA,NA,NA,"Occurs on mainland",NA,NA,"Afrotropical",2,1,0,0,0,0,1,0,0,0,0,1,0,0,0,0,0,0,1,0,0,0,0,0,1,0,0,0,0,0,0,0,0,0,"Rhinolophus hillorum","Rhinolophus hillorum",1,0,NA,NA,NA,NA,NA,NA,NA,NA,NA,NA,1.793920137,1.853067878,1.881034597,-67.74544257,8.840368208,18.94925158,32.94336465,-4.648946873,-14.14322629,18.6874331,13.80878376,9.194506323,-2.664031523,-2.045118306,-3.119078252,0.836379827,-2.414108142,0.593430626,0.105285142,11.62869514
4718,"Chiroptera","Rhinolophidae","Rhinolophus hipposideros",4.585,0.25,39.995,37.49,7738,447.26,473.63,0.06120832256397,471,501.87,71.255,NA,1,1,364.75,2.1,34.1,NA,2589.763,0.0648578444042388,0.458015267175573,NA,NA,1,2,NA,NA,100,0,0,100,0,0,0,0,0,0,0,0,0,1,3,"A",1,0,0,0,1,2000,0,2000,0,"Occurs on mainland",1,0,"Afrotropical, Palearctic",5,1,0,0,0,0,1,0,0,0,1,1,0,0,0,0,0,0,1,0,1,1,0,0,1,0,0,0,0,0,0,1,0,0,"Rhinolophus hipposideros","Rhinolophus hipposideros",0,0,37.47618532,5.700000004,37.48999996,25.49999997,0,NA,0,0,0,1,0.010938584,1.50067371,2.072976209,-66.44336825,9.204841029,18.99936255,32.9158828,-4.735195775,-19.29871136,27.23403464,26.88542267,26.01579987,-14.57985193,13.08060759,3.613791355,2.568361565,2.012984994,0.403976444,-0.627992356,1.47843012
7189,"Chiroptera","Rhinolophidae","Rhinolophus huananus",10.91,0.331,64.822,51,5357.965,NA,611.534,0.114135497339008,NA,731.796,105.13,NA,1.034,1.005,364.364,NA,63.666,NA,2245.519,0.136580959375435,NA,NA,NA,1,2,NA,NA,100,0,0,100,0,0,0,0,0,0,0,0,0,1,3,"A",1,0,0,0,1,1500,200,1300,NA,NA,NA,NA,NA,2,1,0,0,0,0,NA,NA,NA,NA,0,0,0,0,0,0,0,0,1,0,0,0,0,0,1,0,0,0,0,0,0,0,0,0,"Rhinolophus huananus","Rhinolophus siamensis",1,0,NA,NA,NA,NA,NA,NA,NA,NA,NA,NA,0.872143312,0.872143312,0.872143312,-70.12763722,9.208357934,19.79875123,33.8482713,-4.512958037,-8.635309417,9.654129816,2.001051744,-4.19961742,6.207029752,-12.30756981,-7.351697818,-0.140485224,-5.3555177,0.230350325,0.644466376,8.354809039
7190,"Chiroptera","Rhinolophidae","Rhinolophus indorouxii",12.25,0.324,68.132,48.99,1825,451.11,451.11,0.247183561643836,NA,735.06,123.54,NA,0.99,1,349.169,2.86,59.42,11,1051.143,0.402772602739726,0.231134693877551,NA,NA,0,2,NA,NA,100,0,0,100,0,0,0,0,0,0,0,0,0,1,3,"A",1,0,0,0,1,1500,0,1500,NA,NA,NA,NA,"Indomalayan",3,1,0,0,0,0,NA,NA,NA,NA,0,0,0,0,1,0,0,0,1,0,0,1,0,0,1,0,0,0,0,0,0,1,0,0,"Rhinolophus rouxii","Rhinolophus indorouxii",1,0,33,5.8,51,NA,NA,NA,NA,NA,NA,NA,NA,NA,NA,-70.1474074,9.212340852,19.80201326,33.84568362,-4.50923046,-8.561006789,9.528625792,1.820650837,-4.423437571,6.36675088,-12.49100146,-7.417098855,-0.161523493,-5.397637211,0.216415859,0.651728886,8.133358057
4721,"Chiroptera","Rhinolophidae","Rhinolophus inops",13.65,0.407,69.893,53.5,2555,NA,554.98,0.217213307240705,NA,662.326,108.889,NA,1,1,362.321,NA,60.878,NA,1884.391,0.259227397260274,NA,NA,NA,1,2,NA,NA,100,0,0,100,0,0,0,0,0,0,0,0,0,1,3,"A",1,0,0,0,1,2250,0,2250,1,"Occurs only on isolated islands",0,0,"Indomalayan",1,1,0,0,0,0,0,0,0,1,0,0,0,0,1,0,0,0,1,0,0,1,0,0,0,0,0,0,0,0,0,1,0,0,"Rhinolophus inops","Rhinolophus inops",1,0,NA,NA,49.74999999,NA,NA,NA,NA,NA,NA,NA,1.237491547,1.960582842,2.132097421,-70.75795773,9.308685872,19.63017164,33.17419458,-4.256550647,-6.180662321,5.885218361,-2.018369066,-7.922165664,7.982748233,-12.67316892,-6.550156267,-0.528504802,-2.454667904,-0.113633462,0.133444332,-2.553575797
4722,"Chiroptera","Rhinolophidae","Rhinolophus kahuzi",35.84,0.617,78.358,63.03,6182.014,NA,644.787,0.104300475540819,NA,766.943,105.244,NA,0.98,1.037,364.39,NA,73.784,NA,2457.202,0.124060379028582,NA,NA,NA,0,2,NA,NA,100,0,0,100,0,0,0,0,0,0,0,0,0,1,3,"A",1,0,0,0,1,NA,NA,NA,NA,NA,NA,NA,NA,2,1,0,0,0,0,NA,NA,NA,NA,0,0,0,0,0,0,0,0,1,0,0,0,0,0,1,0,0,0,0,0,0,0,0,0,"Rhinolophus kahuzi","Rhinolophus kahuzi",1,0,NA,NA,NA,NA,NA,NA,NA,NA,NA,NA,NA,NA,NA,-70.9687729,9.328420875,19.39347099,32.53402982,-4.049462858,-4.768805642,3.876981815,-3.551257617,-8.687569271,7.811734361,-11.42002632,-5.558944338,-0.326368667,-0.489089238,-0.183013618,-0.236113074,-6.507243164
4723,"Chiroptera","Rhinolophidae","Rhinolophus keyensis",6.26,0.243,58.544,43.74,5940.991,NA,608.782,0.102471456361405,NA,728.446,99.185,NA,1,1.007,364.05,NA,59.934,NA,2322.458,0.122613550500245,NA,NA,NA,1,2,NA,NA,100,0,0,100,0,0,0,0,0,0,0,0,0,1,3,"A",1,0,0,0,1,NA,NA,NA,0,"Occurs only on isolated islands",0,0,"Australasian",NA,1,0,0,0,0,0,0,0,1,0,0,0,1,0,0,0,0,1,0,0,0,0,0,0,1,0,0,0,0,0,0,0,0,"Rhinolophus keyensis","Rhinolophus keyensis",0,0,NA,NA,NA,NA,NA,NA,NA,NA,NA,NA,1.293121661,1.293121661,1.293121661,-70.56506795,9.279414361,19.72111623,33.4794555,-4.372493125,-7.226266255,7.465308685,-0.509224158,-6.790846263,7.722075636,-13.40981492,-7.394128216,-0.438101714,-4.158313659,0.018337298,0.418054754,2.060308853
4724,"Chiroptera","Rhinolophidae","Rhinolophus landeri",9.39,0.276,59.712,41.99,5774.632,NA,631.342,0.109330256889097,NA,743.542,119.61,NA,0.99,1.005,364.456,NA,60.41,NA,2421.963,0.128760066442329,NA,NA,NA,1,2,NA,NA,100,0,0,100,0,0,0,0,0,0,0,0,0,1,3,"A",1,0,0,0,1,2000,0,2000,0,"Occurs on mainland",1,0,"Afrotropical",4,1,0,0,0,0,1,0,0,0,0,1,0,0,0,0,0,0,1,1,1,1,0,0,1,0,0,0,0,0,0,1,0,0,"Rhinolophus landeri","Rhinolophus landeri",1,1,32.2102404,6.1,43.5,500.5000002,1,8.000000002,0,0,0,1,0.352379093,0.64089608,0.689515527,-66.21456791,9.24856481,18.89751159,32.66965362,-4.684096789,-19.7628182,28.07006318,28.5164212,28.39463723,-16.38202124,15.43139675,4.665567528,2.95644479,2.929327309,0.357520676,-0.756123163,-1.111424856
4725,"Chiroptera","Rhinolophidae","Rhinolophus lepidus",5.46,0.188,58.129,40,5125.789,NA,584.651,0.11406068412102,NA,700.619,102.697,NA,1,1.009,363.707,NA,53.18,NA,2144.155,0.13668510350309,NA,NA,NA,1,2,NA,NA,100,0,0,100,0,0,0,0,0,0,0,0,0,1,3,"A",1,0,0,0,1,2338,0,2338,0,"Occurs on mainland",1,0,"Indomalayan",2,1,0,0,0,0,1,0,0,0,0,0,0,0,1,0,0,0,1,0,0,1,0,0,1,0,0,0,0,0,0,1,0,0,"Rhinolophus lepidus","Rhinolophus lepidus",1,0,21.52144713,5.325389805,39.99999997,201.4999998,NA,3.999999999,0,0,0,1,0.76183705,1.687095869,2.014871614,-67.33366791,9.137021485,19.30858261,33.51532844,-4.808196055,-17.74388687,24.695381,22.78734419,20.46989287,-10.47816105,7.380600771,0.757201602,2.172690624,0.49945035,0.587447493,-0.53490827,5.963299486
4728,"Chiroptera","Rhinolophidae","Rhinolophus luctus",34.07,0.59,77.221,67.5,5684.824,NA,623.293,0.109641564980728,NA,749.485,105.989,NA,0.99,1.012,363.754,NA,71.659,NA,2326.691,0.131839613680212,NA,NA,NA,1,2,NA,NA,100,0,0,100,0,0,0,0,0,0,0,0,0,1,3,"A",1,0,0,0,1,923,0,923,NA,"Occurs on mainland",NA,NA,"Indomalayan",3,1,0,0,0,0,1,0,0,0,0,0,0,0,1,0,0,0,1,0,0,0,0,1,1,0,0,0,0,0,0,0,0,0,"Rhinolophus luctus","Rhinolophus luctus",1,0,0.00306563,5.541201413,65.74999998,1.5,NA,0,0,0,0,1,0.578805065,2.098349448,3.064828636,-70.600747,9.285567823,19.7125467,33.4421968,-4.356838828,-7.075047482,7.236320511,-0.736557984,-6.976363153,7.779979008,-13.33650417,-7.286735482,-0.434978272,-4.041132439,-0.005829077,0.397102453,1.461966137
4729,"Chiroptera","Rhinolophidae","Rhinolophus mabuensis",25.99,0.63,73.786,64.35,6547.689,NA,675.182,0.103117603783564,NA,789.908,92.54,NA,0.99,1,364.535,NA,67.049,NA,2609.701,0.12063920568005,NA,NA,NA,1,2,NA,NA,100,0,0,100,0,0,0,0,0,0,0,0,0,1,3,"A",1,0,0,0,1,NA,0,NA,NA,NA,NA,NA,"Afrotropical",2,1,0,0,0,0,NA,NA,NA,NA,0,1,0,0,0,0,0,0,1,0,0,0,0,0,1,0,0,0,0,0,0,0,0,0,"Rhinolophus mabuensis","Rhinolophus mabuensis",1,0,NA,NA,NA,NA,NA,NA,NA,NA,NA,NA,NA,NA,NA,-70.92294556,9.305289574,19.24106779,32.20706254,-3.96068467,-4.186392155,3.021895986,-4.271319408,-9.10428123,7.76796008,-10.6918153,-4.91822857,-0.495440749,0.486319981,-0.230408428,-0.354180615,-8.180297092
4730,"Chiroptera","Rhinolophidae","Rhinolophus maclaudi",35.84,0.617,78.358,63.03,6182.014,NA,644.787,0.104300475540819,NA,766.943,105.244,NA,0.98,1.037,364.39,NA,73.784,NA,2457.202,0.124060379028582,NA,NA,NA,0,2,NA,NA,100,0,0,100,0,0,0,0,0,0,0,0,0,1,3,"A",1,0,0,0,1,NA,NA,NA,0,"Occurs on mainland",0,0,"Afrotropical",2,1,0,0,0,0,1,0,0,0,0,1,0,0,0,0,0,0,1,1,0,1,0,0,1,0,0,0,0,0,0,1,0,0,"Rhinolophus maclaudi","Rhinolophus maclaudi",0,1,NA,NA,63.02999998,NA,NA,NA,1,0,0,0,NA,NA,NA,-70.88181044,9.323360083,19.54260439,32.92067599,-4.173685937,-5.584408599,5.027097188,-2.697136951,-8.2742198,7.904631221,-12.0962876,-6.087306453,-0.386095603,-1.582823818,-0.1528087,-0.031026729,-4.359165502
4731,"Chiroptera","Rhinolophidae","Rhinolophus macrotis",6.18,0.208,59.065,41.99,4966.825,NA,582.79,0.117336527862367,NA,692.175,99.22,NA,0.98,1.054,363.667,NA,53.516,NA,2100.776,0.139359651286284,NA,NA,NA,1,2,NA,NA,100,0,0,100,0,0,0,0,0,0,0,0,0,1,3,"A",1,0,0,0,1,1692,200,1492,0,"Occurs on mainland",1,0,"Indomalayan",2,1,0,0,0,0,1,0,0,0,0,0,0,0,1,0,0,0,1,0,0,0,0,0,1,0,0,0,0,0,0,0,0,0,"Rhinolophus macrotis","Rhinolophus macrotis",1,0,27.70597616,5.019999998,41.99000004,NA,NA,NA,0,0,0,1,0.637553264,2.18299641,2.60876551,-68.38420408,8.876783493,19.127747,33.14927006,-4.608985145,-12.02086025,15.07665066,8.674584175,3.097975746,1.445228827,-6.836178615,-5.05384224,0.221954335,-3.901958757,0.487853162,0.460428097,12.50970804
4732,"Chiroptera","Rhinolophidae","Rhinolophus madurensis",9.8,0.294,65.598,NA,5497.607,NA,602.341,0.109564215848823,NA,729.752,105.734,NA,1.093,1.016,364.051,NA,62.964,NA,2219.157,0.132739935757503,NA,NA,NA,0,2,NA,NA,100,0,0,NA,NA,NA,NA,NA,NA,NA,NA,NA,NA,1,3,"A",1,0,0,0,1,500,0,500,NA,"Occurs on large land bridge islands",NA,NA,"Indomalayan",2,1,0,0,0,0,0,0,1,0,0,0,0,0,1,0,0,0,1,0,0,0,0,0,1,0,0,0,0,0,0,0,0,0,"Rhinolophus madurensis","Rhinolophus madurensis",1,0,NA,NA,NA,NA,NA,NA,NA,NA,NA,NA,NA,NA,NA,-70.9336279,9.315843265,19.33128598,32.40656718,-4.014718569,-4.500656335,3.46466039,-3.950810464,-8.973862924,7.847042244,-11.08881021,-5.225204661,-0.45162549,-0.004758316,-0.214668661,-0.284432464,-7.369320662
4733,"Chiroptera","Rhinolophidae","Rhinolophus maendeleo",6,0.268,60.968,NA,5946.925,NA,612.217,0.10294681705251,NA,729.67,100.904,NA,1.067,1.012,364.227,NA,62.906,NA,2339.604,0.122697024092283,NA,NA,NA,1,2,NA,NA,100,0,0,NA,NA,NA,NA,NA,NA,NA,NA,NA,NA,1,3,"A",1,0,0,0,1,1900,NA,NA,NA,"Occurs on mainland",NA,NA,"Afrotropical",1,1,0,0,0,0,1,0,0,0,0,1,0,0,0,0,0,0,1,0,0,0,0,0,1,0,0,0,0,0,0,0,0,0,"Rhinolophus maendeleo","Rhinolophus maendeleo",1,0,NA,NA,NA,NA,NA,NA,NA,NA,NA,NA,0.935959904,0.935959904,0.935959904,-70.48171592,9.268681122,19.76006097,33.60302419,-4.412807481,-7.585082361,8.016139369,0.078680139,-6.251321728,7.476309487,-13.42577667,-7.571004418,-0.33217595,-4.688127209,0.072715344,0.503477244,3.835854112
4734,"Chiroptera","Rhinolophidae","Rhinolophus malayanus",6.73,0.202,60.395,41.49,4999.186,NA,582.129,0.116444757206473,NA,702.606,103.914,NA,1.036,1.01,363.719,NA,54.987,NA,2105.503,0.140544080576318,NA,NA,NA,1,2,NA,NA,100,0,0,100,0,0,0,0,0,0,0,0,0,1,3,"A",1,0,0,0,1,1200,0,1200,0,"Occurs on mainland",1,0,"Indomalayan",3,1,0,0,0,0,1,0,0,0,0,0,0,0,1,0,0,0,1,0,0,1,0,0,1,0,0,0,0,0,0,1,0,0,"Rhinolophus malayanus","Rhinolophus malayanus",1,0,NA,NA,43.05000002,NA,NA,1,1,0,0,0,0.780940547,1.081691176,1.481988099,-69.21794936,8.986104627,19.42761333,33.48765293,-4.564919424,-10.02875802,11.80401373,4.406333687,-1.675385218,4.543577773,-10.25176577,-6.398164015,-0.280143337,-4.765695892,0.349708572,0.669786386,10.91599
4735,"Chiroptera","Rhinolophidae","Rhinolophus marshalli",5.02,0.226,57.653,45.5,5323.473,NA,579.533,0.108863706080598,NA,706.745,105.314,NA,1.029,1.018,363.921,NA,57.764,NA,2174.485,0.132760136099122,NA,NA,NA,0,2,NA,NA,100,0,0,100,0,0,0,0,0,0,0,0,0,1,3,"A",1,0,0,0,1,800,0,800,0,"Occurs on mainland",1,0,"Indomalayan",4,1,0,0,0,0,1,0,0,0,0,0,0,0,1,0,0,0,1,0,0,1,0,1,1,0,0,0,0,0,0,1,0,0,"Rhinolophus marshalli","Rhinolophus marshalli",1,0,20.3598745,4.709999999,45.50000004,NA,NA,1,1,0,0,0,0.882157191,1.337505858,1.46735786,-68.55352724,8.831765118,19.02806641,32.92307937,-4.535657537,-11.17281882,13.7586479,7.040197605,1.278256111,2.642035881,-8.302582621,-5.724023666,0.03720686,-4.104865516,0.489566206,0.524029338,12.34994633
4736,"Chiroptera","Rhinolophidae","Rhinolophus mcintyrei",8.98,0.279,64.42,45.74,4961.945,NA,613.803,0.123702096657661,NA,726.244,105.508,NA,1.033,1.012,364.545,NA,63.09,NA,2180.156,0.146362767019788,NA,NA,NA,1,2,NA,NA,100,0,0,100,0,0,0,0,0,0,0,0,0,1,3,"A",1,0,0,0,1,1600,270,1330,NA,NA,NA,NA,"Indomalayan",1,1,0,0,0,0,NA,NA,NA,NA,0,0,0,0,1,0,0,0,1,0,0,0,0,0,0,0,0,0,0,0,0,0,0,0,"Rhinolophus arcuatus","Rhinolophus mcintyrei",1,0,NA,NA,NA,NA,NA,NA,NA,NA,NA,NA,NA,NA,NA,-70.32596099,9.246200445,19.81097715,33.78144747,-4.470458752,-8.025705692,8.66494319,0.716189502,-5.681409603,7.197776921,-13.2925368,-7.620452153,-0.346728495,-5.146937625,0.124450404,0.604804539,5.763554542
4737,"Chiroptera","Rhinolophidae","Rhinolophus megaphyllus",8.65,0.26,63.077,47.21,2737.5,730.5,730.5,0.266849315068493,730.5,855.64,125.14,NA,1,1,362.048,1.29,56.61,NA,2306.438,0.312562557077626,0.149132947976879,NA,NA,1,2,NA,NA,100,0,0,100,0,0,0,0,0,0,0,0,0,1,3,"A",1,0,0,0,1,1600,0,1600,0,"Occurs on mainland",1,0,"Australasian",3,1,0,0,0,0,1,0,0,0,0,0,0,1,0,0,0,0,1,0,0,1,0,0,1,0,0,0,0,0,0,1,0,0,"Rhinolophus megaphyllus","Rhinolophus megaphyllus",1,0,34.57984385,6.1,47.54999997,NA,NA,2,0,0,0,1,0.196898517,0.902459385,1.140833442,-67.66878546,8.918678092,19.11114082,33.24211306,-4.725343187,-15.19870335,20.41833669,16.21464137,12.07359555,-4.606229671,0.277013684,-2.164982653,1.12954654,-1.79421721,0.600644189,-0.047965352,10.63994789
4738,"Chiroptera","Rhinolophidae","Rhinolophus mehelyi",14.03,0.31,64,48.5,5893.81,NA,670.387,0.113744250323645,NA,788.259,103.429,NA,2,1,362.64,NA,64.111,NA,3285,0.133743537711599,NA,NA,NA,1,2,NA,NA,100,0,0,100,0,0,0,0,0,0,0,0,0,1,3,"A",1,0,0,0,1,2000,0,2000,0,"Occurs on mainland",1,0,"Indomalayan, Palearctic",2,1,0,0,0,0,1,0,0,0,1,0,0,0,1,0,0,0,0,0,1,0,0,0,1,0,0,0,0,0,0,0,0,0,"Rhinolophus mehelyi","Rhinolophus mehelyi",0,0,45.5648566,6.215993121,48.50000004,265,0,2.999999999,1,0,0,0,0.219757575,0.818371909,1.20383578,-70.81970205,9.316110649,19.59773284,33.07753034,-4.22759504,-5.993700755,5.622812812,-2.213507681,-8.013934714,7.952149031,-12.52692692,-6.44284141,-0.428584529,-2.230013049,-0.124909274,0.081743963,-3.081839586
4739,"Chiroptera","Rhinolophidae","Rhinolophus microglobosus",7.92,0.285,62.584,45.28,5192.727,NA,605.365,0.116579400380571,NA,722.873,106.069,NA,0.99,1,364.215,NA,61.648,NA,2171.619,0.139208743305781,NA,NA,NA,1,2,NA,NA,100,0,0,100,0,0,0,0,0,0,0,0,0,1,3,"A",1,0,0,0,1,NA,0,NA,NA,NA,NA,NA,"Indomalayan",2,1,0,0,0,0,NA,NA,NA,NA,0,0,0,0,1,0,0,0,1,0,0,0,0,0,1,0,0,0,0,0,0,0,0,0,"Rhinolophus stheno","Rhinolophus microglobosus",1,0,26.08412244,5.1,NA,NA,NA,NA,NA,NA,NA,NA,0.780940547,0.780940547,0.780940547,-70.1683428,9.21574981,19.80107728,33.83537034,-4.505583978,-8.518399269,9.460293167,1.725906365,-4.543563569,6.456380407,-12.59008649,-7.450023631,-0.194883272,-5.406447236,0.207773048,0.654839042,7.96441661
4740,"Chiroptera","Rhinolophidae","Rhinolophus mitratus",27.55,2.994,109.929,57.5,5536.122,NA,647.23,0.11691035710557,NA,780.49,137.367,NA,1.101,1.05,362.509,NA,96.007,NA,2468.838,0.140981358431046,NA,NA,NA,0,2,NA,NA,100,0,0,100,0,0,0,0,0,0,0,0,0,1,3,"A",1,0,0,0,1,300,300,0,NA,"Occurs on mainland",NA,NA,"Indomalayan",NA,1,0,0,0,0,1,0,0,0,0,0,0,0,1,0,0,0,1,0,0,0,0,0,0,1,0,0,0,0,0,0,0,0,"Rhinolophus mitratus","Rhinolophus mitratus",0,0,NA,NA,NA,NA,NA,NA,NA,NA,NA,NA,NA,NA,NA,-70.24860229,9.231347284,19.80262515,33.80104602,-4.486708755,-8.333690113,9.185195632,1.445984076,-4.809263989,6.6058645,-12.74539603,-7.505338313,-0.13917798,-5.351990429,0.191412406,0.628404384,7.432378573
4742,"Chiroptera","Rhinolophidae","Rhinolophus montanus",10.91,0.335,64.475,NA,5310.687,NA,621.641,0.117054723805037,NA,735.313,103.989,NA,1.027,1.011,364.526,NA,65.171,NA,2266.298,0.138459110845734,NA,NA,NA,1,2,NA,NA,100,0,0,NA,NA,NA,NA,NA,NA,NA,NA,NA,NA,1,3,"A",1,0,0,0,1,1220,40,1180,NA,"Occurs only on isolated islands",NA,NA,"Australasian",1,1,0,0,0,0,0,0,0,1,0,0,0,1,0,0,0,0,1,0,0,0,0,0,1,1,0,0,0,0,0,0,0,0,"Rhinolophus montanus","Rhinolophus montanus",0,0,NA,NA,NA,NA,NA,NA,NA,NA,NA,NA,NA,NA,NA,-70.01258798,9.182845688,19.76450628,33.82732182,-4.522588198,-8.850395325,10.00110614,2.460012686,-3.644724132,5.804085565,-11.81804915,-7.152767577,-0.084283789,-5.258711643,0.261947302,0.639183153,8.997428894
4745,"Chiroptera","Rhinolophidae","Rhinolophus mossambicus",25.99,0.63,73.422,64.35,6485.855,NA,675.999,0.10422665939957,NA,792.852,92.54,NA,0.99,1,364.134,NA,66.655,NA,2600.151,0.122243250889821,NA,NA,NA,1,2,NA,NA,100,0,0,100,0,0,0,0,0,0,0,0,0,1,3,"A",1,0,0,0,1,NA,0,NA,NA,NA,NA,NA,"Afrotropical",3,1,0,0,0,0,NA,NA,NA,NA,0,1,0,0,0,0,0,0,1,1,0,0,0,0,1,0,0,0,0,0,0,0,0,0,"Rhinolophus mossambicus","Rhinolophus mossambicus",0,0,NA,NA,NA,NA,NA,NA,NA,NA,NA,NA,0.181943302,0.181943302,0.181943302,-70.91797304,9.325594803,19.48383557,32.76832027,-4.12548107,-5.281392487,4.605388694,-2.999235933,-8.415319158,7.873614881,-11.89002262,-5.93236389,-0.341063153,-1.238648687,-0.160889588,-0.103607522,-5.087342265
4746,"Chiroptera","Rhinolophidae","Rhinolophus nereis",13.65,0.373,69.194,45,5116.31,NA,610.062,0.119238670057131,NA,734.666,109.02,NA,1.034,1.008,363.591,NA,63.203,NA,2228.038,0.143592941006311,NA,NA,NA,1,2,NA,NA,100,0,0,100,0,0,0,0,0,0,0,0,0,1,3,"A",1,0,0,0,1,NA,NA,NA,NA,"Occurs on large land bridge islands",NA,NA,"Indomalayan",NA,1,0,0,0,0,0,0,1,0,0,0,0,0,1,0,0,0,1,0,0,0,0,0,0,1,0,0,0,0,0,0,0,0,"Rhinolophus nereis","Rhinolophus nereis",0,0,NA,NA,NA,NA,NA,NA,NA,NA,NA,NA,NA,NA,NA,-70.26932245,9.235993093,19.80906583,33.80397739,-4.483270696,-8.242130824,9.027905896,1.219313754,-5.084312012,6.795541485,-12.93551144,-7.556705852,-0.191595045,-5.29849355,0.173255945,0.620640466,6.97658327
4748,"Chiroptera","Rhinolophidae","Rhinolophus osgoodi",12.39,0.378,67.822,43.5,5486.373,NA,638.961,0.116463280932594,NA,747.143,102.233,NA,1.028,1.01,364.482,NA,65.09,NA,2337.632,0.136181590278313,NA,NA,NA,1,2,NA,NA,100,0,0,100,0,0,0,0,0,0,0,0,0,1,3,"A",1,0,0,0,1,NA,NA,NA,NA,"Occurs on mainland",NA,NA,"Palearctic",1,1,0,0,0,0,1,0,0,0,1,0,0,0,0,0,0,0,0,0,0,0,0,0,1,0,0,0,0,0,0,0,0,0,"Rhinolophus osgoodi","Rhinolophus osgoodi",0,0,NA,NA,NA,NA,NA,NA,NA,NA,NA,NA,NA,NA,NA,-70.81588356,9.314754176,19.59074761,33.06297325,-4.223413615,-5.958841385,5.5686231,-2.265851077,-8.048631338,7.950995578,-12.4662848,-6.386012848,-0.444713226,-2.128240623,-0.130407474,0.067528061,-3.294645702
7191,"Chiroptera","Rhinolophidae","Rhinolophus paradoxolophus",8.17,0.267,61.788,54,5173.133,NA,606.371,0.117215428252086,NA,719.8,106.335,NA,1,1.01,364.077,NA,60.764,NA,2217.03,0.139141986103972,NA,NA,NA,1,2,NA,NA,100,0,0,100,0,0,0,0,0,0,0,0,0,1,3,"A",1,0,0,0,1,NA,NA,NA,0,"Occurs on mainland",1,0,"Indomalayan",2,1,0,0,0,0,1,0,0,0,0,0,0,0,1,0,0,0,1,0,0,0,0,0,1,0,0,0,0,0,0,0,0,0,"Rhinolophus paradoxolophus","Rhinolophus rex",0,0,25.52873858,5.389999998,54.47500001,NA,NA,NA,1,0,0,0,1.002968253,1.383729657,1.604113981,-68.72725262,8.848946997,19.07294237,32.96089278,-4.51902772,-10.58760459,12.77180301,5.742006966,-0.14200167,3.524924215,-9.205443323,-6.034224488,-0.112107829,-4.300579815,0.44443534,0.588596079,11.88077202
4749,"Chiroptera","Rhinolophidae","Rhinolophus pearsonii",11.55,0.332,66.657,52,5256.379,NA,607.435,0.11556149204614,NA,727.095,104.076,NA,1.057,1.008,363.987,NA,60.322,NA,2243.155,0.138326212778797,NA,NA,NA,1,2,NA,NA,100,0,0,100,0,0,0,0,0,0,0,0,0,1,3,"A",1,0,0,0,1,3077,610,2467,0,"Occurs on mainland",1,0,"Indomalayan",2,1,0,0,0,0,1,0,0,0,0,0,0,0,1,0,0,0,1,0,0,1,0,0,1,0,0,0,0,0,0,1,0,0,"Rhinolophus pearsonii","Rhinolophus pearsonii",1,0,29.11349274,4.990000004,52.00000004,34.99999997,NA,1,1,0,0,0,1.002968253,1.617165916,2.212834929,-70.5323821,9.275721572,19.7392196,33.53298709,-4.388452944,-7.355529828,7.660325846,-0.309227544,-6.618048435,7.659126833,-13.48887226,-7.511949024,-0.364574768,-4.37731112,0.039204237,0.445807705,2.672795178
4750,"Chiroptera","Rhinolophidae","Rhinolophus perditus",7.617,0.179,60.624,39.02,4324.898,NA,555.051,0.12833851804135,NA,664.429,102.583,NA,1,1.115,347.389,2.57,41.85,6.41,1988.991,0.153628825465942,0.376204542470789,NA,NA,1,2,NA,NA,100,0,0,100,0,0,0,0,0,0,0,0,0,1,3,"A",1,0,0,0,1,NA,NA,NA,NA,NA,NA,NA,NA,NA,1,0,0,0,0,NA,NA,NA,NA,0,0,0,0,0,0,0,0,1,0,0,0,1,0,1,0,0,0,0,0,0,0,0,0,"Rhinolophus pusillus","Rhinolophus perditus",1,0,NA,NA,NA,NA,NA,NA,NA,NA,NA,NA,NA,NA,NA,-67.45598907,9.105704331,19.35483699,33.63663954,-4.834036203,-17.36348656,23.99663839,21.50804733,18.72528734,-9.240856577,5.958313888,0.224813571,1.868552328,-0.051758347,0.579918472,-0.407996841,7.161744084
4752,"Chiroptera","Rhinolophidae","Rhinolophus philippinensis",10.91,0.331,64.822,51,5357.965,NA,611.534,0.114135497339008,NA,731.796,105.13,NA,1.034,1.005,364.364,NA,63.666,NA,2245.519,0.136580959375435,NA,NA,NA,1,2,NA,NA,100,0,0,100,0,0,0,0,0,0,0,0,0,1,3,"A",1,0,0,0,1,1500,200,1300,1,"Occurs on mainland",0,0,"Australasian, Indomalayan",2,1,0,0,0,0,1,0,0,0,0,0,0,1,1,0,0,0,1,0,0,0,0,0,1,0,0,0,0,0,0,0,0,0,"Rhinolophus philippinensis","Rhinolophus philippinensis",1,0,NA,NA,52.00000004,NA,NA,NA,0,0,0,1,0.227457048,2.377125465,4.025579331,-67.71106703,8.896292892,19.07904236,33.18477911,-4.706823209,-14.7922493,19.72750608,15.18980837,10.80455988,-3.731612414,-0.762877398,-2.579715236,0.983338564,-2.138488194,0.588684622,0.035381671,11.14797297
4753,"Chiroptera","Rhinolophidae","Rhinolophus proconsulis",8.98,0.302,64.416,45.74,4880.862,NA,607.085,0.124380693410303,NA,723.593,105.527,NA,1.031,1.011,364.225,NA,62.903,NA,2150.714,0.148251067127077,NA,NA,NA,1,2,NA,NA,100,0,0,100,0,0,0,0,0,0,0,0,0,1,3,"A",1,0,0,0,1,NA,NA,NA,NA,NA,NA,NA,"Indomalayan",1,1,0,0,0,0,NA,NA,NA,NA,0,0,0,0,1,0,0,0,1,0,0,0,0,0,0,0,0,0,0,0,0,0,0,0,"Rhinolophus arcuatus","Rhinolophus proconsulis",1,0,NA,NA,NA,NA,NA,NA,NA,NA,NA,NA,NA,NA,NA,-70.32596099,9.246200445,19.81097715,33.78144747,-4.470458752,-8.025705692,8.66494319,0.716189502,-5.681409603,7.197776921,-13.2925368,-7.620452153,-0.346728495,-5.146937625,0.124450404,0.604804539,5.763554542
4755,"Chiroptera","Rhinolophidae","Rhinolophus pusillus",7.617,0.179,60.624,39.02,4324.898,NA,555.051,0.12833851804135,NA,664.429,102.583,NA,1,1.115,347.389,2.57,41.85,6.41,1988.991,0.153628825465942,0.376204542470789,NA,NA,1,2,NA,NA,100,0,0,100,0,0,0,0,0,0,0,0,0,1,3,"A",1,0,0,0,1,NA,NA,NA,0,"Occurs on mainland",1,0,NA,NA,1,0,0,0,0,1,0,0,0,0,0,0,0,0,0,0,0,1,0,0,0,0,0,1,0,0,0,0,0,0,0,0,0,"Rhinolophus pusillus","Rhinolophus pusillus",1,0,28.77992787,5.089999996,37.59000002,752.9999997,NA,NA,1,0,0,0,0.625140244,1.171680808,1.608394451,-67.45598907,9.105704331,19.35483699,33.63663954,-4.834036203,-17.36348656,23.99663839,21.50804733,18.72528734,-9.240856577,5.958313888,0.224813571,1.868552328,-0.051758347,0.579918472,-0.407996841,7.161744084
4757,"Chiroptera","Rhinolophidae","Rhinolophus rex",32.62,0.606,77.161,60.99,5316.528,NA,611.539,0.115026009455795,NA,740.028,103.071,NA,1.032,1.005,363.985,NA,64.438,NA,2262.487,0.139193849820785,NA,NA,NA,1,2,NA,NA,100,0,0,100,0,0,0,0,0,0,0,0,0,1,3,"A",1,0,0,0,1,NA,NA,NA,0,"Occurs on mainland",1,0,"Indomalayan, Palearctic",2,1,0,0,0,0,1,0,0,0,1,0,0,0,1,0,0,0,1,0,0,0,0,0,1,0,0,0,0,0,0,0,0,0,"Rhinolophus rex","Rhinolophus rex",1,0,NA,NA,60.98999995,NA,NA,NA,1,0,0,0,1.002968253,1.383729657,1.604113981,-68.49356261,8.860395804,19.08375862,33.03471325,-4.565401267,-11.48711907,14.24108302,7.645469624,1.956764874,2.200029178,-7.769913518,-5.483769101,0.116918153,-4.05231944,0.487138525,0.497931913,12.47547491
4759,"Chiroptera","Rhinolophidae","Rhinolophus robinsoni",8.54,0.278,62.198,44,5410.747,NA,602.658,0.111381663197337,NA,725.919,104.864,NA,1.07,1.005,364.304,NA,58.857,NA,2236.742,0.13416243635121,NA,NA,NA,1,2,NA,NA,100,0,0,100,0,0,0,0,0,0,0,0,0,1,3,"A",1,0,0,0,1,NA,NA,NA,0,"Occurs on mainland",1,0,"Indomalayan",2,1,0,0,0,0,1,0,0,0,0,0,0,0,1,0,0,0,1,0,0,0,0,1,0,0,0,0,0,0,0,0,0,0,"Rhinolophus robinsoni","Rhinolophus robinsoni",0,0,NA,NA,43.99999995,NA,NA,NA,0,0,0,1,2.438399711,2.438399711,2.438399711,-68.06319009,8.843274512,19.04062683,33.06837912,-4.637600837,-13.20554522,17.1098679,11.5385313,6.465537605,-0.816348536,-4.251394003,-4.049378735,0.607709594,-3.106806018,0.56708019,0.25962754,12.29207759
4760,"Chiroptera","Rhinolophidae","Rhinolophus rouxii",12.25,0.324,68.139,48.99,1825,451.11,451.11,0.247183561643836,NA,735.06,123.54,NA,0.99,1,349.195,2.86,59.42,11,1051.143,0.402772602739726,0.231134693877551,NA,NA,0,2,NA,NA,100,0,0,100,0,0,0,0,0,0,0,0,0,1,3,"A",1,0,0,0,1,NA,NA,NA,NA,"Occurs on mainland",NA,NA,NA,NA,1,0,0,0,0,1,0,0,0,0,0,0,0,0,0,0,0,1,0,0,0,0,0,1,0,0,0,0,0,0,0,0,0,"Rhinolophus rouxii","Rhinolophus rouxii",1,0,35.13406911,6.836666667,48.98999995,1001.500001,0,NA,0,0,0,1,0.763903319,1.856469344,2.646923361,-70.1474074,9.212340852,19.80201326,33.84568362,-4.50923046,-8.561006789,9.528625792,1.820650837,-4.423437571,6.36675088,-12.49100146,-7.417098855,-0.161523493,-5.397637211,0.216415859,0.651728886,8.133358057
4761,"Chiroptera","Rhinolophidae","Rhinolophus rufus",30,0.819,80.272,NA,5256.994,NA,622.189,0.118354519712216,NA,753.569,114.003,NA,1.013,1.01,363.681,NA,79.693,NA,2324.298,0.143345988220645,NA,NA,NA,0,2,NA,NA,100,0,0,100,0,0,0,0,0,0,0,0,0,1,3,"A",1,0,0,0,1,350,0,350,NA,"Occurs only on isolated islands",NA,NA,"Indomalayan",2,1,0,0,0,0,0,0,0,1,0,0,0,0,1,0,0,0,1,0,0,0,0,0,1,0,0,0,0,0,0,0,0,0,"Rhinolophus rufus","Rhinolophus rufus",1,0,NA,NA,70.25000007,NA,NA,NA,1,0,0,0,1.290449414,1.776226853,2.153194156,-70.70160291,9.303594271,19.68100248,33.31404733,-4.300737507,-6.531726292,6.410740703,-1.530732927,-7.573745162,7.921826445,-12.94911482,-6.841325979,-0.511237759,-3.062934206,-0.074467542,0.233551708,-1.115341536
4762,"Chiroptera","Rhinolophidae","Rhinolophus ruwenzorii",30.69,0.591,74.675,56,6176.585,NA,642.904,0.104087290954468,NA,765.905,99.696,NA,0.98,1.034,364.204,NA,69.377,NA,2471.516,0.124001369688914,NA,NA,NA,0,2,NA,NA,100,0,0,NA,NA,NA,NA,NA,NA,NA,NA,NA,NA,1,3,"A",1,0,0,0,1,2666,1666,1000,0,"Occurs on mainland",0,0,"Afrotropical",2,1,0,0,0,0,1,0,0,0,0,1,0,0,0,0,0,0,1,0,1,1,0,0,1,0,0,0,0,0,0,0,0,0,"Rhinolophus ruwenzorii","Rhinolophus ruwenzorii",1,0,NA,NA,58.00000006,NA,NA,2,1,0,0,0,NA,NA,NA,-70.84923779,9.318601466,19.56530077,32.98908266,-4.197624115,-5.7386415,5.238988181,-2.553302189,-8.21409085,7.920938558,-12.17746716,-6.139113555,-0.411083451,-1.764621961,-0.153058255,0.00938973,-4.039815344
4763,"Chiroptera","Rhinolophidae","Rhinolophus sakejiensis",22,0.489,70.285,NA,5536.781,NA,640.31,0.115646618495476,NA,749.463,99.04,NA,1.036,1.008,364.56,NA,66.14,NA,2361.343,0.135360780930291,NA,NA,NA,1,2,NA,NA,100,0,0,NA,NA,NA,NA,NA,NA,NA,NA,NA,NA,1,3,"A",1,0,0,0,1,NA,NA,NA,NA,"Occurs on mainland",NA,NA,"Afrotropical",1,1,0,0,0,0,1,0,0,0,0,1,0,0,0,0,0,0,0,1,0,0,0,0,0,0,0,0,0,0,0,0,0,0,"Rhinolophus sakejiensis","Rhinolophus sakejiensis",0,1,NA,NA,NA,NA,NA,NA,NA,NA,NA,NA,NA,NA,NA,-69.76180649,9.117759299,19.62190542,33.63889735,-4.515174675,-9.17973888,10.54776428,3.185562703,-2.802395143,5.22919094,-11.14944214,-6.885136152,-0.093822998,-4.99575549,0.314130746,0.618809518,9.790932067
4764,"Chiroptera","Rhinolophidae","Rhinolophus schnitzleri",10.91,0.343,64.698,51,5374.709,NA,630.526,0.117313514089786,NA,741.757,103.464,NA,1.02,1.008,364.82,NA,66.195,NA,2314.019,0.138008774056419,NA,NA,NA,1,2,NA,NA,100,0,0,100,0,0,0,0,0,0,0,0,0,1,3,"A",1,0,0,0,1,1500,200,1300,NA,NA,NA,NA,NA,1,1,0,0,0,0,NA,NA,NA,NA,0,0,0,0,0,0,0,0,0,0,0,0,0,0,1,0,0,0,0,0,0,0,0,0,"Rhinolophus schnitzleri","Rhinolophus schnitzleri",0,0,NA,NA,NA,NA,NA,NA,NA,NA,NA,NA,NA,NA,NA,-70.58809585,9.283998093,19.71873968,33.46160774,-4.363199801,-7.135343052,7.329544441,-0.636924285,-6.888724933,7.748099652,-13.3748213,-7.345012502,-0.407473826,-4.116695242,0.006225524,0.405340829,1.749442119
4765,"Chiroptera","Rhinolophidae","Rhinolophus sedulus",8.74,0.275,62.747,45.99,5652.522,NA,629.164,0.111306775984242,NA,743.343,98.785,NA,1.036,1.006,364.337,NA,60.004,NA,2323.045,0.131506431996196,NA,NA,NA,1,2,NA,NA,100,0,0,100,0,0,0,0,0,0,0,0,0,1,3,"A",1,0,0,0,1,1500,0,1500,1,"Occurs on mainland",1,0,"Indomalayan",2,1,0,0,0,0,1,0,0,0,0,0,0,0,1,0,0,0,1,0,0,0,0,0,1,0,0,0,0,0,0,0,0,0,"Rhinolophus sedulus","Rhinolophus sedulus",1,0,0.003060221,5.408,41.00000003,NA,NA,NA,0,0,0,1,1.830053284,2.872369612,3.305327596,-70.64031214,9.294138955,19.71381073,33.42243026,-4.34308554,-6.923119267,7.005128072,-0.955780659,-7.135190615,7.8131548,-13.2211524,-7.162736016,-0.459625056,-3.7156365,-0.023536026,0.341959947,0.679873518
4766,"Chiroptera","Rhinolophidae","Rhinolophus shameli",8.34,0.273,62.783,44.49,5040.854,NA,594.537,0.117943705570524,NA,713.313,106.718,NA,1.01,1.008,364.022,NA,61.776,NA,2133.583,0.141506379672968,NA,NA,NA,1,2,NA,NA,100,0,0,100,0,0,0,0,0,0,0,0,0,1,3,"A",1,0,0,0,1,NA,NA,NA,0,"Occurs on mainland",1,0,"Indomalayan",2,1,0,0,0,0,1,0,0,0,0,0,0,0,1,0,0,0,1,0,0,1,0,0,1,0,0,0,0,0,0,1,0,0,"Rhinolophus shameli","Rhinolophus shameli",1,0,NA,NA,44.49000003,NA,NA,NA,1,0,0,0,0.780940547,1.098750168,1.496954435,-70.2954243,9.238731164,19.79603968,33.76508762,-4.472388073,-8.138966702,8.8634244,1.004047315,-5.341897218,6.97676402,-13.11754963,-7.60554567,-0.259045426,-5.276565651,0.153517741,0.619138486,6.506938325
4767,"Chiroptera","Rhinolophidae","Rhinolophus shortridgei",5.46,0.219,57.785,NA,5340.336,NA,605.92,0.113461025673291,NA,710.308,101.312,NA,1,1.011,364.249,NA,56.222,NA,2220.355,0.133008110351109,NA,NA,NA,1,2,NA,NA,100,0,0,NA,NA,NA,NA,NA,NA,NA,NA,NA,NA,1,3,"A",1,0,0,0,1,NA,NA,NA,NA,"Occurs on mainland",NA,NA,"Indomalayan, Palearctic",1,1,0,0,0,0,1,0,0,0,1,0,0,0,1,0,0,0,1,0,0,0,0,0,0,0,0,0,0,0,0,0,0,0,"Rhinolophus shortridgei","Rhinolophus shortridgei",0,0,NA,NA,NA,NA,NA,NA,NA,NA,NA,NA,NA,NA,NA,-70.09390723,9.201457099,19.79635906,33.85975203,-4.521101027,-8.729179186,9.79896613,2.168767029,-4.01589965,6.084959921,-12.14380019,-7.27633327,-0.18754248,-5.289864337,0.240326174,0.645589106,8.554370652
4768,"Chiroptera","Rhinolophidae","Rhinolophus siamensis",7.36,0.222,60.051,NA,4940.185,NA,596.241,0.120692038860893,NA,703.656,98.79,NA,0.98,1.052,363.558,NA,54.55,NA,2149.93,0.142435151720027,NA,NA,NA,1,2,NA,NA,100,0,0,NA,NA,NA,NA,NA,NA,NA,NA,NA,NA,1,3,"A",1,0,0,0,1,NA,NA,NA,NA,"Occurs on mainland",NA,NA,"Indomalayan",2,1,0,0,0,0,1,0,0,0,0,0,0,0,1,0,0,0,1,0,0,0,0,0,1,0,0,0,0,0,0,0,0,0,"Rhinolophus siamensis","Rhinolophus siamensis",1,0,NA,NA,NA,NA,NA,NA,NA,NA,NA,NA,0.872143312,0.872143312,0.872143312,-68.11717876,8.824676021,19.02558803,33.04040134,-4.623726403,-12.84174819,16.49385731,10.62750912,5.345549091,-0.048674018,-5.149332359,-4.403070037,0.469287576,-3.432036006,0.549451175,0.342407251,12.52535722
4769,"Chiroptera","Rhinolophidae","Rhinolophus silvestris",21.23,0.455,68.93,52.5,5923.208,NA,646.734,0.109186440861101,NA,756.728,99.577,NA,1.015,1.003,364.466,NA,62.58,NA,2462.831,0.127756445493726,NA,NA,NA,1,2,NA,NA,100,0,0,100,0,0,0,0,0,0,0,0,0,1,3,"A",1,0,0,0,1,NA,NA,NA,0,"Occurs on mainland",0,0,"Afrotropical",2,1,0,0,0,0,1,0,0,0,0,1,0,0,0,0,0,0,1,0,0,0,0,0,1,0,0,0,0,0,0,0,0,0,"Rhinolophus silvestris","Rhinolophus silvestris",1,0,NA,NA,NA,NA,NA,NA,NA,NA,NA,NA,NA,NA,NA,-70.95215061,9.332145187,19.46612863,32.70583899,-4.098016608,-5.054741078,4.275645843,-3.261466414,-8.548900467,7.840335799,-11.66777915,-5.756436807,-0.275760627,-0.890649811,-0.173900871,-0.172506695,-5.822480713
4770,"Chiroptera","Rhinolophidae","Rhinolophus simulator",8.13,0.287,60.363,44.49,6438.254,NA,644.01,0.100028672369869,NA,754.152,91.24,NA,0.99,1.005,364.752,NA,61.765,NA,2477.495,0.117136105534202,NA,NA,NA,1,2,NA,NA,100,0,0,100,0,0,0,0,0,0,0,0,0,1,3,"A",1,0,0,0,1,NA,0,NA,NA,"Occurs on mainland",NA,NA,"Afrotropical",2,1,0,0,0,0,1,0,0,0,0,1,0,0,0,0,0,0,0,1,0,0,0,0,1,0,0,0,0,0,0,0,0,0,"Rhinolophus simulator","Rhinolophus simulator",0,1,19.20876609,5.540362992,44.49000003,NA,NA,NA,0,0,0,1,0.17120928,0.549650251,0.556471099,-70.66956748,9.297805841,19.69666508,33.36924384,-4.323995045,-6.727800467,6.699533197,-1.275880888,-7.394047824,7.877852664,-13.01556592,-6.923196772,-0.542863926,-3.293159345,-0.06012441,0.283951755,-0.441935885
4771,"Chiroptera","Rhinolophidae","Rhinolophus sinicus",10.255,0.281,64.511,NA,1825,451.11,451.11,0.247183561643836,NA,574.65,123.54,NA,0.99,1,349.809,2.86,59.42,11,1314.039,0.314876712328767,0.276099463676255,NA,NA,1,2,NA,NA,100,0,0,NA,NA,NA,NA,NA,NA,NA,NA,NA,NA,1,3,"A",1,0,0,0,1,2769,500,2269,NA,"Occurs on mainland",NA,NA,"Indomalayan",2,1,0,0,0,0,1,0,0,0,0,0,0,0,1,0,0,0,1,0,0,0,0,0,1,0,0,0,0,0,0,0,0,0,"Rhinolophus sinicus","Rhinolophus sinicus",1,0,36.96807127,5.319999996,49.50000001,NA,NA,2,1,0,0,0,0.872143312,1.511956492,1.877180085,-70.04936585,9.193400515,19.7966598,33.87991421,-4.530014628,-8.819370706,9.935855572,2.333775658,-3.818105884,5.934041869,-11.96538663,-7.205050922,-0.112529669,-5.294765651,0.249790256,0.646253118,8.82097285
4772,"Chiroptera","Rhinolophidae","Rhinolophus smithersi",25.99,0.63,71.377,64.35,7033.337,NA,691.929,0.0983784795183282,NA,804.192,92.54,NA,0.99,1,364.474,NA,64.627,NA,2705.826,0.114340035178181,NA,NA,NA,1,2,NA,NA,100,0,0,100,0,0,0,0,0,0,0,0,0,1,3,"A",1,0,0,0,1,NA,0,NA,NA,NA,NA,NA,"Afrotropical",5,1,0,0,0,0,NA,NA,NA,NA,0,1,0,0,0,0,0,0,1,1,1,0,1,0,1,0,0,0,0,0,0,0,1,0,"Rhinolophus smithersi","Rhinolophus smithersi",0,0,NA,NA,NA,NA,NA,NA,NA,NA,NA,NA,NA,NA,NA,-70.93907248,9.314700231,19.30270361,32.33783976,-3.993756298,-4.376875012,3.294293998,-4.056440144,-8.989476074,7.787058373,-10.9216036,-5.115476261,-0.416091047,0.188923396,-0.217566981,-0.321262853,-7.696940409
4773,"Chiroptera","Rhinolophidae","Rhinolophus stheno",7.92,0.285,62.496,45.28,5318.322,NA,611.429,0.114966525155867,NA,726.776,105.617,NA,0.99,1,364.206,NA,61.945,NA,2180.659,0.13665513295359,NA,NA,NA,1,2,NA,NA,100,0,0,100,0,0,0,0,0,0,0,0,0,1,3,"A",1,0,0,0,1,NA,NA,NA,1,"Occurs on mainland",1,0,NA,NA,1,0,0,0,0,1,0,0,0,0,0,0,0,0,0,0,0,1,0,0,1,0,0,0,0,0,0,0,0,0,1,0,0,"Rhinolophus stheno","Rhinolophus stheno",0,0,20.46172208,5.948999632,46.09999996,NA,NA,1,0,0,0,1,1.049251823,1.941071887,2.758909511,-70.1683428,9.21574981,19.80107728,33.83537034,-4.505583978,-8.518399269,9.460293167,1.725906365,-4.543563569,6.456380407,-12.59008649,-7.450023631,-0.194883272,-5.406447236,0.207773048,0.654839042,7.96441661
4774,"Chiroptera","Rhinolophidae","Rhinolophus subbadius",5.86,0.24,59.839,33.5,5495.463,NA,594.884,0.10825002370137,NA,714.216,105.398,NA,1.052,1.007,363.968,NA,60.896,NA,2269.26,0.129964663577937,NA,NA,NA,1,2,NA,NA,100,0,0,100,0,0,0,0,0,0,0,0,0,1,3,"A",1,0,0,0,1,1231,NA,NA,NA,"Occurs on mainland",NA,NA,"Indomalayan",2,1,0,0,0,0,1,0,0,0,0,0,0,0,1,0,0,0,1,0,0,0,0,0,1,0,0,0,0,0,0,0,0,0,"Rhinolophus subbadius","Rhinolophus subbadius",0,0,NA,NA,NA,NA,NA,NA,NA,NA,NA,NA,NA,NA,NA,-70.74513031,9.308200736,19.63878203,33.19591266,-4.260869558,-6.2183124,5.946220405,-1.946707369,-7.859757492,7.967456911,-12.72921252,-6.61498607,-0.505909704,-2.565458754,-0.104498077,0.145229618,-2.342049333
4775,"Chiroptera","Rhinolophidae","Rhinolophus subrufus",24.25,0.498,70.863,54.99,5294.132,NA,603.059,0.113910835619512,NA,734.397,106.254,NA,1.037,1.005,363.713,NA,64.45,NA,2213.554,0.138719057250556,NA,NA,NA,1,2,NA,NA,100,0,0,100,0,0,0,0,0,0,0,0,0,1,3,"A",1,0,0,0,1,1000,0,1000,1,"Occurs only on isolated islands",0,0,"Indomalayan",2,1,0,0,0,0,0,0,0,1,0,0,0,0,1,0,0,0,1,0,0,0,0,0,1,0,0,0,0,0,0,0,0,0,"Rhinolophus subrufus","Rhinolophus subrufus",1,0,NA,NA,54.49999997,NA,NA,NA,1,0,0,0,NA,NA,NA,-70.37801326,9.254626586,19.79893212,33.73109297,-4.452019789,-7.865706162,8.423982757,0.461626566,-5.92844746,7.334666112,-13.38251977,-7.616154765,-0.366175244,-4.976861616,0.102707546,0.568172049,4.962240073
4776,"Chiroptera","Rhinolophidae","Rhinolophus swinnyi",6.3,0.273,59.977,41.99,7300,NA,636.397,0.0871776712328767,NA,754.901,91.24,NA,0.99,1,364.609,NA,63.661,NA,2498.328,0.103411095890411,NA,NA,NA,1,2,NA,NA,100,0,0,100,0,0,0,0,0,0,0,0,0,1,3,"A",1,0,0,0,1,NA,0,NA,0,"Occurs on mainland",1,0,"Afrotropical",3,1,0,0,0,0,1,0,0,0,0,1,0,0,0,0,0,0,1,1,0,0,0,0,1,0,0,0,0,0,0,0,0,0,"Rhinolophus swinnyi","Rhinolophus swinnyi",1,1,32.93375139,6.600000007,41.99000004,NA,NA,1,0,0,0,1,0.272393892,0.845883404,1.110979858,-70.71162486,9.305842849,19.67886496,33.30244197,-4.294305021,-6.471569341,6.321949058,-1.604979549,-7.615648512,7.91537785,-12.89058097,-6.791598442,-0.477926952,-2.995398756,-0.081547918,0.216223084,-1.380370212
4777,"Chiroptera","Rhinolophidae","Rhinolophus tatar",14.3,0.583,70.276,56,5650.028,NA,632.17,0.11188794108631,NA,747.209,99.995,NA,1.081,1.006,364.626,NA,65.225,NA,2390.78,0.132248725139061,NA,NA,NA,1,2,NA,NA,100,0,0,100,0,0,0,0,0,0,0,0,0,1,3,"A",1,0,0,0,1,2050,0,2050,NA,NA,NA,NA,"Australasian",1,1,0,0,0,0,NA,NA,NA,NA,0,0,0,1,0,0,0,0,1,0,0,0,0,0,0,0,0,0,0,0,0,0,0,0,"Rhinolophus euryotis","Rhinolophus tatar",1,0,NA,NA,NA,NA,NA,NA,NA,NA,NA,NA,NA,NA,NA,-70.35895408,9.252016942,19.80270358,33.74633874,-4.456381668,-7.910888419,8.496256993,0.553360421,-5.8276949,7.275683814,-13.35808865,-7.634578683,-0.333000046,-5.057614313,0.113836748,0.579786091,5.292596162
4778,"Chiroptera","Rhinolophidae","Rhinolophus thailandensis",19.33,0.439,69.006,60.99,5624.105,NA,624.839,0.111100166159771,NA,743.2,101.949,NA,1.047,1.003,364.576,NA,62.698,NA,2337.085,0.132145470257045,NA,NA,NA,1,2,NA,NA,100,0,0,100,0,0,0,0,0,0,0,0,0,1,3,"A",1,0,0,0,1,1231,0,1231,NA,NA,NA,NA,NA,2,1,0,0,0,0,NA,NA,NA,NA,0,0,0,0,0,0,0,0,0,0,0,0,0,0,0,0,0,0,0,0,0,0,0,0,"Rhinolophus thailandensis","Rhinolophus thailandensis",0,0,NA,NA,NA,NA,NA,NA,NA,NA,NA,NA,NA,NA,NA,-70.72868395,9.308202594,19.67230562,33.28050799,-4.287144784,-6.414382698,6.236984403,-1.684183116,-7.674458546,7.930351059,-12.85161243,-6.747687018,-0.498062743,-2.863370083,-0.087097492,0.195762046,-1.636768626
4779,"Chiroptera","Rhinolophidae","Rhinolophus thomasi",8.26,0.233,62.532,48.5,4773.039,NA,567.824,0.118964877513048,NA,694.528,103.743,NA,1.046,1.022,363.549,NA,58.998,NA,2029.727,0.145510648456885,NA,NA,NA,0,2,NA,NA,100,0,0,100,0,0,0,0,0,0,0,0,0,1,3,"A",1,0,0,0,1,1100,400,700,0,"Occurs on mainland",1,0,"Indomalayan, Palearctic",2,1,0,0,0,0,1,0,0,0,1,0,0,0,1,0,0,0,1,0,0,1,0,0,1,0,0,0,0,0,0,1,0,0,"Rhinolophus thomasi","Rhinolophus thomasi",0,0,NA,NA,48.50000004,NA,NA,2,1,0,0,0,0.878174992,1.625170314,2.229727739,-69.93718055,9.160740941,19.7015027,33.72799011,-4.511537047,-8.922795974,10.13392444,2.658870185,-3.411371473,5.654174865,-11.66940098,-7.108485681,-0.097293836,-5.175551424,0.28138393,0.630338361,9.260419478
4780,"Chiroptera","Rhinolophidae","Rhinolophus trifoliatus",15.16,0.351,73.062,50.49,2686.684,365.25,365.25,0.135948254428135,365.25,423.048,109.329,NA,1,1.57,282.437,3.5,60.669,NA,1360.772,0.157461018861913,0.362467018469657,NA,NA,1,2,NA,NA,100,0,0,100,0,0,0,0,0,0,0,0,0,1,3,"A",1,0,0,0,1,1800,0,1800,1,"Occurs on mainland",1,0,"Indomalayan",1,1,0,0,0,0,1,0,0,0,0,0,0,0,1,0,0,0,1,0,0,1,0,0,0,0,0,0,0,0,0,1,0,0,"Rhinolophus trifoliatus","Rhinolophus trifoliatus",1,0,45.9408709,5.36726937,52.49999995,NA,NA,NA,0,0,1,0,0.842012696,2.216383578,2.657326475,-70.65594184,9.297162564,19.71246775,33.41104226,-4.337063853,-6.856098003,6.901986142,-1.054860222,-7.202784452,7.81543372,-13.12423519,-7.069981281,-0.477373778,-3.556024161,-0.035392764,0.317953622,0.274127475
4781,"Chiroptera","Rhinolophidae","Rhinolophus virgo",6.06,0.221,61.081,38,4910.426,NA,561.781,0.114405756241923,NA,688.654,105.696,NA,1.069,1.022,363.291,NA,56.253,NA,2065.952,0.140243229406166,NA,NA,NA,NA,2,NA,NA,100,0,0,100,0,0,0,0,0,0,0,0,0,1,3,"A",1,0,0,0,1,1100,250,850,1,"Occurs only on isolated islands",1,0,"Indomalayan",3,1,0,0,0,0,0,0,0,1,0,0,0,0,1,0,0,0,1,0,0,1,0,0,1,0,0,0,0,0,0,1,0,0,"Rhinolophus virgo","Rhinolophus virgo",1,0,NA,NA,40.25000003,NA,NA,NA,0,0,0,1,1.048487641,1.840793736,2.687718246,-67.71410332,9.027213549,19.34966256,33.65022152,-4.806662901,-15.97440554,21.6516022,17.88785595,14.06668835,-5.926166944,1.879037467,-1.495697514,1.233228204,-1.402555834,0.587063562,-0.131073466,9.870738299
4782,"Chiroptera","Rhinolophidae","Rhinolophus willardi",35.84,0.617,78.358,63.03,6182.014,NA,644.787,0.104300475540819,NA,766.943,105.244,NA,0.98,1.037,364.39,NA,73.784,NA,2457.202,0.124060379028582,NA,NA,NA,0,2,NA,NA,100,0,0,100,0,0,0,0,0,0,0,0,0,1,3,"A",1,0,0,0,1,NA,NA,NA,NA,NA,NA,NA,NA,2,1,0,0,0,0,NA,NA,NA,NA,0,0,0,0,0,0,0,0,1,0,0,0,0,0,1,0,0,0,0,0,0,0,0,0,"Rhinolophus willardi","Rhinolophus willardi",1,0,NA,NA,NA,NA,NA,NA,NA,NA,NA,NA,NA,NA,NA,-68.61693372,8.825225297,18.98345979,32.81300878,-4.502999697,-10.79629639,13.15261842,6.307690442,0.505592006,3.125364969,-8.862164677,-5.962782127,-0.019131622,-4.141895804,0.482451564,0.539397539,12.22283412
4783,"Chiroptera","Rhinolophidae","Rhinolophus xinanzhongguoensis",NA,NA,NA,NA,NA,NA,NA,NA,NA,NA,NA,NA,NA,NA,NA,NA,NA,NA,NA,NA,NA,NA,NA,NA,NA,NA,NA,NA,NA,NA,NA,NA,NA,NA,NA,NA,NA,NA,NA,NA,NA,NA,NA,NA,0,0,0,1,1980,1500,480,NA,NA,NA,NA,"Indomalayan, Palearctic",1,NA,NA,NA,NA,NA,NA,NA,NA,NA,1,0,0,0,1,0,0,0,1,0,0,0,0,0,0,0,0,0,0,0,0,0,0,0,"Rhinolophus xinanzhongguoensis","Rhinolophus xinanzhongguoensis",1,0,NA,NA,NA,NA,NA,NA,NA,NA,NA,NA,NA,NA,NA,-70.83038909,9.315869765,19.57444516,33.01923623,-4.209171015,-5.845498423,5.400287634,-2.41092741,-8.132840745,7.938144015,-12.33193514,-6.27023074,-0.417842197,-1.970116622,-0.142063381,0.040715769,-3.660184926
4784,"Chiroptera","Rhinolophidae","Rhinolophus yunanensis",19.33,0.439,69.006,60.99,5624.105,NA,624.839,0.111100166159771,NA,743.2,101.949,NA,1.047,1.003,364.576,NA,62.698,NA,2337.085,0.132145470257045,NA,NA,NA,1,2,NA,NA,100,0,0,100,0,0,0,0,0,0,0,0,0,1,3,"A",1,0,0,0,1,1231,0,1231,0,"Occurs on mainland",1,0,"Indomalayan",2,1,0,0,0,0,1,0,0,0,0,0,0,0,1,0,0,0,1,0,0,1,0,0,1,0,0,0,0,0,0,1,0,0,"Rhinolophus yunanensis","Rhinolophus yunanensis",1,0,27.98952419,4.780000004,57.75000006,NA,NA,NA,0,0,0,1,1.375410839,1.815015101,2.078777658,-70.500173,9.271180552,19.75394997,33.58090851,-4.404786588,-7.48569973,7.854008986,-0.122358603,-6.460454676,7.589175972,-13.46474365,-7.529681423,-0.374642,-4.540801607,0.051017269,0.480695454,3.205862028
4785,"Chiroptera","Rhinolophidae","Rhinolophus ziama",22.3,0.496,70.692,NA,5730.765,NA,643.261,0.11224696877293,NA,756.886,100.731,NA,1.019,1.007,364.499,NA,66.297,NA,2401.859,0.132074164618511,NA,NA,NA,1,2,NA,NA,100,0,0,NA,NA,NA,NA,NA,NA,NA,NA,NA,NA,1,3,"A",1,0,0,0,1,NA,600,NA,NA,"Occurs on mainland",NA,NA,"Afrotropical",1,1,0,0,0,0,1,0,0,0,0,1,0,0,0,0,0,0,1,0,0,0,0,0,1,0,0,0,0,0,0,0,0,0,"Rhinolophus ziama","Rhinolophus ziama",1,0,NA,NA,NA,NA,NA,NA,NA,NA,NA,NA,NA,NA,NA,-70.28560463,9.237131563,19.79671547,33.77082724,-4.474637957,-8.170637994,8.916086258,1.080793272,-5.243074318,6.902322704,-13.03567318,-7.578811897,-0.226922685,-5.289288815,0.159869025,0.620394972,6.673789979
4790,"Chiroptera","Hipposideridae","Rhinonicteris aurantia",8.3,0.249,49.99,47.74,4783.469,451.11,451.11,0.0943060360587682,NA,365,148.4,NA,1,1,358.796,2.52,59.99,NA,1853.778,0.0763044560338951,0.303614457831325,NA,NA,1,2,NA,NA,100,0,0,100,0,0,0,0,0,0,0,0,0,1,3,"A",2,0,0,0,1,NA,NA,NA,0,"Occurs on mainland",0,0,"Australasian",2,1,0,0,0,0,1,0,0,0,0,0,0,1,0,0,0,0,1,1,0,1,0,0,1,0,0,0,0,0,0,1,0,0,"Rhinonicteris aurantia","Rhinonicteris aurantia",0,0,NA,NA,47.74000004,NA,NA,NA,0,0,0,1,0.0306178,0.666504065,0.969922662,-71.07603178,9.251874336,18.3079979,30.0083355,-3.327118858,-0.523834082,-1.992285944,-7.239029973,-9.174973712,5.51230109,-3.946582422,-0.332685507,-1.225469993,6.400382876,-0.32751462,-1.055843907,-14.08057225
5017,"Chiroptera","Phyllostomidae","Rhinophylla alethina",6.91,0.467,68,35.49,5337.834,NA,442.149,0.0828330367710948,NA,557.594,118.241,NA,0.987,1.613,250.298,NA,66.99,NA,2128.252,0.104460723207204,NA,NA,NA,0,2,NA,NA,10,0,90,10,0,0,0,0,0,90,0,0,0,1,1,"Ar",1,0,0,0,1,1700,0,1700,0,"Occurs on mainland",0,0,"Neotropical",1,0,1,0,0,0,1,0,0,0,0,0,0,0,0,0,1,0,1,0,0,0,0,0,0,0,0,0,0,0,0,0,0,0,"Rhinophylla alethina","Rhinophylla alethina",1,0,NA,NA,35.48999997,NA,NA,NA,NA,NA,NA,NA,0.72435317,2.385755028,2.961482733,20.37259088,-50.27491986,-16.084558,12.82915217,-19.09161631,3.983545834,-8.730710345,6.343873429,6.269913206,4.331684034,-3.940323515,2.830097174,-2.628688247,-2.883441511,-2.652775159,3.381218155,-6.563183007
5018,"Chiroptera","Phyllostomidae","Rhinophylla fischerae",9.55,0.452,66.043,32.02,5250.257,NA,480.724,0.0915619940128645,NA,601.854,118.677,NA,0.98,1.325,295.716,NA,68.213,NA,2135.521,0.11463324557255,NA,NA,NA,0,2,NA,NA,10,0,90,10,0,0,0,0,0,90,0,0,0,1,1,"Ar",1,0,0,0,1,NA,NA,NA,0,"Occurs on mainland",1,0,"Neotropical",1,0,1,0,0,0,1,0,0,0,0,0,0,0,0,0,1,0,1,0,0,0,0,0,0,0,0,0,0,0,0,0,0,0,"Rhinophylla fischerae","Rhinophylla fischerae",1,0,39.5664,6.233600002,32.02000003,NA,NA,NA,NA,NA,NA,NA,1.641331689,2.740472073,3.03780483,20.37183693,-50.2831464,-16.11900027,12.82711592,-19.18189281,3.757487054,-8.785070436,5.992319218,6.401064681,3.989581776,-3.895185338,2.485742971,-2.916381967,-3.147414432,-2.459321226,3.105168708,-6.806423908
5019,"Chiroptera","Phyllostomidae","Rhinophylla pumilio",9.54,0.356,62.901,33.5,5265.811,NA,481.85,0.091505373056496,NA,594.784,117.77,NA,0.99,1,334.091,NA,64.245,NA,2105.671,0.112952022015222,NA,NA,NA,0,2,NA,NA,10,0,90,10,0,0,0,0,0,90,0,0,0,1,2,"Ar",1,0,0,0,1,1400,NA,NA,0,"Occurs on mainland",1,0,"Neotropical",1,0,1,0,0,0,1,0,0,0,0,0,0,0,0,0,1,0,1,0,0,0,0,0,0,0,0,0,0,0,0,0,0,0,"Rhinophylla pumilio","Rhinophylla pumilio",1,0,38.8553,6.208499993,34.75000001,NA,NA,NA,0,0,0,1,0.873374042,1.783964215,2.360884706,20.36220542,-50.2736824,-16.16003946,12.83019235,-19.2671914,3.556030785,-8.85083356,5.699279536,6.528373722,3.694041571,-3.865763955,2.182330151,-3.196144661,-3.398206086,-2.300489578,2.839041314,-7.045570693
4795,"Chiroptera","Rhinopomatidae","Rhinopoma cystops",12,0.275,59.8,59.5,4935.284,320.04,273.96,0.055510483287284,502.26,365,98.28,NA,0.995,1,364.75,2.5,36.02,9.68,1662.29,0.0739572433926801,0.207291666666667,NA,NA,1,2,NA,NA,100,0,0,100,0,0,0,0,0,0,0,0,0,1,3,"A",1,0,0,0,1,1100,0,1100,NA,NA,NA,NA,"Palearctic",4,1,0,0,0,0,NA,NA,NA,NA,1,0,0,0,0,0,0,0,0,0,0,1,0,1,1,1,0,0,0,0,0,0,0,0,"Rhinopoma hardwickii","Rhinopoma cystops",0,0,55.21607106,6.9,NA,NA,NA,NA,NA,NA,NA,NA,0.000482943,0.174661613,0.283845695,-64.42207683,9.179738859,17.99584308,31.02260352,-4.420174383,-21.2245905,30.45378973,32.85903318,34.84554385,-21.37637901,22.64609825,8.371018763,3.325749339,6.342105147,0.071145331,-0.874828178,-10.25077822
4796,"Chiroptera","Rhinopomatidae","Rhinopoma hadramauticum",9.13,2.117,89.823,49.99,4913.407,NA,604.741,0.123079769292469,NA,713.494,118.449,NA,1.084,1.054,362.295,NA,65.853,NA,2160.462,0.145213697949305,NA,NA,NA,0,2,NA,NA,100,0,0,100,0,0,0,0,0,0,0,0,0,1,3,"A",1,0,0,0,1,65,65,0,NA,NA,NA,NA,"Afrotropical, Palearctic",2,1,0,0,0,0,NA,NA,NA,NA,1,1,0,0,0,0,0,0,0,0,0,1,0,0,0,1,0,0,0,0,0,0,0,0,"Rhinopoma hadramauticum","Rhinopoma hadramauticum",0,0,NA,NA,NA,NA,NA,NA,NA,NA,NA,NA,NA,NA,NA,-63.87867034,9.083155802,17.53235489,30.16415797,-4.257368797,-21.02546244,30.25289484,33.11504128,35.56136792,-22.00518236,23.51275491,8.775297635,3.523975944,6.844382032,0.04461912,-0.910253121,-11.70737822
4797,"Chiroptera","Rhinopomatidae","Rhinopoma hardwickii",12,0.275,59.8,59.5,4935.284,320.04,273.96,0.055510483287284,502.26,365,98.28,NA,0.995,1,364.75,2.5,36.02,9.68,1662.29,0.0739572433926801,0.207291666666667,NA,NA,1,2,NA,NA,100,0,0,100,0,0,0,0,0,0,0,0,0,1,3,"A",1,0,0,0,1,1100,0,1100,NA,"Occurs on mainland",NA,NA,"Afrotropical, Palearctic",4,1,0,0,0,0,1,0,0,0,1,1,0,0,0,0,0,0,0,0,1,1,0,1,1,1,0,0,0,0,0,0,0,0,"Rhinopoma hardwickii","Rhinopoma hardwickii",0,0,55.21607106,6.900000004,56.59999998,NA,0,9.000000001,0,0,0,1,0,0.325055649,0.45863868,-64.42207683,9.179738859,17.99584308,31.02260352,-4.420174383,-21.2245905,30.45378973,32.85903318,34.84554385,-21.37637901,22.64609825,8.371018763,3.325749339,6.342105147,0.071145331,-0.874828178,-10.25077822
4798,"Chiroptera","Rhinopomatidae","Rhinopoma macinnesi",8.6,0.288,64.773,NA,4863.072,NA,600.548,0.123491488507676,NA,692.493,107.545,NA,1.023,1.01,363.844,NA,50.382,NA,2110.583,0.14239826183943,NA,NA,NA,1,2,NA,NA,100,0,0,NA,NA,NA,NA,NA,NA,NA,NA,NA,NA,1,3,"A",1,0,0,0,1,NA,NA,NA,NA,"Occurs on mainland",NA,NA,"Afrotropical",2,1,0,0,0,0,1,0,0,0,0,1,0,0,0,0,0,0,0,0,1,0,0,0,0,1,0,0,0,0,0,0,0,0,"Rhinopoma macinnesi","Rhinopoma macinnesi",0,0,NA,NA,NA,NA,NA,NA,NA,NA,NA,NA,0.423246922,0.423246922,0.423246922,-63.27170046,9.113984489,17.21674565,29.51149297,-4.122089517,-21.00377341,30.08238411,32.87641514,35.35709658,-21.78530035,23.34861816,8.86543966,3.226878843,7.040021421,-0.068237637,-0.712088622,-12.02433702
4799,"Chiroptera","Rhinopomatidae","Rhinopoma microphyllum",28.02,0.404,61.82,68.08,5569.325,648.9,689.7,0.123839064877701,730.5,668.15,120.435,NA,1,1,364.75,4.99,31.3,NA,2214.765,0.119969655209563,0.178087080656674,NA,NA,1,2,NA,NA,100,0,0,100,0,0,0,0,0,0,0,0,0,1,3,"A",1,0,0,0,1,1200,0,1200,0,"Occurs on mainland",1,0,"Afrotropical, Palearctic",3,1,0,0,0,0,1,0,0,0,1,1,0,0,0,0,0,0,0,0,1,0,0,0,1,1,0,0,0,0,0,0,0,0,"Rhinopoma microphyllum","Rhinopoma microphyllum",0,0,64.57095381,8,68.22499995,NA,1,1,0,0,0,1,0.023398672,0.218897792,0.324154947,-63.45159115,9.151704161,17.33315498,29.70631424,-4.154219896,-21.06888528,30.18671317,32.99372919,35.48798832,-21.91045273,23.56919672,8.995187269,3.25020359,6.969343813,-0.074275655,-0.705358591,-12.00264993
4800,"Chiroptera","Rhinopomatidae","Rhinopoma muscatellum",9.13,0.454,70.223,49.99,4824.207,NA,594.382,0.123208228834293,NA,697.096,110.363,NA,1.03,1.021,363.338,NA,52.318,NA,2109.15,0.144499603769075,NA,NA,NA,0,2,NA,NA,100,0,0,100,0,0,0,0,0,0,0,0,0,1,3,"A",1,0,0,0,1,1100,700,400,0,"Occurs on mainland",1,0,"Indomalayan",4,1,0,0,0,0,1,0,0,0,0,0,0,0,1,0,0,0,1,0,0,1,0,0,1,1,0,0,0,0,0,1,0,0,"Rhinopoma muscatellum","Rhinopoma muscatellum",0,0,NA,NA,49.99000003,NA,NA,NA,0,0,0,1,0.030965641,0.0950801,0.117937751,-64.10505213,9.106414809,17.7328641,30.55881949,-4.336124413,-21.13593394,30.39561448,33.09531474,35.36534794,-21.82389189,23.23004801,8.618603458,3.490397192,6.601540739,0.070377611,-0.913637356,-11.07397266
6545,"Chiroptera","Vespertilionidae","Rhogeessa aeneus",4.475,0.148,50,NA,6284.435,NA,369.549,0.0588038542844345,NA,435.932,73.872,NA,1.69,1.018,364.457,NA,46.232,NA,2014.279,0.0693669359298012,NA,NA,NA,1,2,NA,NA,100,0,0,NA,NA,NA,NA,NA,NA,NA,NA,NA,NA,1,3,"A",1,0,0,0,1,50,NA,NA,NA,"Occurs on mainland",NA,NA,"Neotropical",1,1,0,0,0,0,1,0,0,0,0,0,0,0,0,0,1,0,1,0,0,0,0,0,0,0,0,0,0,0,0,0,0,0,"Rhogeessa aeneus","Rhogeessa aenea",0,0,NA,NA,NA,NA,NA,NA,NA,NA,NA,NA,0.403187809,1.009959564,1.301772663,31.57526829,34.65222178,-29.38158652,14.65541081,10.83472146,-3.443292692,-4.871295915,4.804907788,-6.145905142,-14.07852406,-11.79068219,10.99651034,-0.812652174,0.491225876,6.341119904,-0.078385439,1.576653983
5522,"Chiroptera","Vespertilionidae","Rhogeessa bickhami",4.475,0.106,50,29.49,4632.405,NA,328.246,0.0708586576519108,NA,398.203,76.207,NA,1.69,1.092,361.286,NA,47.453,NA,1809.476,0.0859603165094589,NA,NA,NA,1,2,NA,NA,100,0,0,100,0,0,0,0,0,0,0,0,0,1,3,"A",1,0,0,0,1,1500,NA,NA,NA,NA,NA,NA,"Neotropical",2,1,0,0,0,0,NA,NA,NA,NA,0,0,0,0,0,0,1,0,1,0,0,1,0,0,0,0,0,0,0,0,0,1,0,0,"Rhogeessa bickhami","Rhogeessa bickhami",0,0,NA,NA,NA,NA,NA,NA,NA,NA,NA,NA,0.691397039,0.811789433,0.875544002,31.74634195,35.00392049,-29.6157954,14.75107261,10.90355407,-3.377101988,-4.819841539,4.808966644,-6.171526155,-13.69570129,-11.15747923,10.24309679,-0.804690073,0.443554494,5.392059017,0.106079788,1.266330664
5523,"Chiroptera","Vespertilionidae","Rhogeessa genowaysi",3.88,0.786,80.747,29,6470.537,365.25,469.937,0.0726272023481204,NA,573.327,106.535,NA,2,1,361.992,NA,57.555,NA,2219.128,0.088605783414885,NA,NA,NA,0,2,NA,NA,100,0,0,100,0,0,0,0,0,0,0,0,0,1,3,"A",1,0,0,0,1,50,20,30,NA,"Occurs on mainland",NA,NA,"Neotropical",1,1,0,0,0,0,1,0,0,0,0,0,0,0,0,0,1,0,1,0,0,0,0,0,0,0,0,0,0,0,0,0,0,0,"Rhogeessa genowaysi","Rhogeessa genowaysi",1,0,NA,NA,29.00000001,NA,NA,NA,NA,NA,NA,NA,NA,NA,NA,31.70411522,34.92493462,-29.58943328,14.74557391,10.90994902,-3.401254727,-4.839336627,4.810192459,-6.162215499,-13.76975902,-11.29049343,10.40392484,-0.806022109,0.454292527,5.579528346,0.048807909,1.340073848
5525,"Chiroptera","Vespertilionidae","Rhogeessa hussoni",5.8,0.221,57.274,NA,6226.291,NA,378.411,0.0607763112903011,NA,450.739,74.863,NA,1.617,1.006,363.895,NA,43.747,NA,1957.828,0.0723928579631116,NA,NA,NA,1,2,NA,NA,100,0,0,NA,NA,NA,NA,NA,NA,NA,NA,NA,NA,1,3,"A",1,0,0,0,1,NA,NA,NA,NA,"Occurs on mainland",NA,NA,"Neotropical",1,1,0,0,0,0,1,0,0,0,0,0,0,0,0,0,1,0,1,0,0,0,0,0,0,0,0,0,0,0,0,0,0,0,"Rhogeessa hussoni","Rhogeessa hussoni",1,0,NA,NA,NA,NA,NA,NA,NA,NA,NA,NA,NA,NA,NA,31.84184477,35.21330094,-29.76099484,14.80719739,10.90257472,-3.304929021,-4.763780511,4.804512422,-6.175889707,-13.44061264,-10.77031737,9.799225582,-0.794925751,0.411524206,4.912558955,0.189660947,1.088511756
5526,"Chiroptera","Vespertilionidae","Rhogeessa io",4.475,0.135,50,NA,5134.573,NA,347.825,0.0677417576885166,NA,412.883,74.633,NA,1.69,1.035,362.947,NA,47.773,NA,1879.333,0.0804123341902043,NA,NA,NA,1,2,NA,NA,100,0,0,NA,NA,NA,NA,NA,NA,NA,NA,NA,NA,1,3,"A",1,0,0,0,1,NA,NA,NA,NA,"Occurs on mainland",NA,NA,"Neotropical",2,1,0,0,0,0,1,0,0,0,0,0,0,0,0,0,1,0,1,0,0,1,0,0,0,0,0,0,0,0,0,1,0,0,"Rhogeessa io","Rhogeessa io",1,0,NA,NA,NA,NA,NA,NA,NA,NA,NA,NA,0.552677283,1.485715475,1.757944206,31.54007876,34.56831086,-29.29607126,14.61549632,10.80437812,-3.453340024,-4.875268476,4.793398046,-6.131656187,-14.16742859,-11.94442101,11.17888438,-0.813878388,0.502438506,6.58752026,-0.098924333,1.645520738
5527,"Chiroptera","Vespertilionidae","Rhogeessa menchuae",4.475,0.106,50,29.49,4585.9,NA,329.45,0.0718397697289518,NA,399.77,75.816,NA,1.69,1.094,361.919,NA,45.311,NA,1799.451,0.0871737281667721,NA,NA,NA,1,2,NA,NA,100,0,0,100,0,0,0,0,0,0,0,0,0,1,3,"A",1,0,0,0,1,1500,NA,NA,NA,NA,NA,NA,"Neotropical",1,1,0,0,0,0,NA,NA,NA,NA,0,0,0,0,0,0,1,0,1,0,0,0,0,0,0,0,0,0,0,0,0,0,0,0,"Rhogeessa menchuae","Rhogeessa menchuae",1,0,NA,NA,NA,NA,NA,NA,NA,NA,NA,NA,1.119032047,1.225732863,1.289753352,31.62522108,34.77740416,-29.53119485,14.72875519,10.90342452,-3.437065109,-4.869438409,4.814092345,-6.147215588,-13.90401418,-11.53381663,10.70156617,-0.807629575,0.473217755,5.958173468,-0.06267222,1.48049169
5528,"Chiroptera","Vespertilionidae","Rhogeessa minutilla",4.06,0.139,55.271,27.5,3978.362,NA,305.433,0.0767735565541798,NA,380.707,74.99,NA,1.98,1.134,356.04,NA,46.603,NA,1640.679,0.0956944089049714,NA,NA,NA,1,2,NA,NA,100,0,0,100,0,0,0,0,0,0,0,0,0,1,3,"A",1,0,0,0,1,860,0,860,0,"Occurs on mainland",1,0,"Neotropical",2,1,0,0,0,0,1,0,0,0,0,0,0,0,0,0,1,0,1,0,1,0,0,0,0,0,0,0,0,0,0,0,0,0,"Rhogeessa minutilla","Rhogeessa minutilla",0,0,NA,NA,NA,NA,NA,NA,NA,NA,NA,NA,0.265872807,0.784839355,1.233932267,31.65980871,34.85429589,-29.58875855,14.75226202,10.9086435,-3.417072801,-4.858255257,4.8259694,-6.169727562,-13.84643963,-11.40966873,10.54848027,-0.807659072,0.461896691,5.746670668,-0.026779468,1.40334187
5529,"Chiroptera","Vespertilionidae","Rhogeessa mira",2.68,0.213,64.417,25.5,3132.166,NA,317.384,0.101330516964937,NA,385.772,79.555,NA,1.894,1.128,355.838,NA,47.055,NA,1531.193,0.123164608772332,NA,NA,NA,0,2,NA,NA,100,0,0,100,0,0,0,0,0,0,0,0,0,1,3,"A",1,0,0,0,1,340,125,215,0,"Occurs on mainland",0,0,"Nearctic",1,1,0,0,0,0,1,0,0,0,0,0,0,0,0,1,0,0,1,0,0,0,0,0,0,0,0,0,0,0,0,0,0,0,"Rhogeessa mira","Rhogeessa mira",0,0,NA,NA,26,NA,NA,NA,NA,NA,NA,NA,NA,NA,NA,31.45726847,34.38239155,-29.12376733,14.53543297,10.73210596,-3.464689285,-4.873149154,4.762205622,-6.085393144,-14.28337423,-12.18906435,11.48076707,-0.809829784,0.519413092,7.019844215,-0.15806723,1.762683256
5530,"Chiroptera","Vespertilionidae","Rhogeessa parvula",4.37,0.111,58.554,29,2035.834,NA,262.208,0.128796355695012,NA,355.095,75.507,NA,1.98,1.243,346.836,NA,42.849,NA,1378.312,0.174422374319321,NA,NA,NA,1,2,NA,NA,100,0,0,100,0,0,0,0,0,0,0,0,0,1,3,"A",1,0,0,0,1,1500,NA,NA,0,"Occurs on mainland",1,0,"Neotropical",1,1,0,0,0,0,1,0,0,0,0,0,0,0,0,0,1,0,1,0,0,0,0,0,0,0,0,0,0,0,0,0,0,0,"Rhogeessa parvula","Rhogeessa parvula",0,0,NA,NA,29.00000001,NA,NA,NA,NA,NA,NA,NA,0.326271161,0.808412481,1.013844425,31.49405359,34.46727285,-29.20026881,14.56955828,10.75139599,-3.448865487,-4.865585362,4.775660264,-6.108313641,-14.22659344,-12.06829543,11.33294436,-0.811417832,0.511193023,6.818765232,-0.134007017,1.707636744
5532,"Chiroptera","Vespertilionidae","Rhogeessa tumida",4.475,0.106,50,29.49,4632.405,NA,328.246,0.0708586576519108,NA,398.203,76.207,NA,1.69,1.092,361.286,NA,47.453,NA,1809.476,0.0859603165094589,NA,NA,NA,1,2,NA,NA,100,0,0,100,0,0,0,0,0,0,0,0,0,1,3,"A",1,0,0,0,1,1500,NA,NA,0,"Occurs on mainland",1,0,"Neotropical",2,1,0,0,0,0,1,0,0,0,0,0,0,0,0,0,1,0,1,0,0,1,0,0,0,0,0,0,0,0,0,1,0,0,"Rhogeessa tumida","Rhogeessa tumida",1,0,43.20036111,6.199999993,29.49000003,NA,NA,NA,NA,NA,NA,NA,0.336334957,1.182326855,1.698988369,31.79422966,35.1014543,-29.65379493,14.7585171,10.87078086,-3.328180759,-4.782368875,4.807684822,-6.184460832,-13.60585908,-11.00005339,10.05831166,-0.80186513,0.429699107,5.211032662,0.160290653,1.18322411
5533,"Chiroptera","Vespertilionidae","Rhogeessa velilla",4.475,1.457,50,NA,6897.697,NA,395.706,0.0573678432091175,NA,467.811,82.853,NA,1.69,1.016,363.403,NA,56.221,NA,2145.782,0.0678213322504598,NA,NA,NA,1,2,NA,NA,100,0,0,NA,NA,NA,NA,NA,NA,NA,NA,NA,NA,1,3,"A",1,0,0,0,1,550,0,550,NA,NA,NA,NA,"Neotropical",1,1,0,0,0,0,NA,NA,NA,NA,0,0,0,0,0,0,1,0,1,0,0,0,0,0,0,0,0,0,0,0,0,0,0,0,"Rhogeessa io","Rhogeessa velilla",0,0,NA,NA,NA,NA,NA,NA,NA,NA,NA,NA,0.438436517,0.633730733,0.925592657,31.54007876,34.56831086,-29.29607126,14.61549632,10.80437812,-3.453340024,-4.875268476,4.793398046,-6.131656187,-14.16742859,-11.94442101,11.17888438,-0.813878388,0.502438506,6.58752026,-0.098924333,1.645520738
4817,"Chiroptera","Emballonuridae","Rhynchonycteris naso",4.14,0.11,47.97,38.11,5784.067,547.5,547.5,0.0946565798771003,NA,547.5,125.597,NA,0.99,2,290.688,0.98,70.86,NA,2105.179,0.0946565798771003,0.468695652173913,NA,NA,0,2,NA,45,100,0,0,100,0,0,0,0,0,0,0,0,0,1,3,"A",1,0,0,0,1,1500,NA,NA,0,"Occurs on mainland",1,0,"Neotropical",2,1,0,0,0,0,1,0,0,0,0,0,0,0,0,0,1,0,1,0,0,0,0,0,1,0,0,0,0,0,0,0,0,0,"Rhynchonycteris naso","Rhynchonycteris naso",1,0,27.3178754,6.633333338,38.11000002,25.00000002,NA,0,0,0,0,1,0.308621905,1.772974475,2.357458347,25.18591199,-41.11318591,9.755011575,3.377599614,28.72480033,10.79203418,12.66254085,-2.96805726,-6.660764413,-5.838673441,3.910734165,-6.096009937,-0.288141133,0.062103458,5.901408132,4.245694442,-1.213931966
5597,"Chiroptera","Vespertilionidae","Rhyneptesicus nasutus",7.91,0.18,57.708,37,4574.611,NA,333.422,0.0728853229269112,NA,407.003,72.962,NA,1.662,1.04,362.606,NA,39.289,NA,1752.524,0.0889699692498444,NA,NA,NA,1,2,NA,NA,100,0,0,100,0,0,0,0,0,0,0,0,0,1,3,"A",1,0,0,0,1,862,0,862,0,"Occurs on mainland",1,0,"Indomalayan, Palearctic",4,1,0,0,0,0,1,0,0,0,1,0,0,0,1,0,0,0,1,1,0,1,0,0,1,1,0,0,0,0,0,1,0,0,"Eptesicus nasutus","Rhyneptesicus nasutus",0,0,NA,NA,36.99999999,NA,NA,NA,NA,NA,NA,NA,0.033943281,0.06520445,0.083961151,35.95189498,24.64618746,6.252879689,-5.903245024,-14.41983101,13.20899063,13.90969691,-14.03413422,13.77006702,7.46483305,-4.8212688,8.32083952,1.65643778,0.256739202,11.39849714,2.223600519,-0.267535908
4564,"Chiroptera","Pteropodidae","Rousettus aegyptiacus",134,2.6,172.185,93.2,8358.5,315.68,365,0.0436681222707424,365,365,116,NA,1.035,2,260.282,21.06,122,73.8,1825,0.0436681222707424,0.325329850746269,NA,NA,0,2,NA,NA,0,0,100,0,0,0,0,0,0,60,40,0,0,2,1,"Ar",1,0,0,0,1,4000,NA,NA,0,"Occurs on mainland",1,0,"Afrotropical, Palearctic",7,0,1,0,0,0,1,0,0,0,1,1,0,0,0,0,0,0,1,1,1,1,0,0,1,1,0,0,0,0,0,1,0,0,"Rousettus aegyptiacus","Rousettus aegyptiacus",1,1,47.37607692,5.785304,98.24999999,NA,1,7,0,0,0,1,0,0.574199628,1.041791419,-40.3325507,-16.27956149,-26.39694918,-33.38239116,-5.422684507,-24.51099193,22.98652898,-7.657864487,-19.40591433,6.422762706,5.541675044,11.50093018,16.56606357,-3.157890093,-2.97390239,1.395535875,-8.154380803
4565,"Chiroptera","Pteropodidae","Rousettus amplexicaudatus",82.935,1.627,107.63,76.88,2913.917,258.65,258.65,0.0887636813265443,NA,304.16,101.38,NA,0.99,2,231.319,12,86.16,NA,1314.517,0.104381833799659,0.286489419424851,NA,NA,0,2,NA,NA,0,0,100,0,0,0,0,0,0,60,40,0,0,2,1,"Ar",1,0,0,0,1,2200,0,2200,1,"Occurs on mainland",1,0,"Australasian, Indomalayan",4,0,1,0,0,0,1,0,0,0,0,0,0,1,1,0,0,0,1,0,0,1,0,1,1,0,0,0,0,0,0,1,0,0,"Rousettus amplexicaudatus","Rousettus amplexicaudatus",1,0,43.4749,6.330879315,87.40000007,NA,NA,NA,NA,NA,NA,NA,0.522989275,1.73799543,2.187857464,-48.4797513,-12.25423278,-25.87341124,-36.63636489,-3.549165937,-21.96422922,22.4570804,-4.355146936,-17.10362368,6.966048672,5.480945715,12.10944133,8.927563945,-9.798643848,-2.639319798,2.168380644,-9.809960776
4566,"Chiroptera","Pteropodidae","Rousettus celebensis",63.07,1.446,104.5,71.76,4922.641,NA,576.649,0.117142200700803,NA,726.991,136.04,NA,1,1.701,269.833,NA,84.48,NA,2069.08,0.147683123754099,NA,NA,NA,0,2,NA,NA,0,0,100,0,0,0,0,0,0,60,40,0,0,2,1,"Ar",1,0,0,0,1,1400,0,1400,1,"Occurs only on isolated islands",1,0,"Australasian",2,0,1,0,0,0,0,0,0,1,0,0,0,1,0,0,0,0,1,0,0,1,0,0,1,0,0,0,0,0,0,1,0,0,"Rousettus celebensis","Rousettus celebensis",1,0,41.89476958,6,71.76,NA,NA,NA,NA,NA,NA,NA,0.925351503,1.872040416,2.031794027,-71.01605002,4.693236089,-10.6182235,-28.08130486,5.942988411,10.69039947,-9.189570221,2.631066189,7.265889792,-4.911679959,-4.663195719,-6.481596687,15.15997877,-5.479668435,0.317078938,-1.238317227,-6.286099382
7192,"Chiroptera","Pteropodidae","Rousettus lanosus",103,1.965,138.984,88.2,6825.5,NA,451.489,0.0661473884697092,NA,569.774,141.283,NA,1.036,2,263.182,NA,110.473,NA,2001.831,0.0834772544135961,NA,NA,NA,0,2,NA,NA,0,0,100,0,0,0,0,0,0,60,40,0,0,2,1,"Ar",1,0,0,0,1,4000,500,3500,0,"Occurs on mainland",1,0,"Afrotropical",1,0,1,0,0,0,1,0,0,0,0,1,0,0,0,0,0,0,0,0,0,0,0,0,0,0,0,0,0,0,0,0,0,0,"Rousettus lanosus","Stenonycteris lanosus",0,0,NA,NA,NA,NA,NA,NA,NA,NA,NA,NA,0.818181818,1.173052857,1.27372768,-49.44252409,-11.87124451,-25.77812383,-36.95652016,-3.341669711,-21.54779085,22.33459167,-3.885616955,-16.72804853,6.954653087,5.46874961,12.08574899,7.777825332,-10.4009678,-2.503039448,2.160167317,-9.72858216
4567,"Chiroptera","Pteropodidae","Rousettus leschenaultii",96.565,1.686,131.724,82.25,5110,322.24,236.12,0.0462074363992172,455,278.81,118.33,NA,1.005,2,234.776,12,52.34,37,1679.855,0.0545616438356164,0.249779940972402,NA,NA,0,2,NA,NA,0,0,100,0,0,0,0,0,0,60,40,0,0,2,1,"Ar",1,0,0,0,1,1140,0,1140,0,"Occurs on mainland",1,0,"Indomalayan",2,0,1,0,0,0,1,0,0,0,0,0,0,0,1,0,0,0,1,0,0,1,0,0,1,0,0,0,0,0,0,1,0,0,"Rousettus leschenaultii","Rousettus leschenaultii",1,0,53.0847255,5.999999995,82.25000007,1000.999999,1,NA,0,0,0,1,0.050886091,1.339062906,1.921597729,-42.31423008,-15.19930533,-26.23281908,-34.16936153,-4.951188358,-24.10950334,23.13412196,-6.821884647,-19.11831858,6.753096905,5.558086046,11.80805967,14.86412621,-4.7924146,-2.990095493,1.579033317,-9.049495712
4568,"Chiroptera","Pteropodidae","Rousettus linduensis",90.8,1.834,134.811,NA,5266.528,NA,503.686,0.0956391003712503,NA,631.901,136.171,NA,1.012,1.795,263.135,NA,92.248,NA,2008.842,0.119984361613572,NA,NA,NA,0,2,NA,NA,0,0,100,NA,NA,NA,NA,NA,NA,NA,NA,NA,NA,NA,1,"Ar",1,0,0,0,1,NA,NA,NA,NA,"Occurs only on isolated islands",NA,NA,"Australasian",1,0,1,0,0,0,0,0,0,1,0,0,0,1,0,0,0,0,1,0,0,0,0,0,0,0,0,0,0,0,0,0,0,0,"Rousettus linduensis","Rousettus linduensis",0,0,NA,NA,NA,NA,NA,NA,NA,NA,NA,NA,NA,NA,NA,-54.69141428,-9.27351989,-24.70385668,-38.64172749,-1.83668339,-17.72673155,19.82491261,-1.054402689,-13.33209858,6.763510154,5.555802998,11.70361272,-1.201577134,-12.47907218,-2.056348056,2.549247278,-7.453396639
4569,"Chiroptera","Pteropodidae","Rousettus madagascariensis",65.72,1.624,137.495,70.91,5520.035,365.25,365.25,0.066168058717019,365.25,489.57,124.32,NA,1.11,1,348.576,NA,56,NA,1825,0.088689655047477,NA,NA,NA,0,2,NA,NA,0,0,100,0,0,0,0,0,0,60,40,0,0,2,1,"Ar",1,0,0,0,1,950,0,950,1,"Occurs only on isolated islands",1,0,"Afrotropical",3,0,1,0,0,0,0,0,0,1,0,1,0,0,0,0,0,0,1,0,0,1,0,0,1,0,0,0,0,0,0,1,0,0,"Rousettus madagascariensis","Rousettus madagascariensis",1,0,NA,NA,69.25000004,NA,NA,NA,0,0,0,1,0.589661177,1.198022386,1.644864643,-45.36619579,-13.62721909,-25.94257433,-35.36358797,-4.238437621,-23.29622254,23.22901776,-5.561883832,-18.5235734,7.066224589,5.685232632,12.2032938,11.99013833,-7.512710066,-2.853092906,1.803191536,-9.988082873
4570,"Chiroptera","Pteropodidae","Rousettus obliviosus",45.32,1.261,108.571,72.5,4915.225,NA,562.644,0.114469632621091,NA,707.633,135.902,NA,0.98,1.727,268.12,NA,85.513,NA,2037.652,0.143967570151926,NA,NA,NA,0,2,NA,NA,0,0,100,0,0,0,0,0,0,60,40,0,0,2,1,"Ar",1,0,0,0,1,1800,10,1790,1,"Occurs only on isolated islands",0,0,"Afrotropical",2,0,1,0,0,0,0,0,0,1,0,1,0,0,0,0,0,0,1,0,0,1,0,0,1,0,0,0,0,0,0,1,0,0,"Rousettus obliviosus","Rousettus obliviosus",1,0,NA,NA,72.50000007,NA,NA,NA,1,0,0,0,NA,NA,NA,-44.00263923,-14.26768773,-26.16653616,-34.90556228,-4.532031772,-23.70432747,23.15591316,-6.2252038,-18.82860781,6.922926187,5.653213975,12.08235096,13.48650265,-6.425932956,-2.946528596,1.778856658,-9.49788701
4571,"Chiroptera","Pteropodidae","Rousettus spinalatus",92.32,1.406,120.932,85.06,5028.237,NA,309.464,0.061545229471085,NA,392.353,122.766,NA,1,1.929,247.797,3.61,78.581,NA,1825,0.0780299337521282,0.075429917677643,NA,NA,0,2,NA,NA,0,0,100,0,0,0,0,0,0,60,40,0,0,2,1,"Ar",1,0,0,0,1,300,0,300,1,"Occurs on large land bridge islands",1,0,"Indomalayan",2,0,1,0,0,0,0,0,1,0,0,0,0,0,1,0,0,0,1,0,0,0,0,0,1,0,0,0,0,0,0,0,0,0,"Rousettus spinalatus","Rousettus spinalatus",1,0,NA,NA,85.05999993,NA,NA,NA,1,0,0,0,NA,NA,NA,-47.30840059,-12.71356624,-25.89796854,-36.1579643,-3.813772093,-22.57616712,22.83697032,-4.914929818,-17.7311971,7.031277157,5.559093114,12.17771422,10.26928126,-8.887711618,-2.74354569,2.062274067,-9.955378919
4838,"Chiroptera","Emballonuridae","Saccolaimus flaviventris",45.25,0.678,96.137,75,4817.423,NA,329.51,0.0683996402225837,NA,409.591,89.545,NA,1.012,2,272.793,NA,58.408,NA,1726.787,0.0850228431258787,NA,NA,NA,0,2,NA,NA,100,0,0,100,0,0,0,0,0,0,0,0,0,1,3,"A",1,0,0,0,1,600,0,600,0,"Occurs on mainland",0,0,"Australasian",3,1,0,0,0,0,1,0,0,0,0,0,0,1,0,0,0,0,1,1,1,0,0,0,0,0,0,0,0,0,0,0,0,0,"Saccolaimus flaviventris","Saccolaimus flaviventris",1,0,42.62600894,8.250000009,74.99999993,NA,NA,NA,NA,NA,NA,NA,0.042958657,0.447329314,0.585936007,24.10335257,-44.88768975,6.395277481,4.764645709,24.24996155,12.72968569,11.79278653,1.699000261,-7.91785339,-2.577165899,3.675372724,-2.395651947,-1.229221926,-2.14982621,5.287319003,-10.10239066,-1.525165474
4839,"Chiroptera","Emballonuridae","Saccolaimus mixtus",38.29,0.69,93.271,64.5,5072.059,NA,350.328,0.0690701744597214,NA,425.003,94.052,NA,1.011,1.277,334.036,NA,56.706,NA,1775.899,0.0837929921556512,NA,NA,NA,0,2,NA,NA,100,0,0,100,0,0,0,0,0,0,0,0,0,1,3,"A",1,0,0,0,1,NA,0,NA,1,"Occurs on mainland",0,0,"Australasian",3,1,0,0,0,0,1,0,0,0,0,0,0,1,0,0,0,0,1,1,0,0,0,0,1,0,0,0,0,0,0,0,0,0,"Saccolaimus mixtus","Saccolaimus mixtus",0,0,NA,NA,NA,NA,NA,NA,NA,NA,NA,NA,0.760558621,0.860012641,0.927527392,24.20184096,-44.74171051,6.617105588,4.656953017,24.53675891,12.67433263,11.93936785,1.450051718,-7.936689948,-2.739974197,3.753988691,-2.588842055,-1.213351843,-2.080294954,5.475177098,-9.220377571,-1.596784649
4840,"Chiroptera","Emballonuridae","Saccolaimus peli",53.35,1.134,157,89.49,5408.176,NA,369.074,0.068243711003488,NA,467.5,114.796,NA,1,1.47,306.135,NA,69.22,NA,1901.689,0.0864431926771614,NA,NA,NA,0,2,NA,NA,100,0,0,100,0,0,0,0,0,0,0,0,0,1,3,"A",1,0,0,0,1,NA,0,NA,0,"Occurs on mainland",0,0,"Afrotropical",1,1,0,0,0,0,1,0,0,0,0,1,0,0,0,0,0,0,1,0,0,0,0,0,0,0,0,0,0,0,0,0,0,0,"Saccolaimus peli","Saccolaimus peli",1,0,NA,NA,89.49,NA,NA,NA,NA,NA,NA,NA,1.025853455,1.592453008,1.705046904,24.08626331,-44.92255925,6.316906766,4.80617269,24.13287618,12.75992043,11.73118857,1.807832255,-7.917014069,-2.510258051,3.646831527,-2.313810047,-1.234306737,-2.18780447,5.213879318,-10.50666306,-1.476242582
4841,"Chiroptera","Emballonuridae","Saccolaimus saccolaimus",43,0.67,94.358,71.24,4990.258,NA,349.481,0.0700326516184133,NA,417.495,91.967,NA,1,1.353,324.343,NA,57.829,NA,1766.339,0.0836620070545451,NA,NA,NA,NA,2,NA,NA,100,0,0,100,0,0,0,0,0,0,0,0,0,1,3,"A",1,0,0,0,1,1200,0,1200,1,"Occurs on mainland",1,0,"Indomalayan, Oceanian",3,1,0,0,0,0,1,0,0,0,0,0,0,0,1,0,0,1,1,1,0,1,0,0,1,0,0,0,0,0,0,1,0,0,"Saccolaimus saccolaimus","Saccolaimus saccolaimus",1,0,42.96766533,7.166666664,71.24,NA,NA,NA,0,0,0,1,0.396745855,1.438565194,2.338964227,24.14695015,-44.82530109,6.514543881,4.698720751,24.36618599,12.69990248,11.85305809,1.597057118,-7.919840763,-2.632100541,3.696009629,-2.455607869,-1.219064061,-2.110299089,5.369191508,-9.724943295,-1.55481744
4818,"Chiroptera","Emballonuridae","Saccopteryx antioquensis",5,0.194,55.148,NA,4492.969,NA,356.078,0.0792522717160969,NA,425.414,116.963,NA,1.032,1.081,356.802,NA,56.643,NA,1633.102,0.094684383533472,NA,NA,NA,0,2,NA,NA,100,0,0,NA,NA,NA,NA,NA,NA,NA,NA,NA,NA,1,3,"A",2,0,0,0,1,1200,650,550,NA,"Occurs on mainland",NA,NA,"Neotropical",2,1,0,0,0,0,1,0,0,0,0,0,0,0,0,0,1,0,1,0,0,0,0,0,1,0,0,0,0,0,0,0,0,0,"Saccopteryx antioquensis","Saccopteryx antioquensis",1,0,NA,NA,NA,NA,NA,NA,NA,NA,NA,NA,NA,NA,NA,25.18396976,-41.37599645,9.476294868,3.473898016,28.35282994,11.07981211,12.77263968,-2.543005484,-6.989173671,-5.561561668,4.065179865,-5.821714051,-0.330098064,-0.233452046,6.138273794,2.999797097,-1.389076763
4819,"Chiroptera","Emballonuridae","Saccopteryx bilineata",7.9,0.22,67,45.99,2190,365,365,0.166666666666667,NA,365,111.481,NA,0.995,1,349.684,3.49,59.995,6.23,894.25,0.166666666666667,0.43956329113924,NA,NA,0,2,NA,NA,100,0,0,100,0,0,0,0,0,0,0,0,0,1,3,"A",2,0,0,0,1,500,NA,NA,0,"Occurs on mainland",1,0,"Neotropical",2,1,0,0,0,0,1,0,0,0,0,0,0,0,0,0,1,0,1,0,0,0,0,0,1,0,0,0,0,0,0,0,0,0,"Saccopteryx bilineata","Saccopteryx bilineata",1,0,30.14150434,6.1,45.99000005,10,0,18,0,0,0,1,0.34228391,1.459742136,1.864918362,25.18816243,-41.37230101,9.502026042,3.46220809,28.39603623,11.02892748,12.75226958,-2.602542926,-6.930244113,-5.587456256,4.032223487,-5.839992443,-0.336159474,-0.202085592,6.062175626,3.301522157,-1.388053472
4820,"Chiroptera","Emballonuridae","Saccopteryx canescens",3.41,0.13,40,38,5824.939,NA,406.563,0.0697969540968583,NA,499.769,133.154,NA,1,1.645,295.252,NA,79.494,NA,2025.396,0.0857981517059664,NA,NA,NA,0,2,NA,NA,100,0,0,100,0,0,0,0,0,0,0,0,0,1,3,"A",2,0,0,0,1,500,NA,NA,0,"Occurs on mainland",1,0,"Neotropical",1,1,0,0,0,0,1,0,0,0,0,0,0,0,0,0,1,0,1,0,0,1,0,0,0,0,0,0,0,0,0,1,0,0,"Saccopteryx canescens","Saccopteryx canescens",1,0,NA,NA,37.72499996,NA,NA,NA,NA,NA,NA,NA,0.359673792,1.589889816,1.840367597,25.14457705,-41.56509441,9.321783105,3.525739849,28.18253054,11.23611266,12.84220563,-2.311775985,-7.160399218,-5.405452387,4.136155343,-5.659891739,-0.376190223,-0.366491332,6.301602605,2.265995634,-1.44119658
4821,"Chiroptera","Emballonuridae","Saccopteryx gymnura",6.11,0.257,40,34,6146.846,NA,416.347,0.0677334359767595,NA,513.692,129.555,NA,1.01,1.077,357.757,NA,58.297,NA,2046.342,0.083570012979014,NA,NA,NA,0,2,NA,NA,100,0,0,100,0,0,0,0,0,0,0,0,0,1,3,"A",2,0,0,0,1,NA,NA,NA,0,"Occurs on mainland",0,0,"Neotropical",2,1,0,0,0,0,1,0,0,0,0,0,0,0,0,0,1,0,1,0,0,0,0,0,1,0,0,0,0,0,0,0,0,0,"Saccopteryx gymnura","Saccopteryx gymnura",1,0,NA,NA,34,NA,NA,NA,NA,NA,NA,NA,1.560921534,1.560921534,1.560921534,25.15183016,-41.55948433,9.35589938,3.508781825,28.21648788,11.1861583,12.8178615,-2.360989603,-7.112014124,-5.439255738,4.106344468,-5.687851311,-0.3838968,-0.333117018,6.208536319,2.59464368,-1.44146337
4822,"Chiroptera","Emballonuridae","Saccopteryx leptura",4.72,0.16,51,NA,5900.603,NA,395.497,0.0670265394909639,NA,500.198,122.612,NA,1.006,1.193,344.583,NA,58.925,NA,2018.535,0.0847706581852736,NA,NA,NA,0,2,NA,NA,100,0,0,100,0,0,0,0,0,0,0,0,0,1,3,"A",2,0,0,0,1,500,NA,NA,NA,"Occurs on mainland",NA,NA,"Neotropical",1,1,0,0,0,0,1,0,0,0,0,0,0,0,0,0,1,0,1,0,0,1,0,0,0,0,0,0,0,0,0,1,0,0,"Saccopteryx leptura","Saccopteryx leptura",1,0,NA,NA,38.50000004,4.999999996,NA,9.999999997,0,0,0,1,0.370880726,1.650870844,1.840367597,25.1826713,-41.26766305,9.588100097,3.428045879,28.50482348,10.94263975,12.73703952,-2.739541274,-6.862635664,-5.692743744,4.011727715,-5.948750499,-0.31366846,-0.114974024,6.055523981,3.584860917,-1.325355769
5284,"Chiroptera","Molossidae","Sauromys petrophilus",14.25,0.377,80.42,38.99,4986.983,NA,435.786,0.0873846973210055,NA,535.225,95.346,NA,1.003,1.016,362.797,NA,61.172,NA,1902.01,0.107324408364737,NA,NA,NA,1,2,NA,NA,100,0,0,100,0,0,0,0,0,0,0,0,0,1,3,"A",1,0,0,0,1,2000,100,1900,0,"Occurs on mainland",1,0,"Afrotropical",3,1,0,0,0,0,1,0,0,0,0,1,0,0,0,0,0,0,0,1,1,0,0,1,0,0,0,0,0,0,0,0,0,0,"Sauromys petrophilus","Sauromys petrophilus",0,0,43.75804333,7.433450737,38.98999998,NA,NA,NA,NA,NA,NA,NA,0.138684467,0.274154612,0.276164754,31.96252027,-13.14957012,29.69083777,-10.0912268,28.27776656,-15.6900456,-7.600060704,-7.132275649,10.05019262,3.870843945,-4.630676548,6.022288737,0.343470581,-0.122979425,-7.915957149,-6.550712196,0.931131582
4933,"Chiroptera","Phyllostomidae","Scleronycteris ega",49.54,0.82,57,34.5,5065.916,NA,371.929,0.0734179169176907,NA,492.875,115.042,NA,1.003,1.685,241.488,NA,59.327,NA,2062.272,0.0972923751597934,NA,NA,NA,0,2,NA,NA,30,0,70,30,0,0,0,0,0,30,40,0,0,3,2,"Ar",1,0,0,0,1,300,100,200,0,"Occurs on mainland",0,0,"Neotropical",2,0,1,0,0,0,1,0,0,0,0,0,0,0,0,0,1,0,1,0,0,1,0,0,0,0,0,0,0,0,0,1,0,0,"Scleronycteris ega","Scleronycteris ega",1,0,NA,NA,NA,NA,NA,NA,NA,NA,NA,NA,NA,NA,NA,17.33648398,-45.09693147,-19.91009953,7.227212507,-22.86977473,-17.82819469,-4.197541944,-17.1625352,2.6016028,-9.755610679,2.974871717,-5.944248788,0.469744899,1.699256407,2.262487653,0.053607287,5.829408317
5589,"Chiroptera","Vespertilionidae","Scoteanax rueppellii",26.41,0.909,100.088,53,6567.298,NA,557.01,0.0848157035054599,NA,677.107,129.644,NA,1,0.992,361.392,NA,70.762,NA,2347.608,0.103102828590997,NA,NA,NA,1,2,NA,NA,100,0,0,100,0,0,0,0,0,0,0,0,0,1,3,"A",1,0,0,0,1,500,0,500,0,"Occurs on mainland",0,0,"Australasian",1,1,0,0,0,0,1,0,0,0,0,0,0,1,0,0,0,0,1,0,0,0,0,0,0,0,0,0,0,0,0,0,0,0,"Scoteanax rueppellii","Scoteanax rueppellii",1,0,40.02297841,6.345,53,NA,NA,NA,NA,NA,NA,NA,0.201970121,0.830512385,1.040544781,37.67038103,18.40227147,22.349436,-14.23392516,-18.70487493,6.614626235,3.780030663,3.272578454,-7.270787216,-7.072364323,1.213564458,-4.044713765,-1.054957152,0.340947537,-6.06794145,0.55897386,0.744820443
5669,"Chiroptera","Vespertilionidae","Scotoecus albofuscus",4.5,0.142,57.517,29.49,2889.66,NA,298.876,0.103429469210911,NA,385.475,81.125,NA,1.751,1.107,354.351,NA,48.965,NA,1625.999,0.133398046829039,NA,NA,NA,1,2,NA,NA,100,0,0,100,0,0,0,0,0,0,0,0,0,1,3,"A",1,0,0,0,1,NA,NA,NA,NA,"Occurs on mainland",NA,NA,"Afrotropical",2,1,0,0,0,0,1,0,0,0,0,1,0,0,0,0,0,0,1,1,0,0,0,0,0,0,0,0,0,0,0,0,0,0,"Scotoecus albofuscus","Scotoecus albofuscus",0,0,0.00559993,5.300119048,29.49,NA,NA,NA,NA,NA,NA,NA,0.06152724,0.364497131,0.366414852,35.23348992,25.7192249,1.716767348,-3.370289345,-11.68061787,12.42529799,13.29505982,-14.0956192,14.84431023,9.902265796,-3.414009039,7.362425682,1.753134534,0.180051736,14.67380527,3.042879525,0.231870453
5671,"Chiroptera","Vespertilionidae","Scotoecus hirundo",9.048,0.195,63.37,31.75,3516.779,NA,336.623,0.0957191225266074,NA,414.657,81.901,NA,1.96,1.033,361.377,NA,46.239,NA,1749.562,0.117908176771984,NA,NA,NA,1,2,NA,NA,100,0,0,100,0,0,0,0,0,0,0,0,0,1,3,"A",1,0,0,0,1,NA,0,NA,0,"Occurs on mainland",1,0,"Afrotropical",2,1,0,0,0,0,1,0,0,0,0,1,0,0,0,0,0,0,1,1,0,0,0,0,0,0,0,0,0,0,0,0,0,0,"Scotoecus hirundo","Scotoecus hirundo",0,0,NA,NA,31.75000003,NA,NA,NA,NA,NA,NA,NA,0.230380765,0.559944336,0.778815379,35.29872591,25.64697273,2.277079751,-3.703137108,-12.14495896,12.60646898,13.45096516,-14.14876931,14.76530926,9.587257168,-3.657882617,7.56933079,1.732707554,0.188524146,14.3385159,2.879563278,0.188577397
5672,"Chiroptera","Vespertilionidae","Scotoecus pallidus",7.2,0.171,56.725,35.99,3357.535,NA,311.921,0.0929017865785465,NA,387.855,76.025,NA,1.75,1.029,361.371,NA,44.287,NA,1612.865,0.115517783135544,NA,NA,NA,1,2,NA,NA,100,0,0,100,0,0,0,0,0,0,0,0,0,1,3,"A",1,0,0,0,1,2500,46,2454,0,"Occurs on mainland",0,0,"Indomalayan",3,1,0,0,0,0,1,0,0,0,0,0,0,0,1,0,0,0,1,0,1,1,0,0,0,0,0,0,0,0,0,1,0,0,"Scotoecus pallidus","Scotoecus pallidus",0,0,NA,NA,NA,NA,NA,NA,NA,NA,NA,NA,NA,NA,NA,35.19209322,25.93966267,1.156609547,-3.059148213,-11.2653197,12.23244878,13.07767596,-13.88623696,14.75647859,10.06508958,-3.220004097,7.187141104,1.709094139,0.12340046,14.81418616,2.995814442,0.246146532
5590,"Chiroptera","Vespertilionidae","Scotomanes ornatus",22.24,0.384,81.067,56.24,5810.464,NA,370.879,0.063829497954036,NA,413.462,73.407,NA,1.641,1.006,364.354,NA,45.818,NA,1812.728,0.0711581725659087,NA,NA,NA,1,2,NA,NA,100,0,0,100,0,0,0,0,0,0,0,0,0,1,3,"A",1,0,0,0,1,2200,0,2200,0,"Occurs on mainland",1,0,"Indomalayan",2,1,0,0,0,0,1,0,0,0,0,0,0,0,1,0,0,0,1,0,0,0,0,0,1,0,0,0,0,0,0,0,0,0,"Scotomanes ornatus","Scotomanes ornatus",1,0,34.9241874,5.890000003,56.24,NA,NA,NA,0,0,0,1,1.036670686,1.443808983,1.745512703,32.7927809,36.78334657,-30.15161119,14.85070795,11.08335753,-2.651759138,-3.832774218,3.803068854,-4.79249048,-7.862561499,-4.51236835,3.17835238,-0.422769495,-0.15463699,-1.67334744,0.827131145,-1.45155754
4575,"Chiroptera","Pteropodidae","Scotonycteris bergmansi",21.3,0.71,80,51.17,4187.241,NA,442.69,0.105723554006087,NA,567.003,126.806,NA,0.99,1.755,258.554,NA,72.453,NA,1826.409,0.135412076830543,NA,NA,NA,0,2,NA,NA,0,0,100,0,0,0,0,0,0,100,0,0,0,1,1,"Ar",1,0,0,0,1,1100,0,1100,NA,NA,NA,NA,NA,1,0,1,0,0,0,NA,NA,NA,NA,0,0,0,0,0,0,0,0,1,0,0,0,0,0,0,0,0,0,0,0,0,0,0,0,"Scotonycteris bergmansi","Scotonycteris bergmansi",1,0,NA,NA,NA,NA,NA,NA,NA,NA,NA,NA,NA,NA,NA,-60.38471803,-5.780936609,-22.65870333,-40.2666266,1.295257931,-8.02407665,11.9996447,4.179077247,-4.792591924,5.758823504,3.259598652,7.714726871,-16.66939373,-7.050999493,-0.912132028,2.489263261,1.194481414
4576,"Chiroptera","Pteropodidae","Scotonycteris occidentalis",21.3,0.71,80,51.17,4187.241,NA,442.69,0.105723554006087,NA,567.003,126.806,NA,0.99,1.755,258.554,NA,72.453,NA,1826.409,0.135412076830543,NA,NA,NA,0,2,NA,NA,0,0,100,0,0,0,0,0,0,100,0,0,0,1,1,"Ar",1,0,0,0,1,1100,0,1100,NA,NA,NA,NA,NA,1,0,1,0,0,0,NA,NA,NA,NA,0,0,0,0,0,0,0,0,1,0,0,0,0,0,0,0,0,0,0,0,0,0,0,0,"Scotonycteris occidentalis","Scotonycteris occidentalis",1,0,NA,NA,NA,NA,NA,NA,NA,NA,NA,NA,1.087082582,1.087082582,1.087082582,-60.62719731,-5.580157155,-22.52492831,-40.25399786,1.432516296,-7.574487908,11.55936495,4.321614413,-4.347522438,5.624048925,3.146611584,7.434577351,-17.09866235,-6.541094137,-0.835823728,2.450986387,1.485952638
7195,"Chiroptera","Pteropodidae","Scotonycteris ophiodon",69.42,1.378,143,75.99,4501.296,NA,590.191,0.131115794206824,NA,738.854,137.665,NA,0.99,1.5,274.044,3.7,88.309,NA,2058.113,0.164142504736414,0.0791486603284356,NA,NA,0,2,NA,NA,0,0,100,0,0,0,0,0,0,100,0,0,0,1,1,"Ar",1,0,0,0,1,1200,120,1080,0,"Occurs on mainland",0,0,"Afrotropical",1,0,1,0,0,0,1,0,0,0,0,1,0,0,0,0,0,0,0,0,0,0,0,0,0,0,0,0,0,0,0,0,0,0,"Casinycteris ophiodon","Casinycteris ophiodon",0,0,NA,NA,75.99,NA,NA,NA,NA,NA,NA,NA,1.705046904,1.705046904,1.705046904,-60.16469264,-5.928757175,-22.74835943,-40.19940813,1.175170082,-8.443811012,12.41850187,4.037046894,-5.210095182,5.875610963,3.441900228,8.066233384,-16.14361775,-7.636955405,-0.994337692,2.551575367,0.660021867
4577,"Chiroptera","Pteropodidae","Scotonycteris zenkeri",21.3,0.71,80,51.17,4187.241,NA,442.69,0.105723554006087,NA,567.003,126.806,NA,0.99,1.755,258.554,NA,72.453,NA,1826.409,0.135412076830543,NA,NA,NA,0,2,NA,NA,0,0,100,0,0,0,0,0,0,100,0,0,0,1,1,"Ar",1,0,0,0,1,1100,0,1100,NA,"Occurs on mainland",NA,NA,"Afrotropical",1,0,1,0,0,0,1,0,0,0,0,1,0,0,0,0,0,0,1,0,0,1,0,0,0,0,0,0,0,0,0,1,0,0,"Scotonycteris zenkeri","Scotonycteris zenkeri",1,0,NA,NA,50.57499995,1,NA,NA,0,0,1,0,1.231613337,1.722250143,1.893953715,-60.84533098,-5.514234766,-22.44052469,-40.21656996,1.487477348,-7.167871207,11.08661373,4.277140041,-4.066953851,5.424890154,3.187315159,7.21937943,-17.28152751,-6.093617962,-0.742551183,2.333164805,1.792638973
5706,"Chiroptera","Vespertilionidae","Scotophilus andrewreborii",NA,NA,NA,NA,NA,NA,NA,NA,NA,NA,NA,NA,NA,NA,NA,NA,NA,NA,NA,NA,NA,NA,NA,NA,NA,NA,NA,NA,NA,NA,NA,NA,NA,NA,NA,NA,NA,NA,NA,NA,NA,NA,NA,NA,0,0,0,1,NA,NA,NA,NA,NA,NA,NA,"Afrotropical",2,NA,NA,NA,NA,NA,NA,NA,NA,NA,0,1,0,0,0,0,0,0,1,1,0,0,0,0,0,0,0,0,0,0,0,0,0,0,"Scotophilus andrewreborii","Scotophilus andrewreborii",1,1,NA,NA,NA,NA,NA,NA,NA,NA,NA,NA,NA,NA,NA,36.15978701,24.71332926,7.144537432,-6.441584625,-14.98440002,13.27761932,13.92915322,-13.81044083,13.19504214,6.603620731,-5.043283854,8.284499186,1.503726109,0.228829754,9.862852056,1.876508671,-0.40909191
7196,"Chiroptera","Vespertilionidae","Scotophilus borbonicus",19.415,0.59,97.139,46.24,6096.746,NA,529.217,0.0868031897671315,NA,662.932,185.3,NA,2,1,358.848,NA,65.112,NA,2242.089,0.108735381136101,NA,NA,NA,1,2,NA,NA,100,0,0,100,0,0,0,0,0,0,0,0,0,1,3,"A",1,0,0,0,1,NA,NA,NA,NA,"Occurs only on isolated islands",NA,NA,"Afrotropical",NA,1,0,0,0,0,0,0,0,1,0,1,0,0,0,0,0,0,1,0,0,0,0,0,0,1,0,0,0,0,0,0,0,0,"Scotophilus borbonicus","Scotophilus trujilloi",0,0,41.27242735,7.499999993,46.23999996,NA,NA,NA,NA,NA,NA,NA,NA,NA,NA,36.23568517,24.65841648,7.628455494,-6.720421439,-15.22352671,13.25118978,13.89236312,-13.66922491,12.89015953,6.18707803,-5.152514323,8.293910541,1.440569157,0.199160974,9.198323125,1.583840345,-0.471298329
5707,"Chiroptera","Vespertilionidae","Scotophilus celebensis",26.77,0.621,94.428,NA,6277.65,NA,451.295,0.0718891623457823,NA,553.559,140.596,NA,1.639,1.009,361.008,NA,55.662,NA,2104.593,0.0881793346236251,NA,NA,NA,1,2,NA,NA,100,0,0,100,0,0,0,0,0,0,0,0,0,1,3,"A",1,0,0,0,1,NA,NA,NA,NA,"Occurs only on isolated islands",NA,NA,"Australasian",NA,1,0,0,0,0,0,0,0,1,0,0,0,1,0,0,0,0,1,0,0,0,0,0,0,0,0,0,0,0,0,0,0,0,"Scotophilus celebensis","Scotophilus celebensis",0,0,NA,NA,NA,NA,NA,NA,NA,NA,NA,NA,NA,NA,NA,36.56045906,24.60989409,9.382452607,-7.747071503,-16.12564055,13.12765564,13.66407944,-12.9433002,11.51222672,4.498054936,-5.34879006,7.94017658,1.115021358,0.101295129,6.453219352,0.901343286,-0.681991429
5709,"Chiroptera","Vespertilionidae","Scotophilus collinus",20.31,1.103,89.204,NA,5119.245,242.64,242.64,0.0473976142966394,NA,352.64,110,NA,1.5,1,358.676,6.5,38.35,NA,1693.99,0.0688851578699593,0.480059084194978,NA,NA,1,2,NA,NA,100,0,0,NA,NA,NA,NA,NA,NA,NA,NA,NA,NA,1,3,"A",1,0,0,0,1,NA,NA,NA,NA,"Occurs on large land bridge islands",NA,NA,"Australasian, Indomalayan",1,1,0,0,0,0,0,0,1,0,0,0,0,1,1,0,0,0,1,0,0,0,0,0,0,0,0,0,0,0,0,0,0,0,"Scotophilus collinus","Scotophilus collinus",1,0,NA,NA,NA,NA,NA,NA,NA,NA,NA,NA,NA,NA,NA,36.11911227,24.7039285,6.950730269,-6.327102924,-14.86939288,13.24411456,13.90685691,-13.85147214,13.33648438,6.878753805,-4.917772876,8.225264055,1.552486591,0.23682328,10.26403343,1.988722968,-0.359378126
5710,"Chiroptera","Vespertilionidae","Scotophilus dinganii",25.12,0.438,104.358,NA,5986.063,NA,542.985,0.0907082000306378,NA,689.889,228.12,NA,1.5,1.015,358.169,NA,79.804,NA,2264.029,0.115249204694304,NA,NA,NA,0,2,NA,NA,100,0,0,100,0,0,0,0,0,0,0,0,0,1,3,"A",1,0,0,0,1,NA,0,NA,0,"Occurs on mainland",1,0,"Afrotropical",1,1,0,0,0,0,1,0,0,0,0,1,0,0,0,0,0,0,1,1,0,1,0,0,0,0,0,0,0,0,0,1,0,0,"Scotophilus dinganii","Scotophilus dinganii",0,1,42.98839901,7.299999998,55.15000003,NA,0,NA,NA,NA,NA,NA,0.195765022,0.614897294,0.874840404,35.99712062,24.67089623,6.419098769,-6.003113734,-14.5141499,13.22897402,13.92156814,-13.99798282,13.66350994,7.303145857,-4.85612528,8.301636131,1.622353774,0.2506468,11.0929168,2.160111085,-0.294195016
5711,"Chiroptera","Vespertilionidae","Scotophilus ejetai",NA,NA,NA,NA,NA,NA,NA,NA,NA,NA,NA,NA,NA,NA,NA,NA,NA,NA,NA,NA,NA,NA,NA,NA,NA,NA,NA,NA,NA,NA,NA,NA,NA,NA,NA,NA,NA,NA,NA,NA,NA,NA,NA,NA,0,0,0,1,NA,NA,NA,NA,NA,NA,NA,"Afrotropical",3,NA,NA,NA,NA,NA,NA,NA,NA,NA,0,1,0,0,0,0,0,0,0,1,1,1,0,0,0,0,0,0,0,0,0,0,0,0,"Scotophilus ejetai","Scotophilus ejetai",0,1,NA,NA,NA,NA,NA,NA,NA,NA,NA,NA,NA,NA,NA,36.07686711,24.66682153,6.799568437,-6.230477394,-14.74436106,13.22635169,13.90820246,-13.9097009,13.4599152,7.045128049,-4.893461516,8.262188798,1.587177888,0.239813404,10.60297451,2.032706136,-0.334484599
5712,"Chiroptera","Vespertilionidae","Scotophilus heathii",36.13,0.476,89.596,61.5,5649.181,192.91,192.91,0.0341483128262309,NA,286.42,113.85,NA,1.92,1,350.396,5.49,19.17,20,1691.882,0.050701154733757,0.291746471076668,NA,NA,1,2,NA,NA,100,0,0,100,0,0,0,0,0,0,0,0,0,1,3,"A",1,0,0,0,1,1500,0,1500,0,"Occurs on mainland",1,0,"Indomalayan",4,1,0,0,0,0,1,0,0,0,0,0,0,0,1,0,0,0,1,0,1,1,0,0,0,1,0,0,0,0,0,1,0,0,"Scotophilus heathii","Scotophilus heathii",1,0,46.07707415,8,58.94999994,NA,NA,NA,NA,NA,NA,NA,0.381797367,0.764944815,1.164759396,36.42535395,24.60101689,8.714995407,-7.351447511,-15.76792345,13.17619439,13.75646256,-13.23145162,12.04591745,5.108040284,-5.343652263,8.166451575,1.244207461,0.136486988,7.56038109,1.089229052,-0.615136094
5713,"Chiroptera","Vespertilionidae","Scotophilus kuhlii",20.31,0.342,83.373,51.4,5444.241,242.64,242.64,0.0445681960074875,NA,365,110,NA,1.5,1,359.584,6.5,38.35,NA,1720.971,0.0670433215575872,0.480059084194978,NA,NA,1,2,NA,NA,100,0,0,100,0,0,0,0,0,0,0,0,0,1,3,"A",1,0,0,0,1,1111,0,1111,NA,"Occurs on mainland",NA,NA,"Indomalayan",4,1,0,0,0,0,1,0,0,0,0,0,0,0,1,0,0,0,1,0,1,1,0,0,0,1,0,0,0,0,0,1,0,0,"Scotophilus kuhlii","Scotophilus kuhlii",1,0,44.29978092,6.587603306,49.74999999,NA,NA,NA,NA,NA,NA,NA,0.343812714,1.617405458,1.81383099,36.61813755,24.57888485,9.718010119,-7.939086843,-16.2678354,13.10251042,13.62555845,-12.79674643,11.22298103,4.163100758,-5.351634853,7.820914052,1.039484347,0.069314142,5.722293972,0.638487328,-0.71270612
5714,"Chiroptera","Vespertilionidae","Scotophilus leucogaster",25.12,2.794,120.2,51,6165.581,NA,554.113,0.0898719844893774,NA,702.221,228.12,NA,1.5,1.013,357.838,NA,93.869,NA,2320.425,0.113893727128068,NA,NA,NA,0,2,NA,NA,100,0,0,100,0,0,0,0,0,0,0,0,0,1,3,"A",1,0,0,0,1,NA,0,NA,0,"Occurs on mainland",0,0,"Afrotropical",1,1,0,0,0,0,1,0,0,0,0,1,0,0,0,0,0,0,0,1,0,0,0,0,0,0,0,0,0,0,0,0,0,0,"Scotophilus leucogaster","Scotophilus leucogaster",0,1,NA,NA,50.99999999,4.999999996,NA,NA,0,1,0,0,0.091426489,0.435409382,0.552345926,36.51355536,24.64922586,9.02612302,-7.53710507,-15.92712886,13.18238327,13.73594633,-13.09397472,11.76412462,4.777468997,-5.332007813,8.01340688,1.162275745,0.11663434,6.901592377,0.97646716,-0.65503242
5715,"Chiroptera","Vespertilionidae","Scotophilus livingstonii",NA,NA,NA,NA,NA,NA,NA,NA,NA,NA,NA,NA,NA,NA,NA,NA,NA,NA,NA,NA,NA,NA,NA,NA,NA,NA,NA,NA,NA,NA,NA,NA,NA,NA,NA,NA,NA,NA,NA,NA,NA,NA,NA,NA,0,0,0,1,NA,NA,NA,NA,NA,NA,NA,"Afrotropical",3,NA,NA,NA,NA,NA,NA,NA,NA,NA,0,1,0,0,0,0,0,0,1,1,0,1,0,0,0,0,0,0,0,0,0,0,0,0,"Scotophilus livingstonii","Scotophilus livingstonii",1,1,NA,NA,NA,NA,NA,NA,NA,NA,NA,NA,NA,NA,NA,36.17404091,24.69269347,7.242595782,-6.492258157,-15.00235376,13.29984707,13.95268056,-13.79130765,13.10598024,6.446132827,-5.091888361,8.287709491,1.471936873,0.219913868,9.635080214,1.791081695,-0.437030138
5716,"Chiroptera","Vespertilionidae","Scotophilus marovaza",14.2,0.387,84.428,NA,5528.411,NA,342.11,0.0618821574589878,NA,421.256,111.165,NA,1.636,1.034,362.612,NA,45.955,NA,1833.027,0.0761983868420781,NA,NA,NA,0,2,NA,NA,100,0,0,NA,NA,NA,NA,NA,NA,NA,NA,NA,NA,1,3,"A",1,0,0,0,1,200,0,200,NA,"Occurs only on isolated islands",NA,NA,"Afrotropical",1,1,0,0,0,0,0,0,0,1,0,1,0,0,0,0,0,0,1,0,0,0,0,0,0,0,0,0,0,0,0,0,0,0,"Scotophilus marovaza","Scotophilus marovaza",0,0,NA,NA,NA,NA,NA,NA,NA,NA,NA,NA,NA,NA,NA,36.36197599,24.6002782,8.393910204,-7.16714682,-15.6290954,13.21405646,13.82816851,-13.42514789,12.39084364,5.539632562,-5.284819787,8.253529363,1.332703748,0.152692337,8.162697835,1.196928321,-0.565779966
5717,"Chiroptera","Vespertilionidae","Scotophilus nigrita",25.12,1.046,109.219,79.5,6303.701,NA,542.089,0.0859953541578194,NA,689.355,228.12,NA,1.5,1.01,358.197,NA,77.8,NA,2312.944,0.10935718556448,NA,NA,NA,0,2,NA,NA,100,0,0,100,0,0,0,0,0,0,0,0,0,1,3,"A",1,0,0,0,1,NA,0,NA,NA,"Occurs on mainland",NA,NA,"Afrotropical",2,1,0,0,0,0,1,0,0,0,0,1,0,0,0,0,0,0,1,1,0,0,0,0,0,0,0,0,0,0,0,0,0,0,"Scotophilus nigrita","Scotophilus nigrita",1,1,NA,NA,79.50000006,NA,1,NA,NA,NA,NA,NA,0.139198797,0.692953431,0.879495318,36.3230971,24.65814936,8.068440368,-6.977569644,-15.44441901,13.22765468,13.84619293,-13.51608019,12.59190908,5.808605223,-5.220669952,8.25329342,1.368437687,0.171907064,8.6071323,1.364416489,-0.524449804
5719,"Chiroptera","Vespertilionidae","Scotophilus nucella",25.12,2.794,120.2,NA,6165.581,NA,554.113,0.0898719844893774,NA,702.221,228.12,NA,1.5,1.013,357.838,NA,93.869,NA,2320.425,0.113893727128068,NA,NA,NA,0,2,NA,NA,100,0,0,NA,NA,NA,NA,NA,NA,NA,NA,NA,NA,1,3,"A",1,0,0,0,1,NA,NA,NA,NA,"Occurs on mainland",NA,NA,"Afrotropical",NA,1,0,0,0,0,1,0,0,0,0,1,0,0,0,0,0,0,1,0,0,0,0,0,0,0,0,0,0,0,0,0,0,0,"Scotophilus nucella","Scotophilus nucella",0,0,NA,NA,NA,NA,NA,NA,NA,NA,NA,NA,1.015278568,1.015278568,1.015278568,36.27971854,24.65313859,7.877801164,-6.868816472,-15.37001577,13.23184303,13.86106426,-13.58999586,12.74632054,6.013232747,-5.182918377,8.277435133,1.410546881,0.183984713,8.856638241,1.433299367,-0.496154586
5720,"Chiroptera","Vespertilionidae","Scotophilus nux",26.23,1.888,120.504,NA,6063.845,NA,554.997,0.0915255914357969,NA,701.975,228.12,NA,1.5,1.016,357.564,NA,92.929,NA,2310.112,0.115764007820121,NA,NA,NA,0,2,NA,NA,100,0,0,100,0,0,0,0,0,0,0,0,0,1,3,"A",1,0,0,0,1,NA,0,NA,0,"Occurs on mainland",1,0,"Afrotropical",1,1,0,0,0,0,1,0,0,0,0,1,0,0,0,0,0,0,1,0,0,0,0,0,0,0,0,0,0,0,0,0,0,0,"Scotophilus nux","Scotophilus nux",1,0,NA,NA,NA,NA,NA,NA,NA,NA,NA,NA,0.927290259,1.346351961,1.531711066,36.59566579,24.6414941,9.500727411,-7.822428376,-16.21664477,13.12865691,13.64723128,-12.87721689,11.39450155,4.366743342,-5.340792087,7.873117176,1.083323009,0.096799541,6.164041898,0.866322663,-0.692950487
5721,"Chiroptera","Vespertilionidae","Scotophilus robustus",60.1,1.635,161.25,62.5,5998.835,NA,459.144,0.0765388612955682,NA,554.192,168.406,NA,1.613,1.014,357.457,NA,74.802,NA,2156.129,0.0923832710851357,NA,NA,NA,1,2,NA,NA,100,0,0,100,0,0,0,0,0,0,0,0,0,1,3,"A",1,0,0,0,1,1400,10,1390,1,"Occurs only on isolated islands",1,0,"Afrotropical",2,1,0,0,0,0,0,0,0,1,0,1,0,0,0,0,0,0,1,0,0,1,0,0,0,0,0,0,0,0,0,1,0,0,"Scotophilus robustus","Scotophilus robustus",1,0,NA,NA,62.49999995,NA,NA,NA,NA,NA,NA,NA,1.652294005,1.652294005,1.652294005,36.3559055,24.61266167,8.331073484,-7.132743041,-15.59967259,13.19936789,13.81799417,-13.44640924,12.45849338,5.670478501,-5.22457353,8.223347044,1.355691189,0.157064566,8.319651642,1.258617791,-0.549735252
5722,"Chiroptera","Vespertilionidae","Scotophilus tandrefana",14.2,0.431,86.985,NA,5456.391,NA,349.689,0.0640879658367591,NA,432.875,115.882,NA,1.639,1.036,361.513,NA,49.298,NA,1872.96,0.0793335741518524,NA,NA,NA,0,2,NA,NA,100,0,0,NA,NA,NA,NA,NA,NA,NA,NA,NA,NA,1,3,"A",1,0,0,0,1,100,5,95,NA,"Occurs only on isolated islands",NA,NA,"Afrotropical",1,1,0,0,0,0,0,0,0,1,0,1,0,0,0,0,0,0,1,0,0,0,0,0,0,0,0,0,0,0,0,0,0,0,"Scotophilus tandrefana","Scotophilus tandrefana",0,0,NA,NA,NA,NA,NA,NA,NA,NA,NA,NA,NA,NA,NA,36.41839145,24.61467912,8.624497985,-7.300045431,-15.72006927,13.19315214,13.78830849,-13.30273868,12.16768445,5.29334268,-5.275625506,8.14664648,1.275239176,0.137862648,7.759254427,1.123769706,-0.598550862
5723,"Chiroptera","Vespertilionidae","Scotophilus trujilloi",NA,NA,NA,NA,NA,NA,NA,NA,NA,NA,NA,NA,NA,NA,NA,NA,NA,NA,NA,NA,NA,NA,NA,NA,NA,NA,NA,NA,NA,NA,NA,NA,NA,NA,NA,NA,NA,NA,NA,NA,NA,NA,NA,NA,0,0,0,1,NA,NA,NA,NA,NA,NA,NA,"Afrotropical",1,NA,NA,NA,NA,NA,NA,NA,NA,NA,0,1,0,0,0,0,0,0,1,0,0,0,0,0,0,0,0,0,0,0,0,0,0,0,"Scotophilus trujilloi","Scotophilus trujilloi",1,0,NA,NA,NA,NA,NA,NA,NA,NA,NA,NA,NA,NA,NA,36.1554783,24.73239155,7.073452445,-6.403653975,-14.95549113,13.260692,13.91399878,-13.82172896,13.25463954,6.749301583,-4.95310581,8.218919556,1.525580403,0.232213145,9.997143876,1.934382788,-0.385058767
5724,"Chiroptera","Vespertilionidae","Scotophilus viridis",19.415,0.593,97.283,NA,6099.418,NA,529.331,0.0867838538037564,NA,662.808,185.3,NA,2,1,358.85,NA,65.129,NA,2241.684,0.108667417120781,NA,NA,NA,1,2,NA,NA,100,0,0,100,0,0,0,0,0,0,0,0,0,1,3,"A",1,0,0,0,1,NA,0,NA,0,"Occurs on mainland",0,0,"Afrotropical",1,1,0,0,0,0,1,0,0,0,0,1,0,0,0,0,0,0,1,1,0,1,0,0,0,0,0,0,0,0,0,1,0,0,"Scotophilus viridis","Scotophilus viridis",0,1,53.63772991,5.9,46,NA,NA,NA,0,1,0,0,0.385486212,0.679985836,1.12282783,36.49861865,24.65009273,8.960065389,-7.49977273,-15.8939657,13.14908612,13.70680446,-13.11098287,11.84343591,4.908041862,-5.308651679,8.038618847,1.19304122,0.124717942,7.171623028,1.06761559,-0.641194072
5591,"Chiroptera","Vespertilionidae","Scotorepens balstoni",11.7,0.384,78.151,35.49,3540.5,NA,324.457,0.0916415760485807,NA,412.866,211.455,NA,1.5,1.06,354.545,2.4,29,5.6,1598.895,0.116612342889422,0.326153846153846,NA,NA,1,2,NA,NA,100,0,0,100,0,0,0,0,0,0,0,0,0,1,3,"A",1,0,0,0,1,NA,NA,NA,0,"Occurs on mainland",0,0,"Australasian",3,1,0,0,0,0,1,0,0,0,0,0,0,1,0,0,0,0,1,1,1,1,0,0,0,1,0,0,0,0,0,1,0,0,"Scotorepens balstoni","Scotorepens balstoni",0,0,NA,NA,NA,NA,NA,NA,NA,NA,NA,NA,0.022046804,0.329598267,0.484442546,36.66674869,24.4515772,10.35851932,-8.301667584,-16.56916024,12.9778426,13.44181211,-12.3906809,10.52352157,3.234665721,-5.534280004,7.703197061,0.853921008,0.023677309,3.994853736,0.106018851,-0.7841903
5592,"Chiroptera","Vespertilionidae","Scotorepens greyii",10,0.217,62.435,30,5349.252,NA,384.2,0.0718231259248957,NA,441.79,110.455,NA,1.471,1.009,363.333,NA,45.034,NA,1958.195,0.0825891171326383,NA,NA,NA,1,2,NA,NA,100,0,0,100,0,0,0,0,0,0,0,0,0,1,3,"A",1,0,0,0,1,NA,NA,NA,0,"Occurs on mainland",0,0,"Australasian",5,1,0,0,0,0,1,0,0,0,0,0,0,1,0,0,0,0,1,1,1,1,0,0,0,1,0,0,0,0,0,1,0,0,"Scotorepens greyii","Scotorepens greyii",0,0,39.75325993,6.16,30,NA,NA,NA,NA,NA,NA,NA,0.02161183,0.358040715,0.510919135,36.6915585,24.37638719,10.62122727,-8.445380545,-16.63750185,12.89671908,13.34702024,-12.19394863,10.1902697,2.844336342,-5.571444483,7.615344864,0.772512379,-0.007236071,3.28101094,-0.130260309,-0.814795117
5593,"Chiroptera","Vespertilionidae","Scotorepens orion",11.765,0.402,79.378,NA,3540.5,NA,328.457,0.0927713599774043,NA,421.836,210,NA,1.5,1.068,353.368,2.4,29,5.6,1655.884,0.119145883349809,0.32679983000425,NA,NA,1,2,NA,NA,100,0,0,NA,NA,NA,NA,NA,NA,NA,NA,NA,NA,1,3,"A",1,0,0,0,1,NA,0,NA,0,"Occurs on mainland",0,0,"Australasian",1,1,0,0,0,0,1,0,0,0,0,0,0,1,0,0,0,0,1,0,0,1,0,0,0,0,0,0,0,0,0,1,0,0,"Scotorepens orion","Scotorepens orion",1,0,46.96571862,6.216,NA,NA,NA,NA,NA,NA,NA,NA,0.201970121,0.826520152,1.040894282,36.66698741,24.47497516,10.28757544,-8.263321184,-16.53391085,12.97592563,13.45185194,-12.44896495,10.64074092,3.408941975,-5.492821375,7.719909285,0.890032271,0.030547716,4.301458176,0.205743459,-0.771297119
5594,"Chiroptera","Vespertilionidae","Scotorepens sanborni",9.915,0.158,64.31,32.99,3540.5,NA,313.291,0.0884877842112696,NA,405.944,210,NA,1.5,1.055,354.953,2.4,29,5.6,1592.139,0.114657251800593,0.383055975794251,NA,NA,1,2,NA,NA,100,0,0,100,0,0,0,0,0,0,0,0,0,1,3,"A",1,0,0,0,1,2200,0,2200,0,"Occurs on mainland",1,0,"Australasian",3,1,0,0,0,0,1,0,0,0,0,0,0,1,0,0,0,0,1,1,0,1,0,0,0,0,0,0,0,0,0,1,0,0,"Scotorepens sanborni","Scotorepens sanborni",1,0,NA,NA,NA,NA,NA,NA,NA,NA,NA,NA,0.282997693,0.733421809,1.073870885,36.67921503,24.40435327,10.53329473,-8.403769297,-16.64827813,12.90281124,13.36051639,-12.26648112,10.33354202,3.015051845,-5.568475182,7.67687326,0.814311671,0.007258493,3.569071458,-0.009877224,-0.804680654
5673,"Chiroptera","Vespertilionidae","Scotozous dormeri",6.79,0.143,52.606,34.5,5124.605,NA,356.389,0.0695446771019425,NA,412.564,74.008,NA,1.08,1.015,364.23,1.7,42.555,NA,1923.223,0.0805064975739594,0.274453608247423,NA,NA,1,2,NA,NA,100,0,0,100,0,0,0,0,0,0,0,0,0,1,3,"A",1,0,0,0,1,2000,0,2000,NA,"Occurs on mainland",NA,NA,"Indomalayan",4,1,0,0,0,0,1,0,0,0,0,0,0,0,1,0,0,0,1,0,1,1,0,0,0,1,0,0,0,0,0,1,0,0,"Scotozous dormeri","Scotozous dormeri",0,0,45.88561161,6.9,34.5,NA,NA,NA,NA,NA,NA,NA,0.257108393,0.257108393,0.257108393,37.6803949,18.4307083,22.31270098,-14.21662803,-18.71231866,6.691249808,3.866906356,3.186603257,-7.208672289,-7.095148084,1.146349624,-3.977363902,-1.060440617,0.344054319,-6.203381217,0.483952866,0.766401383
4396,"Chiroptera","Pteropodidae","Sphaerias blanfordi",28.88,0.832,80,53.76,4531.94,NA,430.275,0.094942783885047,NA,543.856,128.759,NA,1.045,1.783,256.453,NA,67.814,NA,1791.769,0.120005119220466,NA,NA,NA,0,2,NA,NA,0,0,100,NA,NA,NA,NA,NA,NA,NA,NA,NA,NA,1,1,"Ar",1,0,0,0,1,2710,308,2402,0,"Occurs on mainland",0,0,"Indomalayan",1,0,1,0,0,0,1,0,0,0,0,0,0,0,1,0,0,0,1,0,0,0,0,0,0,0,0,0,0,0,0,0,0,0,"Sphaerias blanfordi","Sphaerias blanfordi",1,0,39.46474954,5.64,53.75999999,NA,NA,NA,NA,NA,NA,NA,1.064189237,1.29084107,1.307312637,-73.79464619,7.026859243,-0.322912187,-9.184674139,3.808952134,13.44994461,-14.45415814,-2.84117881,4.099939971,-5.438400472,4.909159391,1.156092584,9.787994467,-18.21924067,-0.730564692,1.976860914,4.095795509
5078,"Chiroptera","Phyllostomidae","Sphaeronycteris toxophyllum",16.53,0.537,63,38.49,6017.291,NA,355.085,0.0590107741174558,NA,483.996,115.213,NA,1.002,1.893,241.508,NA,49.616,NA,2051.6,0.0804342020354342,NA,NA,NA,0,2,NA,NA,0,0,100,NA,NA,NA,NA,NA,NA,NA,NA,NA,NA,1,1,"Ar",1,0,0,0,1,2600,0,2600,0,"Occurs on mainland",1,0,"Neotropical",1,0,1,0,0,0,1,0,0,0,0,0,0,0,0,0,1,0,1,0,0,0,0,0,0,0,0,0,0,0,0,0,0,0,"Sphaeronycteris toxophyllum","Sphaeronycteris toxophyllum",1,0,NA,NA,41.00000003,NA,NA,NA,0,0,0,1,0.541748155,1.473153118,2.169367583,21.53744858,-50.22718498,-11.1409224,12.06661121,-10.80741831,12.37000808,-4.579347713,15.98994345,-1.049793093,10.96391531,-2.08119195,7.969803605,6.377729093,5.047004637,-4.297757497,5.672337313,4.643912801
5079,"Chiroptera","Phyllostomidae","Stenoderma rufum",21.1,0.642,61.87,49.37,5842.66,NA,416.664,0.0713140932383538,NA,538.064,116.847,NA,0.995,1.762,247.171,7,53.898,NA,2126.518,0.0920923004248065,0.58162701421801,NA,NA,0,2,NA,NA,0,0,100,0,0,0,0,0,0,100,0,0,0,1,1,"Ar",1,0,0,0,1,NA,NA,NA,1,"Occurs only on isolated islands",0,0,"Neotropical",1,0,1,0,0,0,0,0,0,1,0,0,0,0,0,0,1,0,1,0,0,0,0,0,0,0,0,0,0,0,0,0,0,0,"Stenoderma rufum","Stenoderma rufum",0,0,64.66010919,5.900000005,49.36999998,NA,NA,NA,0,0,1,0,0.78218486,1.700022075,1.99156175,21.49746903,-50.18830571,-11.26400721,12.1104925,-10.96301613,12.32175543,-4.661572637,15.96171548,-0.891546563,11.05524135,-2.183842851,8.083282583,6.386200485,5.055340946,-4.385885128,5.976011468,4.505426168
5096,"Chiroptera","Phyllostomidae","Sturnira angeli",15.46,NA,NA,47,NA,NA,NA,NA,NA,NA,NA,NA,NA,NA,NA,NA,NA,NA,NA,NA,NA,NA,NA,NA,2,NA,NA,NA,NA,NA,0,0,0,0,0,0,100,0,0,0,1,1,"Ar",1,NA,NA,NA,NA,NA,NA,NA,1,NA,0,0,NA,1,0,1,0,0,0,NA,NA,NA,NA,0,0,0,0,0,0,0,0,1,0,0,0,0,0,0,0,0,0,0,0,0,0,0,0,"Sturnira angeli","Sturnira angeli",1,0,NA,NA,NA,NA,NA,NA,NA,NA,NA,NA,0.871545674,1.022007854,1.075198628,20.703778,-50.33982409,-14.58666725,12.85754838,-16.43987162,8.276677554,-7.600985685,12.15449795,3.617816342,9.093282971,-4.129768812,7.190052279,2.043841375,1.163090588,-4.85956666,7.192210236,-2.235906054
5097,"Chiroptera","Phyllostomidae","Sturnira aratathomasi",49.67,1.227,89.27,58.59,5564.76,NA,487.251,0.0875601104090742,NA,607.018,129.348,NA,0.99,1.588,249.03,13.6,80.431,NA,2151.947,0.109082512093963,0.430457660559694,NA,NA,0,2,NA,NA,0,0,100,0,0,0,0,0,0,100,0,0,0,1,1,"Ar",1,0,0,0,1,3165,1650,1515,0,"Occurs on mainland",0,0,"Neotropical",1,0,1,0,0,0,1,0,0,0,0,0,0,0,0,0,1,0,1,0,0,0,0,0,0,0,0,0,0,0,0,0,0,0,"Sturnira aratathomasi","Sturnira aratathomasi",1,0,NA,NA,58.90000003,NA,NA,NA,NA,NA,NA,NA,1.363193562,1.923851795,2.035983441,20.38770409,-50.24852982,-15.93887387,12.83053347,-18.78796759,4.601863694,-8.592525089,7.273976945,5.918163615,5.178395142,-4.046809402,3.650363242,-1.920619152,-2.229835681,-3.093603596,4.063810843,-5.991995604
5098,"Chiroptera","Phyllostomidae","Sturnira bakeri",NA,NA,NA,NA,NA,NA,NA,NA,NA,NA,NA,NA,NA,NA,NA,NA,NA,NA,NA,NA,NA,NA,NA,NA,NA,NA,NA,NA,NA,NA,NA,NA,NA,NA,NA,NA,NA,NA,NA,NA,NA,NA,NA,NA,0,0,0,1,2000,43,1957,NA,NA,NA,NA,"Neotropical",1,NA,NA,NA,NA,NA,NA,NA,NA,NA,0,0,0,0,0,0,1,0,1,0,0,0,0,0,0,0,0,0,0,0,0,0,0,0,"Sturnira bakeri","Sturnira bakeri",1,0,NA,NA,NA,NA,NA,NA,NA,NA,NA,NA,0.719542877,1.012959591,0.797215663,20.72529439,-50.35777432,-14.46475528,12.8478635,-16.14811499,8.663896754,-7.424207869,12.61248043,3.34573001,9.440711041,-4.094215119,7.510435131,2.331989236,1.418739366,-4.95058058,7.383870457,-1.82217468
5099,"Chiroptera","Phyllostomidae","Sturnira bidens",18.05,0.696,101,41.49,6180.561,NA,295.205,0.0477634635431962,NA,414.35,118.136,NA,1,2,231.497,1.29,69.17,NA,1907.731,0.067040839820204,0.142936288088643,NA,NA,0,2,NA,NA,0,0,100,0,0,0,0,0,0,100,0,0,0,1,1,"Ar",1,0,0,0,1,3000,1700,1300,0,"Occurs on mainland",1,0,"Neotropical",1,0,1,0,0,0,1,0,0,0,0,0,0,0,0,0,1,0,1,0,0,0,0,0,0,0,0,0,0,0,0,0,0,0,"Sturnira bidens","Sturnira bidens",1,0,NA,NA,42.10000002,NA,NA,NA,1,0,0,0,1.049553562,1.868776659,2.204769347,20.3773246,-50.27001046,-16.02433989,12.83680608,-18.93310848,4.316357513,-8.649241745,6.810079073,6.107684807,4.754567417,-4.000598962,3.239614432,-2.320866185,-2.582863255,-2.867120275,3.745196002,-6.3058319
5100,"Chiroptera","Phyllostomidae","Sturnira bogotensis",21,0.653,70,NA,5574.899,NA,425.752,0.0763694553031364,NA,543.805,119.642,NA,0.99,1.5,248.985,1.54,73.325,NA,2119.848,0.0975452649456071,0.1089,NA,NA,0,2,NA,NA,0,0,100,0,0,0,0,0,0,100,0,0,0,1,1,"Ar",1,0,0,0,1,3100,1200,1900,0,"Occurs on mainland",1,0,"Neotropical",1,0,1,0,0,0,1,0,0,0,0,0,0,0,0,0,1,0,1,0,0,0,0,0,0,0,0,0,0,0,0,0,0,0,"Sturnira bogotensis","Sturnira bogotensis",1,0,NA,NA,NA,NA,NA,NA,NA,NA,NA,NA,0.420401773,1.604172066,1.76296232,20.48186779,-50.20556962,-15.54317739,12.92007055,-18.12304374,5.87800087,-8.304402115,8.851956894,5.277401121,6.559282696,-4.139710201,4.88142352,-0.364457624,-1.021851683,-3.68877276,5.081916182,-4.879065042
5101,"Chiroptera","Phyllostomidae","Sturnira burtonlimi",NA,NA,NA,NA,NA,NA,NA,NA,NA,NA,NA,NA,NA,NA,NA,NA,NA,NA,NA,NA,NA,NA,NA,NA,NA,NA,NA,NA,NA,NA,NA,NA,NA,NA,NA,NA,NA,NA,NA,NA,NA,NA,NA,NA,0,0,0,1,1500,1290,210,NA,NA,NA,NA,"Neotropical",1,NA,NA,NA,NA,NA,NA,NA,NA,NA,0,0,0,0,0,0,1,0,1,0,0,0,0,0,0,0,0,0,0,0,0,0,0,0,"Sturnira burtonlimi","Sturnira burtonlimi",1,0,NA,NA,NA,NA,NA,NA,NA,NA,NA,NA,NA,NA,NA,20.53109546,-50.23914777,-15.33566068,12.95119404,-17.70403017,6.669414423,-8.103242489,9.89748589,4.854651217,7.470883167,-4.201290962,5.753264614,0.463263795,-0.295266461,-4.139700116,5.887220708,-4.017144557
5102,"Chiroptera","Phyllostomidae","Sturnira erythromos",15.53,0.62,72.947,41.74,5339.641,NA,479.148,0.0897341225749072,NA,599.098,120.517,NA,0.995,1,340.519,0.99,73.085,NA,2117.999,0.112198179615446,0.0634288473921442,NA,NA,0,2,NA,NA,0,0,100,0,0,0,0,0,0,100,0,0,0,1,1,"Ar",1,0,0,0,1,1300,NA,NA,0,"Occurs on mainland",1,0,"Neotropical",1,0,1,0,0,0,1,0,0,0,0,0,0,0,0,0,1,0,1,0,0,0,0,0,0,0,0,0,0,0,0,0,0,0,"Sturnira erythromos","Sturnira erythromos",1,0,NA,NA,41.10000001,NA,NA,NA,0,1,0,0,0.300729023,1.459574045,1.831409913,20.65263502,-50.32156082,-14.82156649,12.90492272,-16.82190479,7.856488345,-7.751433057,11.53695514,3.98778256,8.65269125,-4.167696998,6.794501342,1.599942134,0.749306948,-4.649228215,6.826890551,-2.775763947
5104,"Chiroptera","Phyllostomidae","Sturnira hondurensis",21,0.676,70,43.5,6313.409,NA,299.491,0.0474372878424319,NA,416.935,117.14,NA,0.99,2,231.391,1.54,71.933,NA,1915.882,0.066039599208605,0.1452,NA,NA,0,2,NA,NA,0,0,100,0,0,0,0,0,0,100,0,0,0,1,1,"Ar",1,0,0,0,1,2000,600,1400,NA,NA,NA,NA,"Neotropical",1,0,1,0,0,0,NA,NA,NA,NA,0,0,0,0,0,0,1,0,1,0,0,0,0,0,0,0,0,0,0,0,0,0,0,0,"Sturnira hondurensis","Sturnira hondurensis",1,0,NA,NA,NA,NA,NA,NA,NA,NA,NA,NA,0.209680563,1.445358239,2.096825553,20.60220713,-50.29424907,-15.03921239,12.96184779,-17.16944315,7.525744215,-7.894799962,11.0527723,4.309769814,8.330949419,-4.217220403,6.51008877,1.305028454,0.478893787,-4.510192305,6.53761476,-3.10612633
5105,"Chiroptera","Phyllostomidae","Sturnira koopmanhilli",NA,116.553,1017.158,NA,9041.394,NA,761.49,0.0842226320410326,NA,932.023,180.562,NA,1.087,1.06,394.345,NA,191.539,NA,3190.041,0.10308399346384,NA,NA,NA,0,2,NA,NA,0,0,100,NA,NA,NA,NA,NA,NA,NA,NA,NA,NA,1,1,"Ar",1,0,0,0,1,2000,300,1700,NA,"Occurs on mainland",NA,NA,"Neotropical",1,0,1,0,0,0,1,0,0,0,0,0,0,0,0,0,1,0,1,0,0,0,0,0,0,0,0,0,0,0,0,0,0,0,"Sturnira koopmanhilli","Sturnira koopmanhilli",1,0,NA,NA,NA,NA,NA,NA,NA,NA,NA,NA,NA,NA,NA,20.45019128,-50.23539531,-15.67544882,12.89275499,-18.32754927,5.510081541,-8.397306563,8.437032711,5.454880319,6.191731717,-4.128907939,4.56787984,-0.827826774,-1.370984063,-3.558565794,4.835257976,-5.223769353
5106,"Chiroptera","Phyllostomidae","Sturnira lilium",20,0.52,65.96,40.5,7300,289.18,289.18,0.039613698630137,289.18,404.045,114.865,NA,1,2,233.937,5.225,87.5,NA,1905.642,0.0553486301369863,0.5225,NA,NA,0,2,NA,NA,0,0,100,0,0,0,0,0,0,100,0,0,0,1,1,"Ar",1,0,0,0,1,1600,NA,NA,0,"Occurs on mainland",1,0,"Neotropical",1,0,1,0,0,0,1,0,0,0,0,0,0,0,0,0,1,0,1,0,0,0,0,0,0,0,0,0,0,0,0,0,0,0,"Sturnira lilium","Sturnira lilium",1,0,49.46857623,6.500000005,39.92500002,NA,0,NA,0,0,0,1,0.149646178,1.313354198,1.67077458,20.75878425,-50.33671476,-14.24816149,12.78897208,-15.74863076,9.029567864,-7.20806666,13.08327394,2.971290676,9.77264518,-4.020252451,7.824159404,2.734663549,1.786753483,-5.062653047,7.613917395,-1.308731116
5107,"Chiroptera","Phyllostomidae","Sturnira ludovici",21,0.676,70,43.5,6292.068,NA,306.066,0.0486431488025876,NA,423.038,117.479,NA,0.99,2,232.939,1.54,73.228,NA,1931.479,0.0672335391162333,0.1452,NA,NA,0,2,NA,NA,0,0,100,0,0,0,0,0,0,100,0,0,0,1,1,"Ar",1,0,0,0,1,2880,550,2330,0,"Occurs on mainland",1,0,"Neotropical",1,0,1,0,0,0,1,0,0,0,0,0,0,0,0,0,1,0,1,0,0,0,0,0,0,0,0,0,0,0,0,0,0,0,"Sturnira ludovici","Sturnira ludovici",1,0,49.87784439,6.600000007,47.14999999,NA,NA,NA,NA,NA,NA,NA,0.355482211,1.668094157,2.195473589,20.56972638,-50.2724753,-15.17616378,12.99149579,-17.3834575,7.241618723,-7.9788533,10.59852924,4.55717761,7.988799296,-4.235225584,6.19556239,1.00122167,0.198032501,-4.333318937,6.247991594,-3.486332728
5108,"Chiroptera","Phyllostomidae","Sturnira luisi",11.99,0.582,74,43,5508.243,NA,458.975,0.0833251183725918,NA,575.809,119.232,NA,0.99,1.588,249.475,NA,73.242,NA,2141.067,0.104535874688172,NA,NA,NA,0,2,NA,NA,0,0,100,0,0,0,0,0,0,100,0,0,0,1,1,"Ar",1,0,0,0,1,1930,40,1890,0,"Occurs on mainland",1,0,"Neotropical",1,0,1,0,0,0,1,0,0,0,0,0,0,0,0,0,1,0,1,0,0,0,0,0,0,0,0,0,0,0,0,0,0,0,"Sturnira luisi","Sturnira luisi",1,0,NA,NA,43.00000004,NA,NA,NA,NA,NA,NA,NA,0.278874979,1.355936663,2.314735607,20.72001096,-50.35695048,-14.49973734,12.84766951,-16.22870308,8.508939801,-7.475981758,12.40881956,3.443130914,9.273840504,-4.099640289,7.356559538,2.207187689,1.311606943,-4.897500518,7.328711235,-2.009426012
5109,"Chiroptera","Phyllostomidae","Sturnira magna",43.1,1.113,83.883,57.5,5547.161,NA,486.05,0.087621397684329,NA,608.36,127.018,NA,0.98,1.549,257.54,NA,77.346,NA,2155.754,0.109670514340579,NA,NA,NA,0,2,NA,NA,0,0,100,0,0,0,0,0,0,100,0,0,0,1,1,"Ar",1,0,0,0,1,NA,NA,NA,0,"Occurs on mainland",1,0,"Neotropical",1,0,1,0,0,0,1,0,0,0,0,0,0,0,0,0,1,0,1,0,0,0,0,0,0,0,0,0,0,0,0,0,0,0,"Sturnira magna","Sturnira magna",1,0,NA,5.759999994,57.39999995,NA,NA,NA,NA,NA,NA,NA,1.240092005,2.572265774,3.020264166,20.50520171,-50.21443871,-15.47852046,12.95003973,-18.03378839,6.105001349,-8.27514557,9.123574221,5.194762919,6.806296568,-4.162097513,5.107071203,-0.086707396,-0.817551595,-3.803655808,5.281819627,-4.640192249
5110,"Chiroptera","Phyllostomidae","Sturnira mistratensis",20.1,0.7,73.002,NA,5579.495,NA,458.144,0.0821120907895786,NA,577.382,119.853,NA,0.991,1.636,245.893,NA,74.544,NA,2146.064,0.103482842085171,NA,NA,NA,0,2,NA,NA,0,0,100,NA,NA,NA,NA,NA,NA,NA,NA,NA,NA,1,1,"Ar",1,0,0,0,1,980,NA,NA,NA,"Occurs on mainland",NA,NA,"Neotropical",1,0,1,0,0,0,1,0,0,0,0,0,0,0,0,0,1,0,1,0,0,0,0,0,0,0,0,0,0,0,0,0,0,0,"Sturnira mistratensis","Sturnira mistratensis",1,0,NA,NA,NA,NA,NA,NA,NA,NA,NA,NA,1.583478005,1.583478005,1.583478005,20.54835884,-50.2692445,-15.27737656,12.9865976,-17.55966841,6.966631585,-8.04512163,10.24052468,4.726987896,7.726817087,-4.225332005,5.97028761,0.716230629,-0.059405316,-4.225033207,6.063113717,-3.754261743
5111,"Chiroptera","Phyllostomidae","Sturnira mordax",11.79,0.569,75,46.5,5518.851,NA,457.169,0.0828377138647157,NA,574.969,118.841,NA,0.99,1.615,249.704,NA,73.311,NA,2141.284,0.104182736587743,NA,NA,NA,0,2,NA,NA,0,0,100,0,0,0,0,0,0,100,0,0,0,1,1,"Ar",1,0,0,0,1,NA,NA,NA,0,"Occurs on mainland",0,0,"Neotropical",1,0,1,0,0,0,1,0,0,0,0,0,0,0,0,0,1,0,1,0,0,0,0,0,0,0,0,0,0,0,0,0,0,0,"Sturnira mordax","Sturnira mordax",1,0,NA,NA,46.44999996,NA,NA,NA,NA,NA,NA,NA,1.865740361,2.733983856,3.014386244,20.44293118,-50.22061804,-15.7104079,12.89092177,-18.41922564,5.324978205,-8.452888751,8.163515066,5.574093283,5.935707055,-4.103908334,4.310958766,-1.062766735,-1.58700844,-3.413360701,4.570691183,-5.423159356
5112,"Chiroptera","Phyllostomidae","Sturnira nana",6.64,0.464,54,34.99,5576.388,NA,448.534,0.0804345034814651,NA,571.4,121.161,NA,0.98,1.661,253.786,NA,67.016,NA,2178.081,0.102467762286268,NA,NA,NA,0,2,NA,NA,0,0,100,0,0,0,0,0,0,100,0,0,0,1,1,"Ar",1,0,0,0,1,1670,1430,240,0,"Occurs on mainland",0,0,"Neotropical",1,0,1,0,0,0,1,0,0,0,0,0,0,0,0,0,1,0,1,0,0,0,0,0,0,0,0,0,0,0,0,0,0,0,"Sturnira nana","Sturnira nana",1,0,NA,NA,34.98999996,NA,NA,NA,NA,NA,NA,NA,1.028736652,1.028736652,1.028736652,20.79645526,-50.31644278,-14.11053123,12.80739646,-15.52171019,9.331811247,-7.115723545,13.37470309,2.819521646,9.986326876,-3.978927832,7.941045938,3.031448053,1.996528592,-5.100255636,7.682586341,-1.043451387
5113,"Chiroptera","Phyllostomidae","Sturnira oporaphilum",21.495,0.726,70,45.99,6178.03,NA,326.966,0.0529239903334882,NA,453.532,117.993,NA,0.99,2,237.477,1.54,72.517,NA,1997.922,0.0734104560838973,0.141856245638521,NA,NA,0,2,NA,NA,0,0,100,NA,NA,NA,NA,NA,NA,NA,NA,NA,NA,1,1,"Ar",1,0,0,0,1,2575,500,2075,0,"Occurs on mainland",1,0,"Neotropical",1,0,1,0,0,0,1,0,0,0,0,0,0,0,0,0,1,0,1,0,0,0,0,0,0,0,0,0,0,0,0,0,0,0,"Sturnira oporaphilum","Sturnira oporaphilum",1,0,NA,NA,45.99000005,NA,NA,NA,NA,NA,NA,NA,0.704536601,1.145637146,1.530234936,20.58896564,-50.30200124,-15.11213707,12.98072604,-17.26777107,7.371939573,-7.927159078,10.78799487,4.433947582,8.122399097,-4.216418373,6.314704287,1.141700788,0.331346446,-4.389052176,6.38737529,-3.312941477
5114,"Chiroptera","Phyllostomidae","Sturnira parvidens",20,0.52,65.96,40.5,7300,289.18,289.18,0.039613698630137,289.18,404.045,114.865,NA,1,2,233.694,5.225,87.5,NA,1902.617,0.0553486301369863,0.5225,NA,NA,0,2,NA,NA,0,0,100,0,0,0,0,0,0,100,0,0,0,1,1,"Ar",1,0,0,0,1,1600,NA,NA,NA,NA,NA,NA,NA,2,0,1,0,0,0,NA,NA,NA,NA,0,0,0,0,0,0,0,0,1,0,0,1,0,0,0,0,0,0,0,0,0,1,0,0,"Sturnira parvidens","Sturnira parvidens",1,0,NA,NA,NA,NA,NA,NA,NA,NA,NA,NA,0.028807044,1.028844193,1.488567532,20.75195625,-50.35976673,-14.33528868,12.80563647,-15.94907425,8.831898676,-7.333182261,12.86966518,3.143426361,9.610025334,-4.05159629,7.664177604,2.526751675,1.600704544,-5.0264216,7.518802362,-1.572429103
5115,"Chiroptera","Phyllostomidae","Sturnira paulsoni",20,0.52,65.96,40.5,7300,289.18,289.18,0.039613698630137,289.18,404.045,114.865,NA,1,2,233.937,5.225,87.5,NA,1905.642,0.0553486301369863,0.5225,NA,NA,0,2,NA,NA,0,0,100,0,0,0,0,0,0,100,0,0,0,1,1,"Ar",1,0,0,0,1,1600,NA,NA,NA,NA,NA,NA,NA,1,0,1,0,0,0,NA,NA,NA,NA,0,0,0,0,0,0,0,0,1,0,0,0,0,0,0,0,0,0,0,0,0,0,0,0,"Sturnira paulsoni","Sturnira paulsoni",1,0,NA,NA,NA,NA,NA,NA,NA,NA,NA,NA,NA,NA,NA,20.6952069,-50.35295535,-14.65690631,12.85573933,-16.58455521,8.058825868,-7.668179532,11.88632122,3.741031415,8.887855762,-4.123743458,7.00392264,1.859665309,0.996546084,-4.77788319,7.05596714,-2.454088303
5116,"Chiroptera","Phyllostomidae","Sturnira perla",NA,136.796,1099.435,NA,9309.931,NA,807.615,0.0867476891074703,NA,962.749,186.314,NA,1.087,1.052,400.766,NA,199.96,NA,3270.231,0.103410970500211,NA,NA,NA,0,2,NA,NA,0,0,100,NA,NA,NA,NA,NA,NA,NA,NA,NA,NA,1,1,"Ar",1,0,0,0,1,220,35,185,NA,"Occurs on mainland",NA,NA,"Neotropical",1,0,1,0,0,0,1,0,0,0,0,0,0,0,0,0,1,0,1,0,0,0,0,0,0,0,0,0,0,0,0,0,0,0,"Sturnira perla","Sturnira perla",1,0,NA,NA,NA,NA,NA,NA,NA,NA,NA,NA,1.249705729,1.249705729,1.249705729,20.52786956,-50.24615082,-15.38166261,12.95331775,-17.82639018,6.499158221,-8.176099866,9.684220763,4.967489494,7.283593886,-4.197669985,5.567390866,0.281516412,-0.475763851,-4.058174392,5.712135625,-4.242779221
5117,"Chiroptera","Phyllostomidae","Sturnira sorianoi",19.1,0.618,71.447,NA,5691.154,NA,426.393,0.0749220632581722,NA,543.333,117.665,NA,0.989,1.679,244.415,NA,72.463,NA,2134.567,0.0954697412862136,NA,NA,NA,0,2,NA,NA,0,0,100,NA,NA,NA,NA,NA,NA,NA,NA,NA,NA,1,1,"Ar",1,0,0,0,1,NA,NA,NA,NA,"Occurs on mainland",NA,NA,"Neotropical",NA,0,1,0,0,0,1,0,0,0,0,0,0,0,0,0,1,0,1,0,0,0,0,0,0,1,0,0,0,0,0,0,0,0,"Sturnira sorianoi","Sturnira sorianoi",0,0,NA,NA,NA,NA,NA,NA,NA,NA,NA,NA,0.704536601,0.727259507,0.74089325,20.51588207,-50.22077628,-15.41667091,12.94547947,-17.8971317,6.323700443,-8.20219321,9.425881161,5.055636236,7.068103028,-4.175757782,5.3619851,0.128004186,-0.617305753,-3.929576254,5.506592197,-4.414634484
5118,"Chiroptera","Phyllostomidae","Sturnira tildae",22.445,0.726,73.822,45.5,5413.994,NA,472.192,0.087216941873227,NA,599.186,122.956,NA,0.99,1,340.245,2.62,73.209,NA,2119.977,0.110673561884258,0.115562486077077,NA,NA,0,2,NA,NA,0,0,100,0,0,0,0,0,0,100,0,0,0,1,1,"Ar",1,0,0,0,1,NA,NA,NA,0,"Occurs on mainland",1,0,"Neotropical",1,0,1,0,0,0,1,0,0,0,0,0,0,0,0,0,1,0,1,0,0,0,0,0,0,0,0,0,0,0,0,0,0,0,"Sturnira tildae","Sturnira tildae",1,0,NA,NA,47.25000002,NA,NA,NA,NA,NA,NA,NA,0.588100986,1.821118764,2.427106682,20.42640049,-50.22617544,-15.79806708,12.87147764,-18.5785237,5.017400178,-8.511751108,7.757184863,5.741196664,5.609536579,-4.074723087,4.014630734,-1.416034023,-1.88277382,-3.274585213,4.349024029,-5.707624544
4536,"Chiroptera","Pteropodidae","Styloctenium mindorensis",212,5.106,182.862,NA,3916.412,NA,629.271,0.160675383488765,NA,771.05,155.261,NA,1.06,1.569,277.787,NA,127.05,NA,2242.507,0.196876630957111,NA,NA,NA,0,2,NA,NA,0,0,100,NA,NA,NA,NA,NA,NA,NA,NA,NA,NA,1,1,"Ar",1,0,0,0,1,100,100,0,NA,"Occurs only on isolated islands",NA,NA,"Indomalayan",1,0,1,0,0,0,0,0,0,1,0,0,0,0,1,0,0,0,1,0,0,1,0,0,0,0,0,0,0,0,0,1,0,0,"Styloctenium mindorensis","Styloctenium mindorensis",1,0,NA,NA,NA,NA,NA,NA,NA,NA,NA,NA,NA,NA,NA,-60.91035933,-5.409753541,-22.39451404,-40.29307692,1.584284089,-6.922726484,10.85706683,4.401485063,-3.777768314,5.358356828,3.040342861,6.981020425,-17.66223717,-5.733300223,-0.693895792,2.340974219,2.106406533
4537,"Chiroptera","Pteropodidae","Styloctenium wallacei",172.42,3.235,171.25,94.87,3278.917,NA,320.569,0.0977667321252719,NA,415.791,143.331,NA,1.029,1.883,253.887,NA,119.071,NA,1825,0.126807418425047,NA,NA,NA,0,2,NA,NA,0,0,100,NA,NA,NA,NA,NA,NA,NA,NA,NA,NA,1,1,"Ar",2,0,0,0,1,1100,0,1100,1,"Occurs only on isolated islands",1,0,"Australasian",1,0,1,0,0,0,0,0,0,1,0,0,0,1,0,0,0,0,1,0,0,1,0,0,0,0,0,0,0,0,0,1,0,0,"Styloctenium wallacei","Styloctenium wallacei",1,0,43.66407174,6.7,94.87,NA,NA,NA,NA,NA,NA,NA,NA,NA,NA,-60.98124236,-5.331884361,-22.32982789,-40.30850504,1.67845914,-6.639763977,10.64950937,4.586333529,-3.515187344,5.3368227,2.889658173,6.781178678,-18.01110346,-5.425429515,-0.651938195,2.298681291,2.272939368
5516,"Chiroptera","Vespertilionidae","Submyotodon latirostris",5.3,0.125,50,34.69,8760,410.5,365,0.0416666666666667,456,469.848,64.093,NA,1,1,364.75,NA,46.545,NA,2735.361,0.0536356164383562,NA,NA,NA,1,2,NA,NA,100,0,0,100,0,0,0,0,0,0,0,0,0,1,3,"A",1,0,0,0,1,3000,1000,2000,NA,NA,NA,NA,"Indomalayan",NA,1,0,0,0,0,NA,NA,NA,NA,0,0,0,0,1,0,0,0,1,0,0,0,0,0,0,0,0,0,0,0,0,0,0,0,"Submyotodon latirostris","Submyotodon latirostris",0,0,NA,NA,NA,NA,NA,NA,NA,NA,NA,NA,1.053876197,1.053876197,1.053876197,37.68558503,18.47466044,22.22800406,-14.17866309,-18.76408918,6.826995746,3.992105714,3.123630957,-7.195017373,-7.141219516,1.108619497,-3.946822314,-1.06808835,0.342503184,-6.275039848,0.375801101,0.783362589
4434,"Chiroptera","Pteropodidae","Syconycteris australis",17.55,0.592,69.69,41.9,2190,289.165,213.08,0.097296803652968,365.25,322.664,109.584,NA,1,2,237.606,4.455,56,NA,1191.392,0.147335159817352,0.507692307692308,NA,NA,1,2,NA,1,0,0,100,0,0,0,0,0,0,10,90,0,0,1,1,"Ar",1,0,0,0,1,3000,0,3000,1,"Occurs on mainland",1,0,"Australasian",3,0,1,0,0,0,1,0,0,0,0,0,0,1,0,0,0,0,1,1,1,0,0,0,0,0,0,0,0,0,0,0,0,0,"Syconycteris australis","Syconycteris australis",1,1,51.72517879,6.199999993,43.25000002,NA,0,NA,0,0,1,0,0.272024276,2.312075774,3.457243519,-70.4759559,4.371742382,-11.93664722,-30.45774473,6.213409244,10.23720423,-8.368842022,3.364704426,7.483620937,-4.460324234,-6.015988518,-7.368882742,13.8171971,-0.625601317,0.558718728,-1.901166549,-7.393403701
4435,"Chiroptera","Pteropodidae","Syconycteris carolinae",39.67,1.037,100.048,60.16,4266.381,NA,460.276,0.107884410698435,NA,589.203,130.772,NA,0.993,1.749,258.735,NA,78.986,NA,1845.588,0.138103699599262,NA,NA,NA,0,2,NA,NA,0,0,100,0,0,0,0,0,0,10,90,0,0,1,1,"Ar",1,0,0,0,1,NA,NA,NA,1,"Occurs only on isolated islands",0,0,"Australasian",1,0,1,0,0,0,0,0,0,1,0,0,0,1,0,0,0,0,1,0,0,1,0,0,0,0,0,0,0,0,0,1,0,0,"Syconycteris carolinae","Syconycteris carolinae",0,0,NA,NA,NA,NA,NA,NA,NA,NA,NA,NA,1.597583875,1.597583875,1.597583875,-70.79501332,4.544496829,-11.28887139,-29.32505675,6.102175134,10.51530979,-8.800164088,3.069639029,7.428475676,-4.614103256,-5.625967643,-7.164735049,14.27625463,-2.384358513,0.490620469,-1.699979849,-7.133086242
4436,"Chiroptera","Pteropodidae","Syconycteris hobbit",20.06,0.737,68.87,47.88,4020.203,NA,518.649,0.129010649462229,NA,658.907,130.382,NA,0.98,1.498,295.834,NA,74.142,NA,1917.358,0.163898937441716,NA,NA,NA,0,2,NA,NA,0,0,100,0,0,0,0,0,0,10,90,0,0,1,1,"Ar",1,0,0,0,1,2700,1817,883,1,"Occurs on large land bridge islands",0,0,"Australasian",1,0,1,0,0,0,0,0,1,0,0,0,0,1,0,0,0,0,1,0,0,1,0,0,0,0,0,0,0,0,0,1,0,0,"Syconycteris hobbit","Syconycteris hobbit",1,0,NA,NA,NA,NA,NA,NA,NA,NA,NA,NA,4.448214254,4.529110623,4.577648444,-70.60488608,4.455685092,-11.60979587,-29.88070078,6.159962349,10.37303329,-8.565933763,3.275662223,7.534583033,-4.584134719,-5.789719432,-7.269221333,14.06110044,-1.575309921,0.528514078,-1.79723839,-7.273207398
5286,"Chiroptera","Molossidae","Tadarida aegyptiaca",20.5,0.393,75,49.99,3650,298.14,298.14,0.0816821917808219,669.68,343.7,120,NA,1,1,356.06,3.765,91.085,NA,1477.107,0.0941643835616438,0.183658536585366,NA,NA,0,2,NA,NA,100,0,0,100,0,0,0,0,0,0,0,0,0,1,3,"A",1,0,0,0,1,2100,0,2100,0,"Occurs on mainland",1,0,"Afrotropical, Indomalayan, Palearctic",2,1,0,0,0,0,1,0,0,0,1,1,0,0,1,0,0,0,0,1,1,0,0,0,0,0,0,0,0,0,0,0,0,0,"Tadarida aegyptiaca","Tadarida aegyptiaca",0,1,47.72165953,9.699999994,47.00000001,NA,NA,NA,NA,NA,NA,NA,0.029713275,0.459294994,0.786206384,35.68514204,11.0936,26.17810154,-14.44087303,-1.907450677,-17.70095055,-17.37339384,9.031629278,-0.226511479,8.455646036,1.380159436,3.294822848,1.69510904,-0.500428417,7.211323353,-5.623500616,0.720487271
5287,"Chiroptera","Molossidae","Tadarida brasiliensis",12.5,0.566,91,42.26,5475,400.26,336.63,0.0614849315068493,547,484.255,83.995,NA,1.055,1,364.75,2.995,54.24,11.52,1821.513,0.088448401826484,0.252778,NA,NA,0,2,NA,NA,100,0,0,100,0,0,0,0,0,0,0,0,0,1,3,"A",1,0,0,0,1,NA,NA,NA,0,"Occurs on mainland",1,0,"Nearctic, Neotropical",5,1,0,0,0,0,1,0,0,0,0,0,0,0,0,1,1,0,1,0,0,1,0,1,1,1,0,0,0,0,0,1,0,0,"Tadarida brasiliensis","Tadarida brasiliensis",1,0,49.55199787,8.385000001,41.99999996,10000500,1,6.000000002,0,0,0,1,0.001849112,0.574074084,0.932968743,31.97276816,-13.08726235,29.73758026,-10.13567713,28.17118279,-15.75939248,-7.699645884,-7.058751907,10.07228519,3.982770022,-4.643867678,6.121872471,0.35343234,-0.162322115,-7.86632024,-6.939838748,0.948935356
5288,"Chiroptera","Molossidae","Tadarida fulminans",33.89,0.795,130,59,4537.933,NA,328.692,0.07243209628701,NA,402.433,104.29,NA,1,2,275.433,NA,71.836,NA,1750.183,0.0886820056620492,NA,NA,NA,0,2,NA,NA,100,0,0,100,0,0,0,0,0,0,0,0,0,1,3,"A",1,0,0,0,1,2000,0,2000,0,"Occurs on mainland",1,0,"Afrotropical",2,1,0,0,0,0,1,0,0,0,0,1,0,0,0,0,0,0,1,1,0,0,0,1,0,0,0,0,0,0,0,0,0,0,"Tadarida fulminans","Tadarida fulminans",0,1,62.97672268,14.29999998,59.00000005,NA,NA,NA,NA,NA,NA,NA,1.184345654,1.184345654,1.184345654,31.00527352,-18.35611563,25.26487379,-6.197633443,33.53149134,-7.215792048,0.268698758,-9.029168333,6.674862489,-2.770164574,-3.156373327,-0.141856753,-0.552471709,1.527960577,-5.49877814,14.93147813,-0.589436023
5289,"Chiroptera","Molossidae","Tadarida insignis",35,0.657,85.5,NA,4745,365.25,365.25,0.0769757639620653,NA,410.75,45.5,NA,1,1.709,279.51,NA,67.235,NA,1736.274,0.0865648050579557,NA,NA,NA,0,2,NA,NA,100,0,0,NA,NA,NA,NA,NA,NA,NA,NA,NA,NA,1,3,"A",1,0,0,0,1,NA,NA,NA,NA,"Occurs on mainland",NA,NA,"Indomalayan, Palearctic",6,1,0,0,0,0,1,0,0,0,1,0,0,0,1,0,0,0,1,0,1,1,1,0,1,0,0,0,0,0,1,1,1,0,"Tadarida insignis","Tadarida insignis",1,0,NA,NA,NA,NA,NA,NA,NA,NA,NA,NA,0.674277853,3.681197387,5.218819166,30.68157493,-19.9152684,24.24216557,-5.383418384,33.82211898,-5.738989607,1.200152364,-8.821093208,5.884082224,-3.439105407,-2.711456391,-1.107938378,-0.773265611,1.358424107,-4.700187279,15.87484533,-0.964293256
5290,"Chiroptera","Molossidae","Tadarida latouchei",35,0.646,85.5,NA,4745,365.25,365.25,0.0769757639620653,NA,410.75,45.5,NA,1,1.735,276.816,NA,61.012,NA,1723.413,0.0865648050579557,NA,NA,NA,0,2,NA,NA,100,0,0,NA,NA,NA,NA,NA,NA,NA,NA,NA,NA,1,3,"A",1,0,0,0,1,NA,NA,NA,NA,"Occurs on mainland",NA,NA,"Indomalayan, Palearctic",2,1,0,0,0,0,1,0,0,0,1,0,0,0,1,0,0,0,1,0,0,0,0,0,1,0,0,0,0,0,0,0,0,0,"Tadarida latouchei","Tadarida latouchei",0,0,NA,NA,NA,NA,NA,NA,NA,NA,NA,NA,NA,NA,NA,29.91615812,-23.82008962,21.30134911,-3.183209653,33.73822623,-1.396279461,3.950483569,-8.329134202,3.618851122,-5.55971716,-1.277924742,-4.168093749,-1.625777302,0.86158386,-1.702587463,17.19637938,-1.558694563
5291,"Chiroptera","Molossidae","Tadarida lobata",30.39,0.598,92.97,59.5,4672.007,NA,391.974,0.0838984188165814,NA,473.856,86.991,NA,1.007,1.111,353.061,NA,60.923,NA,1844.144,0.10142450557116,NA,NA,NA,0,2,NA,NA,100,0,0,100,0,0,0,0,0,0,0,0,0,1,3,"A",1,0,0,0,1,2000,600,1400,0,"Occurs on mainland",1,0,"Afrotropical",2,1,0,0,0,0,1,0,0,0,0,1,0,0,0,0,0,0,1,1,0,1,0,1,0,0,0,0,0,0,0,1,0,0,"Tadarida lobata","Tadarida lobata",0,0,NA,NA,59.5,NA,NA,NA,NA,NA,NA,NA,NA,NA,NA,30.81246534,-19.1071107,24.67324327,-5.746480447,33.71368472,-6.388638616,0.849719971,-9.0312016,6.235457174,-3.30332741,-2.882396846,-0.841614241,-0.786463748,1.391245126,-4.988655214,15.57055085,-0.838642478
5292,"Chiroptera","Molossidae","Tadarida teniotis",35,0.659,85.5,59.99,4745,365.25,365.25,0.0769757639620653,NA,410.75,45.5,NA,1,1.709,279.669,NA,69.389,NA,1738.265,0.0865648050579557,NA,NA,NA,0,2,NA,NA,100,0,0,100,0,0,0,0,0,0,0,0,0,1,3,"A",1,0,0,0,1,3100,0,3100,0,"Occurs on mainland",1,0,"Indomalayan, Palearctic",6,1,0,0,0,0,1,0,0,0,1,0,0,0,1,0,0,0,1,0,1,1,0,1,1,1,0,0,0,0,0,1,0,0,"Tadarida teniotis","Tadarida teniotis",0,0,52.11950281,8.9,59.99000001,NA,NA,NA,1,0,0,0,0.077073407,0.935779604,1.147149876,30.54164398,-20.7030819,23.52014041,-4.857272081,33.81685064,-4.643856458,1.963062862,-8.75269168,5.363852114,-4.017982003,-2.355306805,-1.874887485,-1.002378282,1.216028043,-3.957394476,16.45452325,-1.203505632
5293,"Chiroptera","Molossidae","Tadarida ventralis",37.43,1.666,98.95,63.99,4814.378,NA,409.635,0.0850857577032796,NA,502.554,98.416,NA,1.005,1.169,343.387,NA,63.506,NA,1880.101,0.104386070225479,NA,NA,NA,0,2,NA,NA,100,0,0,100,0,0,0,0,0,0,0,0,0,1,3,"A",1,0,0,0,1,2500,1500,1000,NA,"Occurs on mainland",NA,NA,"Afrotropical",NA,1,0,0,0,0,1,0,0,0,0,1,0,0,0,0,0,0,0,1,0,0,0,1,0,0,0,0,0,0,0,0,0,0,"Tadarida ventralis","Tadarida ventralis",0,0,NA,NA,NA,NA,NA,NA,NA,NA,NA,NA,1.1868923,1.1868923,1.1868923,29.67312069,-24.53834082,20.77731271,-2.844522524,33.57315613,-0.636749597,4.476872487,-8.2768586,3.180325253,-5.879067948,-1.076767778,-4.587290853,-1.720238044,0.828577375,-1.36269494,17.34231457,-1.56791029
4842,"Chiroptera","Emballonuridae","Taphozous achates",25.99,0.531,77.418,NA,7300,144.59,152.2,0.0208493150684931,136.98,273.96,121.76,NA,1,1,324.382,5.8,60.88,20,1671.837,0.0375287671232877,0.223162754905733,NA,NA,0,2,NA,NA,100,0,0,NA,NA,NA,NA,NA,NA,NA,NA,NA,NA,1,3,"A",2,0,0,0,1,1000,NA,NA,NA,"Occurs only on isolated islands",NA,NA,"Australasian, Indomalayan",2,1,0,0,0,0,0,0,0,1,0,0,0,1,1,0,0,0,1,0,0,0,0,0,1,0,0,0,0,0,0,0,0,0,"Taphozous achates","Taphozous achates",1,0,NA,NA,NA,NA,NA,NA,NA,NA,NA,NA,NA,NA,NA,24.49213144,-43.96466771,7.278424521,4.257449957,25.50638092,12.43287375,12.48832553,0.685777445,-8.178351427,-3.212987745,4.105111163,-3.180066252,-1.032782231,-1.742705632,6.097737903,-6.886146661,-1.614691701
4843,"Chiroptera","Emballonuridae","Taphozous australis",24.215,0.503,79.24,NA,3206.405,478.368,347.935,0.108512492963303,608.8,445.935,98,NA,1,1,353.05,8.91,47.005,NA,1390.139,0.139076317558138,0.36795374767706,NA,NA,0,2,NA,NA,100,0,0,100,0,0,0,0,0,0,0,0,0,1,3,"A",2,0,0,0,1,300,0,300,NA,"Occurs on mainland",NA,NA,"Australasian",3,1,0,0,0,0,1,0,0,0,0,0,0,1,0,0,0,0,1,0,1,1,0,0,1,0,0,0,0,0,1,1,0,0,"Taphozous australis","Taphozous australis",1,0,NA,NA,65.80000006,NA,0,NA,0,0,0,1,0.393873197,0.972477166,1.39359669,24.2270726,-44.72666958,6.700425797,4.617132807,24.63160753,12.67500587,12.00283392,1.366134188,-7.941070576,-2.794039275,3.78089646,-2.663854815,-1.209704332,-2.048037096,5.559120495,-8.868481416,-1.627549371
4844,"Chiroptera","Emballonuridae","Taphozous georgianus",24.43,0.469,79.24,69.18,1825,278.27,278.27,0.152476712328767,608.8,365,99.055,NA,1,1,344.473,6.565,42,15.3,788.4,0.2,0.2687269750307,NA,NA,0,2,NA,NA,100,0,0,100,0,0,0,0,0,0,0,0,0,1,3,"A",2,0,0,0,1,NA,NA,NA,0,"Occurs on mainland",0,0,"Australasian",3,1,0,0,0,0,1,0,0,0,0,0,0,1,0,0,0,0,0,1,0,0,0,1,1,0,0,0,0,0,0,0,0,0,"Taphozous georgianus","Taphozous georgianus",0,0,NA,NA,NA,NA,NA,NA,NA,NA,NA,NA,0.043376368,0.384666094,0.410481178,24.29520391,-44.49815404,6.889747569,4.492982737,24.92625393,12.60623399,12.17169286,1.168583963,-8.029020398,-2.905381864,3.874564213,-2.796448076,-1.142915878,-1.931488137,5.748620869,-8.254903739,-1.628290504
4845,"Chiroptera","Emballonuridae","Taphozous hamiltoni",39.15,0.653,90.969,65,5099.058,NA,347.964,0.0682408397786415,NA,417.037,93.152,NA,1.019,1.271,333.704,NA,55.325,NA,1772.337,0.0817870673367512,NA,NA,NA,0,2,NA,NA,100,0,0,100,0,0,0,0,0,0,0,0,0,1,3,"A",2,0,0,0,1,NA,NA,NA,0,"Occurs on mainland",0,0,"Afrotropical",1,1,0,0,0,0,1,0,0,0,0,1,0,0,0,0,0,0,1,1,0,0,0,0,0,1,0,0,0,0,0,0,0,0,"Taphozous hamiltoni","Taphozous hamiltoni",0,0,NA,NA,NA,NA,NA,NA,NA,NA,NA,NA,NA,NA,NA,24.46710612,-44.07604799,7.210776854,4.306698575,25.38022653,12.46040087,12.40515197,0.776894066,-8.126296688,-3.141508234,4.066293599,-3.119026707,-1.066416839,-1.804978383,6.012069328,-7.165975089,-1.637958548
4846,"Chiroptera","Emballonuridae","Taphozous hildegardeae",29.37,0.542,81.638,66.5,5528.793,NA,360.161,0.065142789755377,NA,458.601,99.106,NA,1,1,359.49,NA,52.965,NA,1857.303,0.0829477609308216,NA,NA,NA,1,2,NA,NA,100,0,0,100,0,0,0,0,0,0,0,0,0,1,3,"A",2,0,0,0,1,NA,NA,NA,0,"Occurs on mainland",0,0,"Afrotropical",2,1,0,0,0,0,1,0,0,0,0,1,0,0,0,0,0,0,1,0,0,1,0,0,1,0,0,0,0,0,0,1,0,0,"Taphozous hildegardeae","Taphozous hildegardeae",0,0,NA,NA,66.49999995,NA,NA,2.999999999,1,0,0,0,0.496091318,0.607771901,0.571875851,24.60662305,-43.65170684,7.493097598,4.126701149,25.82654305,12.26534905,12.62468653,0.316361829,-8.14975382,-3.423620897,4.178144467,-3.409821712,-1.010207536,-1.649223585,6.158411947,-5.853163437,-1.661978522
4847,"Chiroptera","Emballonuridae","Taphozous hilli",21.99,0.501,78.188,67.5,5474.06,NA,373.17,0.0681706082870849,NA,473.889,103.567,NA,1,1.105,350.749,NA,61.436,NA,1889.704,0.0865699316412315,NA,NA,NA,0,2,NA,NA,100,0,0,100,0,0,0,0,0,0,0,0,0,1,3,"A",2,0,0,0,1,NA,NA,NA,0,"Occurs on mainland",0,0,"Australasian",6,1,0,0,0,0,1,0,0,0,0,0,0,1,0,0,0,0,0,1,1,1,0,1,1,1,0,0,0,0,0,0,0,0,"Taphozous hilli","Taphozous hilli",0,0,NA,NA,NA,NA,NA,NA,NA,NA,NA,NA,0.030737231,0.108494236,0.168312429,24.73541844,-43.31298193,7.832349128,3.952452578,26.25454826,12.06853959,12.8096464,-0.160040966,-8.142265528,-3.74580717,4.290485663,-3.750619853,-0.93514017,-1.492135018,6.313371562,-4.272308859,-1.660978595
4848,"Chiroptera","Emballonuridae","Taphozous kapalgensis",26.45,0.554,83.254,60.29,4637.693,NA,338.445,0.072977016805554,NA,422.344,95.047,NA,1.024,1.112,349.06,NA,50.164,NA,1647.997,0.0910676924927976,NA,NA,NA,0,2,NA,NA,100,0,0,100,0,0,0,0,0,0,0,0,0,1,3,"A",2,0,0,0,1,NA,0,NA,0,"Occurs on mainland",0,0,"Australasian",3,1,0,0,0,0,1,0,0,0,0,0,0,1,0,0,0,0,1,1,0,1,0,0,0,0,0,0,0,0,0,0,0,0,"Taphozous kapalgensis","Taphozous kapalgensis",0,0,NA,NA,NA,NA,NA,NA,NA,NA,NA,NA,0.621436517,0.85002168,0.926391779,24.3762365,-44.30193539,7.069733992,4.379410356,25.17979433,12.52898147,12.30617681,0.962787168,-8.088570142,-3.038189681,3.978719997,-2.994326436,-1.116895653,-1.845368448,5.913636133,-7.558579582,-1.664894178
4849,"Chiroptera","Emballonuridae","Taphozous longimanus",25.11,0.47,81.308,58.49,2894.502,169.16,169.16,0.0584418321355452,NA,425.83,107.22,NA,0.99,2,248.124,5.52,22.13,12,1227.488,0.147116844279258,0.435268817204301,NA,NA,0,2,NA,NA,100,0,0,100,0,0,0,0,0,0,0,0,0,1,3,"A",2,0,0,0,1,1200,0,1200,1,"Occurs on mainland",1,0,"Indomalayan",4,1,0,0,0,0,1,0,0,0,0,0,0,0,1,0,0,0,1,1,0,1,0,1,1,0,0,0,0,0,0,1,0,0,"Taphozous longimanus","Taphozous longimanus",1,0,58.47949759,9.800000007,61,11,NA,NA,0,0,0,1,1.007626076,1.007626076,1.007626076,24.71018205,-43.41314417,7.761669534,3.978774186,26.15299505,12.13049367,12.78313904,-0.042979562,-8.146472367,-3.659831627,4.266167322,-3.678885712,-0.970137361,-1.51826245,6.275575489,-4.620444193,-1.669635631
4850,"Chiroptera","Emballonuridae","Taphozous mauritianus",27.97,0.55,87.495,61.74,4963.198,NA,339.359,0.0683750678493987,NA,409.468,51.885,NA,1,1.5,276.335,NA,54.318,NA,1682.602,0.082500839176676,NA,NA,NA,0,2,NA,NA,100,0,0,100,0,0,0,0,0,0,0,0,0,1,3,"A",2,0,0,0,1,900,0,900,0,"Occurs on mainland",1,0,"Afrotropical",5,1,0,0,0,0,1,0,0,0,0,1,0,0,0,0,0,0,1,1,1,1,0,1,0,0,0,0,0,0,0,1,0,0,"Taphozous mauritianus","Taphozous mauritianus",1,1,52,10.10000001,61.925,1,1,1,NA,NA,NA,NA,0.101721734,0.632759549,0.873246012,24.74166233,-43.26467296,7.900565831,3.941976872,26.34734608,12.06782846,12.83306586,-0.234636949,-8.128523224,-3.823976338,4.29553033,-3.838601882,-0.891007621,-1.446777488,6.36719738,-4.018092085,-1.67068296
4851,"Chiroptera","Emballonuridae","Taphozous melanopogon",25.99,0.536,75.396,63.72,7300,374.39,152.2,0.0208493150684931,136.98,730,121.76,NA,1,1,329.333,5.8,60.88,20,2008.504,0.1,0.223162754905733,NA,NA,0,2,NA,NA,100,0,0,100,0,0,0,0,0,0,0,0,0,1,3,"A",2,0,0,0,1,800,0,800,0,"Occurs on mainland",1,0,"Indomalayan",3,1,0,0,0,0,1,0,0,0,0,0,0,0,1,0,0,0,1,0,1,1,0,0,1,0,0,0,0,0,0,1,0,0,"Taphozous melanopogon","Taphozous melanopogon",1,0,76.30872167,10,60.92500002,2075,1,NA,0,0,0,1,0.405372624,1.064114406,1.609192526,24.6636817,-43.53962212,7.566732323,4.093790959,25.91159461,12.23061517,12.65991004,0.209950379,-8.141733352,-3.488741777,4.208713436,-3.488241432,-0.990029086,-1.627476023,6.198916821,-5.48975924,-1.66544347
4852,"Chiroptera","Emballonuridae","Taphozous nudiventris",32.49,0.678,85.99,76.15,5080.363,421.91,347.935,0.0684862479314962,608.8,371.08,99.055,NA,1,1,357.208,8.91,47.005,NA,1722.414,0.0730420247529556,0.274238227146814,NA,NA,1,2,NA,NA,100,0,0,100,0,0,0,0,0,0,0,0,0,1,3,"A",2,0,0,0,1,NA,0,NA,0,"Occurs on mainland",0,0,"Afrotropical, Palearctic",8,1,0,0,0,0,1,0,0,0,1,1,0,0,0,0,0,0,1,1,1,1,1,0,1,1,0,0,0,0,0,1,1,0,"Taphozous nudiventris","Taphozous nudiventris",0,0,60.84354405,9.499999994,76.15000006,599.9999995,1,NA,NA,NA,NA,NA,0.007497963,0.247484954,0.473962982,24.25687789,-44.5724217,6.826023257,4.531964244,24.83418372,12.62885631,12.12797336,1.237051729,-8.02146515,-2.882669546,3.839814639,-2.737204212,-1.155155056,-1.961773255,5.707114516,-8.515836816,-1.607159691
4853,"Chiroptera","Emballonuridae","Taphozous perforatus",24.215,0.518,79.24,62,4902.812,478.368,347.935,0.0709664168236514,608.8,445.935,98,NA,1,1,357.213,8.91,47.005,NA,1722.941,0.0909549458555621,0.36795374767706,NA,NA,0,2,NA,NA,100,0,0,100,0,0,0,0,0,0,0,0,0,1,3,"A",2,0,0,0,1,200,0,200,0,"Occurs on mainland",1,0,"Afrotropical, Indomalayan, Palearctic",2,1,0,0,0,0,1,0,0,0,1,1,0,0,1,0,0,0,0,1,0,0,1,0,0,0,0,0,0,0,0,0,0,0,"Taphozous perforatus","Taphozous perforatus",0,1,48.89045389,7.5,62,NA,NA,NA,NA,NA,NA,NA,0.055794739,0.132745814,0.076564732,24.3609071,-44.37675797,7.007552792,4.420111127,25.05510439,12.56600369,12.23404883,1.068163672,-8.050688407,-2.948453888,3.932124437,-2.89396672,-1.129175363,-1.892199521,5.819037436,-7.901834562,-1.656672964
4854,"Chiroptera","Emballonuridae","Taphozous theobaldi",36.83,0.681,89.49,71,5038.742,NA,342.136,0.0679010753080829,NA,407.263,92.071,NA,1.019,1.271,332.606,NA,54.254,NA,1731.524,0.0808263253010374,NA,NA,NA,0,2,NA,NA,100,0,0,100,0,0,0,0,0,0,0,0,0,1,3,"A",2,0,0,0,1,1200,0,1200,0,"Occurs on mainland",0,0,"Indomalayan",2,1,0,0,0,0,1,0,0,0,0,0,0,0,1,0,0,0,1,0,0,0,0,0,1,0,0,0,0,0,0,0,0,0,"Taphozous theobaldi","Taphozous theobaldi",1,0,NA,NA,NA,NA,NA,NA,NA,NA,NA,NA,1.554759071,1.577467822,1.614702873,24.68251161,-43.53887714,7.627195928,4.068244531,25.99616011,12.21527681,12.69547108,0.129974157,-8.125734769,-3.549912529,4.217556729,-3.562044417,-0.999835959,-1.601110469,6.215549977,-5.117624058,-1.695138581
4855,"Chiroptera","Emballonuridae","Taphozous troughtoni",27.475,0.514,79.24,72.5,1825,443.535,278.27,0.152476712328767,608.8,377.325,99.055,NA,1,1,345.096,6.565,42,15.3,995.691,0.206753424657534,0.23894449499545,NA,NA,0,2,NA,NA,100,0,0,NA,NA,NA,NA,NA,NA,NA,NA,NA,NA,1,3,"A",2,0,0,0,1,NA,0,NA,0,"Occurs on mainland",0,0,"Australasian",3,1,0,0,0,0,1,0,0,0,0,0,0,1,0,0,0,0,0,1,0,0,0,1,1,0,0,0,0,0,0,0,0,0,"Taphozous troughtoni","Taphozous troughtoni",0,1,NA,NA,NA,NA,NA,NA,NA,NA,NA,NA,0.121667009,0.55448934,0.736116652,24.52011124,-43.84751296,7.374190712,4.191671708,25.6533189,12.35157078,12.56080001,0.509867124,-8.169583454,-3.32844132,4.130195524,-3.293158448,-1.037760302,-1.695194825,6.149693724,-6.371392751,-1.66660359
4397,"Chiroptera","Pteropodidae","Thoopterus nigrescens",66.12,1.314,104.48,72.33,3309.333,NA,337.514,0.101988527597555,NA,455.792,130.924,NA,0.98,1.843,247.791,NA,80.236,NA,1577.26,0.137729264477162,NA,NA,NA,0,2,NA,NA,0,0,100,NA,NA,NA,NA,NA,NA,NA,NA,NA,NA,1,1,"Ar",1,0,0,0,1,2400,0,2400,1,"Occurs only on isolated islands",1,0,"Australasian",1,0,1,0,0,0,0,0,0,1,0,0,0,1,0,0,0,0,1,0,0,1,0,0,0,0,0,0,0,0,0,1,0,0,"Thoopterus nigrescens","Thoopterus nigrescens",1,0,43.55098908,6.700000005,72.32999998,NA,NA,NA,NA,NA,NA,NA,1.359393859,2.026087665,1.791419476,-73.5544182,6.729898239,-1.743862451,-11.84324343,4.118857455,13.08979972,-13.71223972,-1.972773246,4.750672756,-5.649071573,3.904696785,0.230228361,11.60367437,-18.15521933,-0.710076306,1.751443282,3.140330115
4398,"Chiroptera","Pteropodidae","Thoopterus suhaniahae",66.12,1.314,104.48,72.33,3309.333,NA,337.514,0.101988527597555,NA,455.792,130.924,NA,0.98,1.843,247.791,NA,80.236,NA,1577.26,0.137729264477162,NA,NA,NA,0,2,NA,NA,0,0,100,NA,NA,NA,NA,NA,NA,NA,NA,NA,NA,1,1,"Ar",1,0,0,0,1,2400,0,2400,NA,NA,NA,NA,NA,1,0,1,0,0,0,NA,NA,NA,NA,0,0,0,0,0,0,0,0,1,0,0,1,0,0,0,0,0,0,0,0,0,1,0,0,"Thoopterus suhaniahae","Thoopterus suhaniahae",1,0,NA,NA,NA,NA,NA,NA,NA,NA,NA,NA,NA,NA,NA,-73.62408831,6.800053747,-1.39393066,-11.17719245,4.027591598,13.09517944,-13.79949546,-2.16467654,4.579365853,-5.609825058,4.226596502,0.531573309,11.21500395,-18.17743757,-0.732576139,1.824213907,3.415848827
5119,"Chiroptera","Thyropteridae","Thyroptera devivoi",5,0.255,54.763,NA,5766.205,NA,433.147,0.0751182103307114,NA,540.048,128.14,NA,1.004,1.052,358.124,NA,65.052,NA,2080.042,0.0936574402054731,NA,NA,NA,0,2,NA,NA,100,0,0,NA,NA,NA,NA,NA,NA,NA,NA,NA,NA,1,3,"A",1,0,0,0,1,700,110,590,NA,"Occurs on mainland",NA,NA,"Neotropical",1,1,0,0,0,0,1,0,0,0,0,0,0,0,0,0,1,0,0,1,0,0,0,0,0,0,0,0,0,0,0,0,0,0,"Thyroptera devivoi","Thyroptera devivoi",0,1,NA,NA,NA,NA,NA,NA,NA,NA,NA,NA,1.298551731,1.298551731,1.298551731,-17.77995948,-28.65643491,-26.2800679,-20.24963518,-13.2445438,-28.25233777,16.85840649,-16.72962465,-17.59976884,-0.060053567,5.360739823,4.805636111,23.7756515,14.43034906,-1.062079354,-1.361308731,5.970175552
5120,"Chiroptera","Thyropteridae","Thyroptera discifera",3.13,0.193,47,33.5,5874.802,NA,405.811,0.0690765407923535,NA,499.347,133.544,NA,1,1.179,349.241,NA,64.156,NA,2034.737,0.084998098659325,NA,NA,NA,0,2,NA,NA,100,0,0,100,0,0,0,0,0,0,0,0,0,1,3,"A",1,0,0,0,1,1650,0,1650,0,"Occurs on mainland",1,0,"Neotropical",2,1,0,0,0,0,1,0,0,0,0,0,0,0,0,0,1,0,1,0,0,1,0,0,0,0,0,0,0,0,0,1,0,0,"Thyroptera discifera","Thyroptera discifera",1,0,28.11878981,4.100000003,33.5,8.500000006,NA,NA,0,0,1,0,1.094433185,2.394277191,2.873328621,-15.55890562,-30.16533852,-26.44588549,-18.60271915,-14.19584356,-28.12729484,15.5458482,-17.50992032,-16.46308364,-1.168654325,5.202662747,3.448620889,23.2311015,15.4707203,-0.498267547,-1.724082324,7.636471192
5121,"Chiroptera","Thyropteridae","Thyroptera lavali",5.6,0.276,56.331,NA,5717.342,NA,428.828,0.0750047836914426,NA,537.15,124.458,NA,1.002,1.047,358.326,NA,64.736,NA,2059.87,0.0939510003074855,NA,NA,NA,0,2,NA,NA,100,0,0,NA,NA,NA,NA,NA,NA,NA,NA,NA,NA,1,3,"A",1,0,0,0,1,700,110,590,NA,"Occurs on mainland",NA,NA,"Neotropical",1,1,0,0,0,0,1,0,0,0,0,0,0,0,0,0,1,0,1,0,0,0,0,0,0,0,0,0,0,0,0,0,0,0,"Thyroptera lavali","Thyroptera lavali",1,0,NA,NA,NA,NA,NA,NA,0,0,1,0,2.907561493,2.941645103,2.962095269,-24.51177186,-24.85248172,-26.79667218,-24.8071502,-10.47132847,-27.72464549,19.89853032,-13.93057857,-19.50489531,2.689826107,5.303752468,7.464190442,23.95531885,9.915758548,-2.065741029,-0.490075201,1.107559949
5122,"Chiroptera","Thyropteridae","Thyroptera tricolor",4.52,0.23,48,35.49,5421.736,NA,366.165,0.0675364864685407,NA,449.067,154.24,NA,0.98,2,287.133,1.09,72.951,NA,1896.911,0.0828271608945917,0.472654867256637,NA,NA,0,2,NA,NA,100,0,0,100,0,0,0,0,0,0,0,0,0,1,3,"A",1,0,0,0,1,NA,NA,NA,0,"Occurs on mainland",1,0,"Neotropical",2,1,0,0,0,0,1,0,0,0,0,0,0,0,0,0,1,0,1,1,0,0,0,0,0,0,0,0,0,0,0,0,0,0,"Thyroptera tricolor","Thyroptera tricolor",1,1,39.51802536,4.100000003,36.49999996,4.999999996,NA,0,0,0,1,0,0.717332199,2.079139989,2.88795739,-22.41881624,-26.14732925,-26.43179935,-23.36904255,-11.49183203,-27.9713634,19.03515555,-14.91957762,-19.06264151,1.774636252,5.43000427,6.692611214,23.95834648,11.6685232,-1.700405914,-0.79050625,2.738033388
5123,"Chiroptera","Thyropteridae","Thyroptera wynneae",NA,170.801,1307.987,NA,9225.475,NA,804.261,0.0871782753733547,NA,971.489,206.513,NA,1.096,1.043,398.715,NA,183.87,NA,3300.389,0.105305038493953,NA,NA,NA,0,2,NA,NA,100,0,0,NA,NA,NA,NA,NA,NA,NA,NA,NA,NA,1,3,"A",1,0,0,0,1,300,55,245,NA,"Occurs on mainland",NA,NA,"Neotropical",1,1,0,0,0,0,1,0,0,0,0,0,0,0,0,0,1,0,1,0,0,0,0,0,0,0,0,0,0,0,0,0,0,0,"Thyroptera wynneae","Thyroptera wynneae",1,0,NA,NA,NA,NA,NA,NA,NA,NA,NA,NA,NA,NA,NA,-20.38088314,-27.49373482,-26.45135708,-21.90829509,-12.42080468,-28.11271947,18.02767658,-15.76943984,-18.43808827,0.870366748,5.511953163,5.784951572,23.67222611,13.09336946,-1.322298495,-1.078616566,4.492303754
5294,"Chiroptera","Molossidae","Tomopeas ravus",5.61,1.924,80.431,32.99,5023.784,NA,483.264,0.0961952185842385,NA,577.449,122.119,NA,1.018,1.012,362.544,NA,66.564,NA,1968.991,0.114943038952312,NA,NA,NA,NA,2,NA,NA,100,0,0,100,0,0,0,0,0,0,0,0,0,1,3,"A",1,0,0,0,1,2300,0,2300,0,"Occurs on mainland",1,0,"Neotropical",1,1,0,0,0,0,1,0,0,0,0,0,0,0,0,0,1,0,0,0,0,0,0,0,1,0,0,0,0,0,0,0,0,0,"Tomopeas ravus","Tomopeas ravus",0,0,NA,NA,NA,NA,NA,NA,NA,NA,NA,NA,0.041465765,0.041465765,0.041465765,29.17186022,-26.13080357,19.35928779,-1.939557048,33.19089123,1.311041956,5.842646275,-7.995109671,1.909958101,-6.678117643,-0.403451966,-5.703015372,-1.856308133,0.762884371,0.021205111,17.15170289,-1.559049869
5010,"Chiroptera","Phyllostomidae","Tonatia bidens",27.55,0.788,95,58.13,4809.92,NA,467.479,0.0971905977646198,NA,591.45,121.922,NA,0.98,1.31,313.545,NA,77.891,NA,2076.794,0.122964623112235,NA,NA,NA,0,2,NA,NA,90,0,10,90,0,0,0,0,0,10,0,0,0,1,2,"A",1,0,0,0,1,NA,NA,NA,0,"Occurs on mainland",1,0,"Neotropical",1,1,0,0,0,0,1,0,0,0,0,0,0,0,0,0,1,0,1,0,0,0,0,0,0,0,0,0,0,0,0,0,0,0,"Tonatia bidens","Tonatia bidens",1,0,37.27747564,5.099999999,57.00000004,NA,NA,NA,NA,NA,NA,NA,0.236410291,1.301651087,1.431284363,19.80449972,-49.71452055,-17.65440575,12.05778678,-21.48214016,-3.428723201,-9.408962717,-2.963273111,8.166076737,-3.613672231,-2.269152258,-4.43660026,-7.900645225,-5.691368064,0.973256748,-2.631685206,-6.479471858
5012,"Chiroptera","Phyllostomidae","Tonatia saurophila",27.55,0.8,91.5,NA,5019.656,NA,428.318,0.0853281579454847,NA,543.768,119.386,NA,0.98,1.436,297.2,NA,81.828,NA,2043.323,0.108327741980725,NA,NA,NA,0,2,NA,NA,56,33,11,NA,NA,NA,NA,NA,NA,NA,NA,NA,NA,1,2,"A",1,0,0,0,1,1200,50,1150,NA,"Occurs on mainland",NA,NA,"Neotropical",2,1,0,0,0,0,1,0,0,0,0,0,0,0,0,0,1,0,1,0,0,1,0,0,0,0,0,0,0,0,0,1,0,0,"Tonatia saurophila","Tonatia saurophila",1,0,30.4244,5.905000001,NA,NA,NA,NA,0,1,0,0,0.44957582,1.674689586,1.849047347,19.76124478,-49.6686353,-17.74746546,12.03007192,-21.5654959,-3.701240601,-9.44105606,-3.231381828,8.21562932,-3.806483778,-2.225781256,-4.60727509,-8.012456587,-5.691286586,0.987620537,-2.716459861,-6.38529618
4992,"Chiroptera","Phyllostomidae","Trachops cirrhosus",36.9,0.912,92,58.45,4937.481,NA,332.56,0.0673541832363507,NA,414.982,111.86,NA,1,1.785,255.338,NA,87.153,NA,1822.183,0.0840473107643351,NA,NA,NA,0,2,NA,NA,50,40,10,50,0,40,0,0,0,10,0,0,0,2,3,"G",1,0,0,0,1,1400,NA,NA,0,"Occurs on mainland",1,0,"Neotropical",3,0,0,1,0,0,1,0,0,0,0,0,0,0,0,0,1,0,1,0,0,1,0,0,1,0,0,0,0,0,0,1,0,0,"Trachops cirrhosus","Trachops cirrhosus",1,0,43.40436371,6.299999993,62.20000004,27.99999998,NA,17,0,0,0,1,0.308621905,1.590048248,2.051915077,19.95187186,-49.82244806,-17.18169092,12.13151942,-20.87584335,-1.396509651,-9.271856083,-0.306023635,7.886042794,-1.373646251,-2.87896478,-2.378524585,-7.505382596,-5.835925323,-0.026798231,-0.851406628,-7.587731815
4791,"Chiroptera","Hipposideridae","Triaenops afer",13.18,0.27,57,53,5583.609,NA,607.572,0.108813493208425,NA,728.187,106.59,NA,1.064,1.006,364.003,NA,70.749,NA,2314.088,0.130415113235902,NA,NA,NA,1,2,NA,NA,100,0,0,100,0,0,0,0,0,0,0,0,0,1,3,"A",2,0,0,0,1,NA,0,NA,NA,NA,NA,NA,"Afrotropical",2,1,0,0,0,0,NA,NA,NA,NA,0,1,0,0,0,0,0,0,1,1,0,0,0,0,0,0,0,0,0,0,0,0,0,0,"Triaenops afer","Triaenops afer",1,1,41.49339732,7.4,NA,NA,NA,NA,NA,NA,NA,NA,0.35428278,0.516584828,0.571875851,-71.01154162,9.256855578,18.48702293,30.44061025,-3.449155899,-1.20234063,-1.082877196,-6.765003714,-9.287884056,6.036949493,-5.44952368,-1.340200102,-0.863270765,5.191142696,-0.319219603,-0.947666508,-13.44454218
4793,"Chiroptera","Hipposideridae","Triaenops parvus",13.18,0.27,57,53,5477.576,NA,616.221,0.112498849856214,NA,730.298,104.8,NA,1.06,1.009,363.961,NA,72.632,NA,2327.072,0.133325032824739,NA,NA,NA,1,2,NA,NA,100,0,0,100,0,0,0,0,0,0,0,0,0,1,3,"A",2,0,0,0,1,NA,0,NA,NA,NA,NA,NA,"Afrotropical",1,1,0,0,0,0,NA,NA,NA,NA,0,1,0,0,0,0,0,0,0,1,0,0,0,0,0,0,0,0,0,0,0,0,0,0,"Triaenops parvus","Triaenops parvus",0,0,NA,NA,NA,NA,NA,NA,NA,NA,NA,NA,NA,NA,NA,-71.04313696,9.28225417,18.70056971,30.91344285,-3.579640656,-1.963981838,-0.026205553,-6.140790584,-9.341420434,6.657283929,-7.318316427,-2.642580866,-0.60694712,3.804699105,-0.27819384,-0.822344085,-12.16664385
4794,"Chiroptera","Hipposideridae","Triaenops persicus",13.18,0.27,57,53,5335.491,NA,606.817,0.113732175726658,NA,728.891,106.459,NA,1.056,1.006,363.324,NA,69.643,NA,2292.284,0.136611794490891,NA,NA,NA,1,2,NA,NA,100,0,0,100,0,0,0,0,0,0,0,0,0,1,3,"A",2,0,0,0,1,NA,0,NA,0,"Occurs on mainland",1,0,"Afrotropical, Indomalayan",3,1,0,0,0,0,1,0,0,0,0,1,0,0,1,0,0,0,0,1,1,0,0,0,1,0,0,0,0,0,0,0,0,0,"Triaenops persicus","Triaenops persicus",0,0,41.49339732,7.400000005,54.34999995,NA,1,2,0,0,0,1,0.015925944,0.651694432,0.71974524,-70.9870567,9.259238349,18.56643113,30.63267048,-3.505172648,-1.522515869,-0.65002333,-6.52876913,-9.320693275,6.266787822,-6.091650905,-1.766049314,-0.781947899,4.675748402,-0.313459974,-0.890754499,-13.04180326
7216,"Chiroptera","Hipposideridae","Triaenops rufus",11.14,0.395,87.49,52.5,4980.829,NA,601.348,0.12073251259981,NA,726.326,105.908,NA,1.037,1.008,363.522,NA,64.404,NA,2224.909,0.145824319606234,NA,NA,NA,1,2,NA,NA,100,0,0,NA,NA,NA,NA,NA,NA,NA,NA,NA,NA,1,3,"A",2,0,0,0,1,1300,0,1300,1,"Occurs only on isolated islands",1,0,"Afrotropical",3,1,0,0,0,0,0,0,0,1,0,1,0,0,0,0,0,0,0,0,0,0,0,0,0,0,0,0,0,0,0,0,0,0,"Triaenops rufus","Triaenops menamena",0,0,NA,NA,52.49999995,NA,NA,NA,1,0,0,0,0.328427129,0.328427129,0.328427129,-71.0489907,9.254624029,18.39527492,30.21982078,-3.389164641,-0.896854727,-1.48201766,-6.956643796,-9.230213453,5.825452631,-4.876452471,-0.969240537,-1.010474516,5.655417869,-0.317671054,-0.992402075,-13.6633141
4948,"Chiroptera","Phyllostomidae","Trinycteris nicefori",8.25,0.39,58,38,5429.578,NA,385.629,0.0710237517538195,NA,501.393,115.474,NA,1,1.666,260.889,NA,69.002,NA,2060.971,0.0923447457610886,NA,NA,NA,0,2,NA,NA,80,0,20,80,0,0,0,0,0,20,0,0,0,2,2,"S",1,0,0,0,1,1000,NA,NA,0,"Occurs on mainland",1,0,"Neotropical",1,0,0,0,0,1,1,0,0,0,0,0,0,0,0,0,1,0,1,0,0,1,0,0,0,0,0,0,0,0,0,1,0,0,"Trinycteris nicefori","Trinycteris nicefori",1,0,36.8734,6.276599993,38,NA,NA,NA,0,1,0,0,0.822411373,1.449047414,1.598495105,20.05779372,-49.93369223,-16.92375206,12.15608071,-20.5888042,-0.459397148,-9.121911287,0.835478256,7.644504256,-0.356335423,-3.083489348,-1.429390351,-6.965339436,-5.570087804,-0.404037585,-0.024840253,-7.686497745
5806,"Chiroptera","Vespertilionidae","Tylonycteris pachypus",4.1,0.077,55.873,26.24,1270.355,274.12,274.12,0.215782202612656,NA,365,90.88,NA,1.92,1,357.144,0.6,58.46,2.93,1391.848,0.287321260592512,0.280975609756098,NA,NA,1,2,NA,NA,100,0,0,100,0,0,0,0,0,0,0,0,0,1,3,"A",1,0,0,0,1,1262,0,1262,NA,"Occurs on mainland",NA,NA,"Indomalayan",2,1,0,0,0,0,1,0,0,0,0,0,0,0,1,0,0,0,1,0,0,1,0,0,0,0,0,0,0,0,0,1,0,0,"Tylonycteris pachypus","Tylonycteris pachypus",1,0,46.8817113,5.549999998,25.76666701,NA,NA,NA,0,1,0,0,1.345114332,1.888711214,1.839430207,33.20178091,35.61695492,-26.81766576,12.16020976,8.220932603,0.611322181,1.716769462,-2.660836186,4.678084237,12.61250137,9.932024382,-8.616280973,0.745462443,-0.063649762,-1.375098477,-0.493544345,0.717190344
7217,"Chiroptera","Vespertilionidae","Tylonycteris pygmaeus",NA,NA,NA,NA,NA,NA,NA,NA,NA,NA,NA,NA,NA,NA,NA,NA,NA,NA,NA,NA,NA,NA,NA,NA,NA,NA,NA,NA,NA,NA,NA,NA,NA,NA,NA,NA,NA,NA,NA,NA,NA,NA,NA,NA,NA,NA,NA,NA,NA,NA,NA,NA,NA,NA,NA,NA,NA,NA,NA,NA,NA,NA,NA,NA,NA,NA,0,0,0,0,0,0,0,0,1,0,0,0,0,0,0,1,0,0,0,0,0,0,0,0,"Tylonycteris pygmaeus","Tylonycteris pygmaeus",0,0,NA,NA,NA,NA,NA,NA,NA,NA,NA,NA,NA,NA,NA,33.19105264,35.63779117,-26.8981986,12.20244753,8.256949902,0.562004964,1.66457832,-2.613139312,4.618919866,12.55109651,9.939294548,-8.652247073,0.725037458,-0.070314569,-1.484119889,-0.536282308,0.70776368
5808,"Chiroptera","Vespertilionidae","Tylonycteris robustula",7.98,0.116,56.936,27.99,1190.205,140.97,140.97,0.11844178103772,NA,365,90.88,NA,2,1,346.651,1.25,44.161,6.44,1309.286,0.30666985939397,0.31328320802005,NA,NA,1,2,NA,NA,100,0,0,100,0,0,0,0,0,0,0,0,0,1,3,"A",1,0,0,0,1,1000,0,1000,1,"Occurs on mainland",1,0,"Indomalayan",2,1,0,0,0,0,1,0,0,0,0,0,0,0,1,0,0,0,1,0,0,1,0,0,0,0,0,0,0,0,0,1,0,0,"Tylonycteris robustula","Tylonycteris robustula",1,0,66.5,8.299999993,29.79999999,NA,NA,NA,0,1,0,0,0.916900035,1.825276542,2.34734537,33.20491229,35.61369651,-26.77045428,12.12995374,8.158564036,0.683933476,1.80324743,-2.761873498,4.789921484,12.69670866,9.90592482,-8.54938535,0.766111278,-0.064423936,-1.203338684,-0.475491377,0.718685965
5081,"Chiroptera","Phyllostomidae","Uroderma bilobatum",16.24,0.53,69,42.03,6305.431,NA,289.007,0.0458346146361763,NA,411.934,130.88,NA,1,2,218.211,NA,35.51,8.14,1905.883,0.0653300305720576,NA,NA,NA,0,2,NA,NA,10,0,90,10,0,0,0,0,0,80,10,0,0,1,2,"Ar",1,0,0,0,1,2600,0,2600,0,"Occurs on mainland",1,0,"Neotropical",2,0,1,0,0,0,1,0,0,0,0,0,0,0,0,0,1,0,1,1,0,0,0,0,0,0,0,0,0,0,0,0,0,0,"Uroderma bilobatum","Uroderma bilobatum",1,1,40.59580274,6.299999993,43.00000004,30.49999998,NA,NA,0,0,1,0,0.244304699,1.460793808,1.837024482,22.87396608,-48.84583997,-0.486401306,8.298297516,12.58380533,14.46165248,6.209021819,8.461477182,-6.052807448,2.059241446,1.704132033,1.103551603,0.00519366,-1.061856176,1.03510043,-10.09825441,2.175317612
5084,"Chiroptera","Phyllostomidae","Uroderma magnirostrum",17.3,0.567,70,41.49,5658.458,NA,385.537,0.0681346402147016,NA,515.045,116.839,NA,0.98,1.837,235.302,NA,47.335,NA,2092.559,0.0910221477299999,NA,NA,NA,0,2,NA,NA,10,0,90,10,0,0,0,0,0,80,10,0,0,1,2,"Ar",1,0,0,0,1,1000,NA,NA,0,"Occurs on mainland",1,0,"Neotropical",1,0,1,0,0,0,1,0,0,0,0,0,0,0,0,0,1,0,1,0,0,0,0,0,0,0,0,0,0,0,0,0,0,0,"Uroderma magnirostrum","Uroderma magnirostrum",1,0,42.5056,6.258500006,41.49000002,NA,NA,NA,0,0,1,0,0.444350359,1.667654683,2.078729131,22.83743397,-48.95524417,-0.882890294,8.481567275,11.7538692,14.6051406,5.876454356,8.890255208,-5.977692303,2.319007422,1.64493762,1.203445733,0.091224849,-0.965114249,1.001174386,-9.562926073,2.296695285
5086,"Chiroptera","Phyllostomidae","Vampyressa melissa",16.58,0.681,72.328,38,5471.918,NA,472.519,0.0863534504720283,NA,592.059,120.667,NA,0.98,1.689,246.56,NA,57.03,NA,2190,0.108199538077873,NA,NA,NA,0,2,NA,NA,0,0,100,0,0,0,0,0,0,100,0,0,0,1,1,"Ar",1,0,0,0,1,2763,1180,1583,0,"Occurs on mainland",1,0,"Neotropical",1,0,1,0,0,0,1,0,0,0,0,0,0,0,0,0,1,0,1,0,0,0,0,0,0,0,0,0,0,0,0,0,0,0,"Vampyressa melissa","Vampyressa melissa",1,0,NA,NA,38.00000003,NA,NA,NA,NA,NA,NA,NA,1.508478762,1.994051377,2.1820804,22.6505083,-49.50574887,-3.008927007,9.414078924,7.049833038,15.1703223,3.954882244,11.16838626,-5.602790204,3.751506116,1.32571531,1.815404227,0.778009842,-0.194575804,0.911988208,-6.698894973,3.09417531
5087,"Chiroptera","Phyllostomidae","Vampyressa pusilla",8.785,0.394,52.5,30.5,5998.314,NA,343.565,0.0572769281501435,NA,477.227,114.189,NA,0.98,2,247.388,3.81,41.518,NA,2089.688,0.0795601897466521,0.85003984063745,NA,NA,0,2,NA,NA,0,0,100,0,0,0,0,0,0,100,0,0,0,1,1,"Ar",1,0,0,0,1,NA,NA,NA,0,"Occurs on mainland",1,0,"Neotropical",NA,0,1,0,0,0,1,0,0,0,0,0,0,0,0,0,1,0,1,0,0,0,0,0,0,1,0,0,0,0,0,0,0,0,"Vampyressa pusilla","Vampyressa pusilla",0,0,45.67123639,6.240000005,30.49999998,NA,NA,NA,0,0,1,0,0.267906658,1.884029533,2.584305224,22.77153164,-49.19389595,-1.671027186,8.845770026,10.03924315,14.90702281,5.162191089,9.859314795,-5.846189969,2.944581533,1.485974417,1.530958086,0.387781769,-0.638630033,0.857003603,-8.302081465,2.633236861
5089,"Chiroptera","Phyllostomidae","Vampyressa thyone",8.77,0.396,52.5,31.5,6002.102,NA,341.809,0.0569482158083951,NA,475.054,114.08,NA,0.98,2,247.22,2.415,41.328,NA,2081.07,0.0791479385055436,0.539726339794755,NA,NA,0,2,NA,NA,0,0,100,NA,NA,NA,NA,NA,NA,NA,NA,NA,NA,1,1,"Ar",1,0,0,0,1,1000,NA,NA,0,"Occurs on mainland",1,0,"Neotropical",1,0,1,0,0,0,1,0,0,0,0,0,0,0,0,0,1,0,1,0,0,0,0,0,0,0,0,0,0,0,0,0,0,0,"Vampyressa thyone","Vampyressa thyone",1,0,NA,NA,31.50000002,NA,NA,NA,NA,NA,NA,NA,0.444350359,1.781274314,2.724009385,22.69484384,-49.41700649,-2.57540618,9.233480459,7.999893529,15.10734052,4.34369851,10.76524155,-5.688783049,3.484326679,1.380348911,1.711958094,0.636573178,-0.352981434,0.891421464,-7.207742271,2.938311618
5090,"Chiroptera","Phyllostomidae","Vampyriscus bidens",11.91,0.487,62,35.57,5749.193,NA,355.016,0.0617505796030852,NA,483.409,115.893,NA,0.99,1.866,244.131,0.61,54.526,NA,2056.8,0.0840829312914004,0.0946160705289673,NA,NA,0,2,NA,NA,0,0,100,0,0,0,0,0,0,100,0,0,0,1,1,"Ar",1,0,0,0,1,500,NA,NA,0,"Occurs on mainland",1,0,"Neotropical",1,0,1,0,0,0,1,0,0,0,0,0,0,0,0,0,1,0,1,0,0,0,0,0,0,0,0,0,0,0,0,0,0,0,"Vampyressa bidens","Vampyriscus bidens",1,0,43.807,6.384900004,35.56999998,NA,NA,NA,0,0,1,0,0.864478645,1.989488363,2.841826575,21.68667328,-50.26747121,-10.50564386,11.81197888,-9.866637937,12.57635056,-3.981775764,15.88412381,-1.930454189,10.23309487,-1.45174131,7.16257565,6.183267692,4.86686531,-3.444992102,3.722409046,5.287784467
5091,"Chiroptera","Phyllostomidae","Vampyriscus brocki",48,1.149,81.272,33.5,5701.138,NA,445.98,0.0782264874135655,NA,566.861,123.385,NA,0.991,1.673,246.847,NA,60.963,NA,2148.312,0.0994294472436906,NA,NA,NA,0,2,NA,NA,0,0,100,0,0,0,0,0,0,100,0,0,0,1,1,"Ar",1,0,0,0,1,NA,NA,NA,0,"Occurs on mainland",0,0,"Neotropical",1,0,1,0,0,0,1,0,0,0,0,0,0,0,0,0,1,0,1,0,0,0,0,0,0,0,0,0,0,0,0,0,0,0,"Vampyressa brocki","Vampyriscus brocki",1,0,NA,NA,33.5,NA,NA,NA,NA,NA,NA,NA,1.009857545,1.570767109,1.88712769,21.63505851,-50.25504534,-10.71367937,11.8962809,-10.14066235,12.5039303,-4.156182326,15.89421833,-1.651284866,10.46364541,-1.64610845,7.424200924,6.27120438,4.955784431,-3.713922301,4.318860854,5.158396014
5092,"Chiroptera","Phyllostomidae","Vampyriscus nymphaea",69,1.106,64,36.5,5748.662,NA,471.737,0.082060312469232,NA,588.785,124.792,NA,0.99,1.655,248.014,NA,63.18,NA,2156.711,0.102421224277928,NA,NA,NA,0,2,NA,NA,0,0,100,0,0,0,0,0,0,100,0,0,0,1,1,"Ar",1,0,0,0,1,NA,NA,NA,0,"Occurs on mainland",1,0,"Neotropical",1,0,1,0,0,0,1,0,0,0,0,0,0,0,0,0,1,0,1,0,0,0,0,0,0,0,0,0,0,0,0,0,0,0,"Vampyressa nymphaea","Vampyriscus nymphaea",1,0,48.59394857,5.93,36.49999996,4.500000002,NA,NA,0,0,1,0,0.316860968,1.96164578,2.506756586,21.66849957,-50.25569132,-10.57775187,11.83814895,-9.983349277,12.5386492,-4.061359667,15.89375493,-1.820499741,10.32470179,-1.530468944,7.266333513,6.218390466,4.905105369,-3.567999192,3.98036854,5.230870099
5093,"Chiroptera","Phyllostomidae","Vampyrodes caraccioli",35.89,0.947,84.5,52.05,6000.286,NA,331.964,0.0553246961894816,NA,454.729,114.095,NA,0.98,2,238.532,NA,47.583,NA,1991.33,0.0757845542695798,NA,NA,NA,0,2,NA,NA,0,0,100,0,0,0,0,0,0,100,0,0,0,1,1,"Ar",1,0,0,0,1,1000,NA,NA,0,"Occurs on mainland",1,0,"Neotropical",2,0,1,0,0,0,1,0,0,0,0,0,0,0,0,0,1,0,1,0,0,1,0,0,0,0,0,0,0,0,0,1,0,0,"Vampyrodes caraccioli","Vampyrodes caraccioli",1,0,43.0165006,6.500000005,54.49999997,3.000000002,NA,NA,0,0,1,0,0.787728414,1.85060549,2.924353294,22.59324889,-49.61155478,-3.486284633,9.624151028,6.118823451,15.27327474,3.570056921,11.62579578,-5.504253803,4.117999793,1.242055224,2.021674676,1.00632671,0.050290228,0.864839883,-6.08568754,3.337107704
5094,"Chiroptera","Phyllostomidae","Vampyrodes major",35.89,0.947,84.5,52.05,6138.177,NA,306.887,0.0499964403111869,NA,435.01,112.256,NA,0.98,2,231.973,NA,42.49,NA,1940.91,0.0708695757714383,NA,NA,NA,0,2,NA,NA,3,0,97,0,0,0,0,0,0,100,0,0,0,1,1,"Ar",1,0,0,0,1,850,15,835,NA,"Occurs on mainland",NA,NA,"Neotropical",2,0,1,0,0,0,1,0,0,0,0,0,0,0,0,0,1,0,1,0,0,1,0,0,0,0,0,0,0,0,0,1,0,0,NA,"Vampyrodes major",1,0,NA,NA,NA,NA,NA,NA,NA,NA,NA,NA,1.171765351,1.780611181,1.99430333,NA,NA,NA,NA,NA,NA,NA,NA,NA,NA,NA,NA,NA,NA,NA,NA,NA
5016,"Chiroptera","Phyllostomidae","Vampyrum spectrum",171.61,2.868,158,68.79,2372.5,NA,314.387,0.132512961011591,NA,400.794,135.693,NA,1,1.738,247.658,NA,99.968,NA,1505.155,0.168933192834563,NA,NA,NA,0,2,NA,NA,10,80,10,10,80,0,0,0,0,10,0,0,0,1,3,"G",1,0,0,0,1,1850,50,1800,0,"Occurs on mainland",1,0,"Neotropical",1,0,0,1,0,0,1,0,0,0,0,0,0,0,0,0,1,0,1,0,0,0,0,0,0,0,0,0,0,0,0,0,0,0,"Vampyrum spectrum","Vampyrum spectrum",1,0,34.0354994,5.400000002,108.7999999,1,0,NA,0,1,0,0,0.309888428,1.541983484,2.746612801,20.00354903,-49.88970975,-17.04079059,12.13976434,-20.66532767,-0.790829351,-9.155886346,0.461617971,7.709727841,-0.698047889,-3.010341763,-1.743867843,-7.231863381,-5.709111306,-0.294613543,-0.263324254,-7.709658343
5810,"Chiroptera","Vespertilionidae","Vespadelus baverstocki",4.3,0.811,61.876,30.08,908.091,NA,260.943,0.287353359960621,NA,344.078,79.834,NA,1.755,1.155,352.478,NA,44.263,NA,1391.408,0.378902554920157,NA,NA,NA,1,2,NA,NA,100,0,0,100,0,0,0,0,0,0,0,0,0,1,3,"A",1,0,0,0,1,NA,NA,NA,0,"Occurs on mainland",0,0,"Australasian",3,1,0,0,0,0,1,0,0,0,0,0,0,1,0,0,0,0,0,1,1,0,0,0,0,1,0,0,0,0,0,0,0,0,"Vespadelus baverstocki","Vespadelus baverstocki",0,0,NA,NA,NA,NA,NA,NA,NA,NA,NA,NA,0.041052193,0.185338494,0.220473936,33.11496781,36.57908159,-29.49154234,14.08065231,10.57864023,-1.936564236,-2.133977533,2.019540174,-1.924645291,0.7956164,3.052898054,-3.653943162,-0.326358177,-0.349876404,-6.338225591,-0.515945662,-1.19004433
5811,"Chiroptera","Vespertilionidae","Vespadelus caurinus",6.79,0.154,55.857,NA,91.25,NA,263.762,2.89054246575342,NA,353.882,86.83,NA,1.29,1.11,354.541,1.7,36.41,NA,1435.676,3.87815890410959,0.358502209131075,NA,NA,1,2,NA,NA,100,0,0,NA,NA,NA,NA,NA,NA,NA,NA,NA,NA,1,3,"A",1,0,0,0,1,NA,NA,NA,NA,"Occurs on mainland",NA,NA,"Australasian",5,1,0,0,0,0,1,0,0,0,0,0,0,1,0,0,0,0,1,1,1,1,0,0,1,0,0,0,0,0,0,0,0,0,"Vespadelus caurinus","Vespadelus caurinus",0,0,NA,NA,NA,NA,NA,NA,NA,NA,NA,NA,0.048493632,0.516092739,0.721018634,33.13458727,36.41488344,-29.31830006,13.81923133,10.37658801,-1.818443346,-1.754824376,1.657431915,-1.40318792,2.086428072,3.977099588,-4.421412238,-0.457070345,-0.27312407,-6.55769835,-0.666413313,-1.002887471
5812,"Chiroptera","Vespertilionidae","Vespadelus darlingtoni",6.06,0.173,57.168,34,91.25,NA,313.587,3.4365698630137,NA,384.164,93.167,NA,1,1.037,358.767,NA,47.964,NA,1561.062,4.21001643835616,NA,NA,NA,1,2,NA,NA,100,0,0,100,0,0,0,0,0,0,0,0,0,1,3,"A",1,0,0,0,1,NA,NA,NA,0,"Occurs on mainland",1,0,"Australasian",2,1,0,0,0,0,1,0,0,0,0,0,0,1,0,0,0,0,1,0,0,1,0,0,0,0,0,0,0,0,0,0,0,0,"Vespadelus darlingtoni","Vespadelus darlingtoni",1,0,33.61736042,6.500000005,34,NA,NA,NA,NA,NA,NA,NA,0.111124734,0.883638074,1.173182801,33.15503219,36.36093943,-29.21705824,13.69322233,10.27155236,-1.734361472,-1.558273613,1.461281018,-1.105230021,2.787193527,4.467491669,-4.826487272,-0.487086268,-0.235930774,-6.670030716,-0.779177477,-0.898610009
5813,"Chiroptera","Vespertilionidae","Vespadelus douglasorum",4.99,0.149,53.933,35.99,1987.062,NA,312.479,0.157256794201691,NA,375.81,86.594,NA,1.407,1.026,360.346,NA,46.798,NA,1591.273,0.189128472085924,NA,NA,NA,1,2,NA,NA,100,0,0,100,0,0,0,0,0,0,0,0,0,1,3,"A",1,0,0,0,1,NA,NA,NA,0,"Occurs on mainland",0,0,"Australasian",4,1,0,0,0,0,1,0,0,0,0,0,0,1,0,0,0,0,1,1,1,0,0,0,1,0,0,0,0,0,0,0,0,0,"Vespadelus douglasorum","Vespadelus douglasorum",0,0,NA,NA,NA,NA,NA,NA,NA,NA,NA,NA,0.160245575,0.327521881,0.429293156,33.12411871,36.54528496,-29.43771674,14.00870513,10.50973813,-1.883134321,-2.006697924,1.884036864,-1.733999307,1.223415747,3.350223661,-3.895373755,-0.347185991,-0.336799891,-6.393256968,-0.569834036,-1.139435553
5814,"Chiroptera","Vespertilionidae","Vespadelus finlaysoni",5,0.162,56.341,NA,91.25,NA,305.109,3.3436602739726,NA,376.924,93.466,NA,1.315,1.045,358.645,NA,50.766,NA,1514.115,4.13067397260274,NA,NA,NA,1,2,NA,NA,100,0,0,NA,NA,NA,NA,NA,NA,NA,NA,NA,NA,1,3,"A",1,0,0,0,1,NA,NA,NA,NA,"Occurs on mainland",NA,NA,"Australasian",6,1,0,0,0,0,1,0,0,0,0,0,0,1,0,0,0,0,1,1,1,1,0,0,1,1,0,0,0,0,0,0,0,0,"Vespadelus finlaysoni","Vespadelus finlaysoni",0,0,NA,NA,NA,NA,NA,NA,NA,NA,NA,NA,0.037478706,0.181391467,0.226048415,33.08393492,36.62983431,-29.61163263,14.2315325,10.71906794,-2.032033596,-2.381336904,2.296266165,-2.335149037,-0.205157561,2.306320396,-3.022346289,-0.297502501,-0.363671309,-6.125244815,-0.366650417,-1.296255101
5815,"Chiroptera","Vespertilionidae","Vespadelus pumilus",5.4,0.122,54.692,31.5,3549.924,420.91,420.91,0.118568735556029,NA,397.211,89.261,NA,1.21,1,363.061,0.83,46.6,3.37,1696.639,0.111892817987089,0.185981481481481,NA,NA,1,2,NA,NA,100,0,0,100,0,0,0,0,0,0,0,0,0,1,3,"A",1,0,0,0,1,NA,NA,NA,0,"Occurs on mainland",0,0,"Australasian",1,1,0,0,0,0,1,0,0,0,0,0,0,1,0,0,0,0,1,0,0,0,0,0,0,0,0,0,0,0,0,0,0,0,"Vespadelus pumilus","Vespadelus pumilus",1,0,33.924774,6.383111111,31.5,NA,NA,NA,NA,NA,NA,NA,0.049182435,0.941092935,1.212822085,33.15219897,36.40458966,-29.26752359,13.76487419,10.33027685,-1.770866739,-1.6619096,1.561140962,-1.246489042,2.466255486,4.250201701,-4.648123659,-0.454899175,-0.260756014,-6.633706198,-0.735425742,-0.950812514
5816,"Chiroptera","Vespertilionidae","Vespadelus regulus",5.05,0.189,59.067,30.09,4067.368,NA,365.221,0.0897929570179045,NA,430.629,91.93,NA,1,1,362.161,NA,60.41,NA,1905.114,0.105874118102911,NA,NA,NA,1,2,NA,NA,100,0,0,100,0,0,0,0,0,0,0,0,0,1,3,"A",1,0,0,0,1,NA,NA,NA,0,"Occurs on mainland",1,0,"Australasian",2,1,0,0,0,0,1,0,0,0,0,0,0,1,0,0,0,0,1,0,1,1,0,0,0,0,0,0,0,0,0,1,0,0,"Vespadelus regulus","Vespadelus regulus",0,0,37.16618005,6.800000005,30.09,NA,NA,NA,NA,NA,NA,NA,0.061719714,0.819230306,1.124304713,33.12305931,36.54028449,-29.42289178,13.99872494,10.49379343,-1.861448425,-1.969536722,1.831856812,-1.648069508,1.444978203,3.540547964,-4.074380859,-0.330906975,-0.33893327,-6.453518408,-0.600640508,-1.11173121
5817,"Chiroptera","Vespertilionidae","Vespadelus troughtoni",5.5,0.171,58.894,NA,91.25,NA,293.584,3.21735890410959,NA,367.695,92.58,NA,1.418,1.054,357.21,NA,46.392,NA,1466.855,4.02953424657534,NA,NA,NA,1,2,NA,NA,100,0,0,NA,NA,NA,NA,NA,NA,NA,NA,NA,NA,1,3,"A",1,0,0,0,1,NA,NA,NA,NA,"Occurs on mainland",NA,NA,"Australasian",2,1,0,0,0,0,1,0,0,0,0,0,0,1,0,0,0,0,1,0,0,0,0,0,1,0,0,0,0,0,0,0,0,0,"Vespadelus troughtoni","Vespadelus troughtoni",1,0,NA,NA,NA,NA,NA,NA,NA,NA,NA,NA,0.195126105,0.629534932,0.823327428,33.13128022,36.47488484,-29.35527067,13.89226687,10.41825792,-1.834679011,-1.844919675,1.726752176,-1.504380546,1.791247943,3.759796317,-4.236858156,-0.401439546,-0.304893239,-6.488857884,-0.644612913,-1.054729429
5818,"Chiroptera","Vespertilionidae","Vespadelus vulturnus",3.77,0.157,58.151,26.88,212.917,NA,302.587,1.42115002559683,NA,370.317,92.256,NA,1,1,359.338,NA,48.089,NA,1498.074,1.73925520273158,NA,NA,NA,1,2,NA,NA,100,0,0,100,0,0,0,0,0,0,0,0,0,1,3,"A",1,0,0,0,1,NA,NA,NA,0,"Occurs on mainland",1,0,"Australasian",1,1,0,0,0,0,1,0,0,0,0,0,0,1,0,0,0,0,1,0,0,0,0,0,0,0,0,0,0,0,0,0,0,0,"Vespadelus vulturnus","Vespadelus vulturnus",1,0,38.76523931,7.499999993,26.88,NA,NA,NA,NA,NA,NA,NA,0.061229178,0.556040096,0.770743153,33.10009325,36.59624224,-29.53175737,14.14196787,10.63512035,-1.981979958,-2.249861313,2.148368696,-2.116782663,0.324316972,2.69795774,-3.351067702,-0.312883898,-0.35790092,-6.238515672,-0.44545654,-1.246862036
5819,"Chiroptera","Vespertilionidae","Vespertilio murinus",15.71,0.445,63,44.84,4380,371.23,371.23,0.0847557077625571,NA,422.3,52.14,NA,1.5,1,356.853,NA,94.29,NA,1599.654,0.0964155251141553,NA,NA,NA,1,2,NA,NA,100,0,0,100,0,0,0,0,0,0,0,0,0,1,3,"A",1,0,0,0,1,3000,0,3000,0,"Occurs on mainland",1,1,"Palearctic",7,1,0,0,0,0,1,0,0,0,1,0,0,0,0,0,0,0,1,0,1,1,0,1,1,1,0,0,0,0,0,1,0,0,"Vespertilio murinus","Vespertilio murinus",1,0,45.18915547,7,44.84000001,54.99999994,1,NA,0,0,0,1,0.055981523,1.251352524,1.573251791,33.07771434,36.630205,-29.66173806,14.26587535,10.76906698,-2.085818335,-2.475026873,2.43234106,-2.562463089,-0.804526717,1.785096538,-2.529641522,-0.34302943,-0.350354196,-5.8845239,-0.26473687,-1.337572952
5820,"Chiroptera","Vespertilionidae","Vespertilio sinensis",24.3,0.315,76.908,48.5,879.042,NA,293.823,0.334253653409052,NA,358.139,52.14,NA,2,1.346,320.937,2.16,34.99,11.47,1341.934,0.407419668229732,0.239288888888889,NA,NA,1,2,NA,NA,100,0,0,100,0,0,0,0,0,0,0,0,0,1,3,"A",1,0,0,0,1,NA,NA,NA,0,"Occurs on mainland",1,0,"Palearctic",7,1,0,0,0,0,1,0,0,0,1,0,0,0,0,0,0,0,1,0,1,1,1,1,1,1,0,0,0,0,1,1,0,0,"Vespertilio sinensis","Vespertilio sinensis",1,0,NA,NA,48.50000004,NA,NA,NA,NA,NA,NA,NA,0.58873331,1.799446477,2.14463019,33.08363398,36.63750853,-29.64739073,14.25407615,10.75030366,-2.058487785,-2.425687787,2.358494584,-2.436265105,-0.461764454,2.087810833,-2.81803768,-0.317108954,-0.359014583,-6.036071416,-0.318896146,-1.321284054
4968,"Chiroptera","Phyllostomidae","Xeronycteris vieirai",13.3,0.503,66.142,NA,5127.796,NA,446.085,0.086993515342654,NA,559.563,116.087,NA,0.986,1.639,247.278,NA,64.779,NA,2111.65,0.109123490872102,NA,NA,NA,0,2,NA,NA,0,0,100,NA,NA,NA,NA,NA,NA,NA,NA,NA,NA,1,1,"Ar",1,0,0,0,1,NA,NA,NA,NA,"Occurs on mainland",NA,NA,"Neotropical",2,0,1,0,0,0,1,0,0,0,0,0,0,0,0,0,1,0,1,1,0,0,0,0,0,0,0,0,0,0,0,0,0,0,"Xeronycteris vieirai","Xeronycteris vieirai",0,0,NA,NA,NA,NA,NA,NA,NA,NA,NA,NA,0.23380538,0.23380538,0.23380538,22.9582689,-48.54912682,0.517592366,7.828631092,14.71909722,14.02016269,7.019478819,7.318186862,-6.169014757,1.455733322,1.818264928,0.923297336,-0.155142676,-1.23425093,1.084878409,-11.40253432,2.00398275
